-- MySQL dump 10.13  Distrib 8.0.16, for macos10.14 (x86_64)
--
-- Host: 127.0.0.1    Database: TitanDB
-- ------------------------------------------------------
-- Server version	8.0.16

/*!40101 SET @OLD_CHARACTER_SET_CLIENT=@@CHARACTER_SET_CLIENT */;
/*!40101 SET @OLD_CHARACTER_SET_RESULTS=@@CHARACTER_SET_RESULTS */;
/*!40101 SET @OLD_COLLATION_CONNECTION=@@COLLATION_CONNECTION */;
 SET NAMES utf8 ;
/*!40103 SET @OLD_TIME_ZONE=@@TIME_ZONE */;
/*!40103 SET TIME_ZONE='+00:00' */;
/*!40014 SET @OLD_UNIQUE_CHECKS=@@UNIQUE_CHECKS, UNIQUE_CHECKS=0 */;
/*!40014 SET @OLD_FOREIGN_KEY_CHECKS=@@FOREIGN_KEY_CHECKS, FOREIGN_KEY_CHECKS=0 */;
/*!40101 SET @OLD_SQL_MODE=@@SQL_MODE, SQL_MODE='NO_AUTO_VALUE_ON_ZERO' */;
/*!40111 SET @OLD_SQL_NOTES=@@SQL_NOTES, SQL_NOTES=0 */;

--
-- Table structure for table `action`
--

DROP TABLE IF EXISTS `action`;
/*!40101 SET @saved_cs_client     = @@character_set_client */;
 SET character_set_client = utf8mb4 ;
CREATE TABLE `action` (
  `id` bigint(20) NOT NULL AUTO_INCREMENT,
  `loc` varchar(255) DEFAULT NULL,
  `name` varchar(255) DEFAULT NULL,
  PRIMARY KEY (`id`)
) ENGINE=InnoDB AUTO_INCREMENT=9 DEFAULT CHARSET=utf8mb4 COLLATE=utf8mb4_0900_ai_ci;
/*!40101 SET character_set_client = @saved_cs_client */;

--
-- Dumping data for table `action`
--

LOCK TABLES `action` WRITE;
/*!40000 ALTER TABLE `action` DISABLE KEYS */;
INSERT INTO `action` VALUES (1,'Leer','Read'),(2,'Modificar','Write'),(3,'Eliminar','Delete'),(4,'Leer todo','ReadAll'),(5,'Leer propio','ReadMine'),(6,'Modificar todo','WriteAll'),(7,'Modificar propio','WriteMine'),(8,'Crear','Create');
/*!40000 ALTER TABLE `action` ENABLE KEYS */;
UNLOCK TABLES;

--
-- Table structure for table `app_user`
--

DROP TABLE IF EXISTS `app_user`;
/*!40101 SET @saved_cs_client     = @@character_set_client */;
 SET character_set_client = utf8mb4 ;
CREATE TABLE `app_user` (
  `id` bigint(20) NOT NULL AUTO_INCREMENT,
  `bill_name` varchar(255) DEFAULT NULL,
  `cellphone` varchar(255) DEFAULT NULL,
  `email` varchar(255) DEFAULT NULL,
  `first_name` varchar(255) DEFAULT NULL,
  `full_name` varchar(255) DEFAULT NULL,
  `id_app_user` bigint(20) DEFAULT NULL,
  `id_company` bigint(20) DEFAULT NULL,
  `id_make_sale_warehouse` bigint(20) DEFAULT NULL,
  `id_sale_form` bigint(20) DEFAULT NULL,
  `id_shift` bigint(20) DEFAULT NULL,
  `in_shift` bit(1) DEFAULT NULL,
  `last_name` varchar(255) DEFAULT NULL,
  `location` varchar(255) DEFAULT NULL,
  `password` varchar(255) DEFAULT NULL,
  `purchase_count` int(11) DEFAULT NULL,
  `role` varchar(255) DEFAULT NULL,
  `sale_count` int(11) DEFAULT NULL,
  `second_last_name` varchar(255) DEFAULT NULL,
  `second_name` varchar(255) DEFAULT NULL,
  `shift_count` int(11) DEFAULT NULL,
  `username` varchar(255) DEFAULT NULL,
  PRIMARY KEY (`id`)
) ENGINE=InnoDB AUTO_INCREMENT=2 DEFAULT CHARSET=utf8mb4 COLLATE=utf8mb4_0900_ai_ci;
/*!40101 SET character_set_client = @saved_cs_client */;

--
-- Dumping data for table `app_user`
--

LOCK TABLES `app_user` WRITE;
/*!40000 ALTER TABLE `app_user` DISABLE KEYS */;
INSERT INTO `app_user` VALUES (1,'Vino','73567281','max.vinsum@gmail.com','Maximilian Jediael','Maximilian Jedael Vino Sumi',NULL,1,NULL,NULL,2,_binary '','','Av.Ballivian #1643','$2a$10$R3pfvUn6W8RluS5MEpm0WubzMbpYNa6Aje.33PlF9FVoj11B0Wm2m',0,'admin',6,'','Vino Sumi',2,'max');
/*!40000 ALTER TABLE `app_user` ENABLE KEYS */;
UNLOCK TABLES;

--
-- Table structure for table `app_user_module_action`
--

DROP TABLE IF EXISTS `app_user_module_action`;
/*!40101 SET @saved_cs_client     = @@character_set_client */;
 SET character_set_client = utf8mb4 ;
CREATE TABLE `app_user_module_action` (
  `id` bigint(20) NOT NULL AUTO_INCREMENT,
  `enabled` bit(1) DEFAULT NULL,
  `id_app_user` bigint(20) DEFAULT NULL,
  `id_module_action` bigint(20) DEFAULT NULL,
  PRIMARY KEY (`id`)
) ENGINE=InnoDB AUTO_INCREMENT=39 DEFAULT CHARSET=utf8mb4 COLLATE=utf8mb4_0900_ai_ci;
/*!40101 SET character_set_client = @saved_cs_client */;

--
-- Dumping data for table `app_user_module_action`
--

LOCK TABLES `app_user_module_action` WRITE;
/*!40000 ALTER TABLE `app_user_module_action` DISABLE KEYS */;
INSERT INTO `app_user_module_action` VALUES (1,_binary '',1,1),(2,_binary '',1,2),(3,_binary '',1,3),(4,_binary '',1,4),(5,_binary '',1,5),(6,_binary '',1,6),(7,_binary '',1,7),(8,_binary '',1,8),(9,_binary '',1,9),(10,_binary '',1,10),(11,_binary '',1,11),(12,_binary '',1,12),(13,_binary '',1,13),(14,_binary '',1,14),(15,_binary '',1,15),(16,_binary '',1,16),(17,_binary '',1,17),(18,_binary '',1,18),(19,_binary '',1,19);
/*!40000 ALTER TABLE `app_user_module_action` ENABLE KEYS */;
UNLOCK TABLES;

--
-- Table structure for table `patient`
--

DROP TABLE IF EXISTS `patient`;
/*!40101 SET @saved_cs_client     = @@character_set_client */;
 SET character_set_client = utf8mb4 ;
CREATE TABLE `patient` (
  `id` bigint(20) NOT NULL AUTO_INCREMENT,
  `bill_name` varchar(255) DEFAULT NULL,
  `cellphone` varchar(255) DEFAULT NULL,
  `ci` varchar(255) DEFAULT NULL,
  `email` varchar(255) DEFAULT NULL,
  `first_name` varchar(255) DEFAULT NULL,
  `full_name` varchar(255) DEFAULT NULL,
  `id_app_user` bigint(20) DEFAULT NULL,
  `id_company` bigint(20) DEFAULT NULL,
  `last_name` varchar(255) DEFAULT NULL,
  `last_sale_time_stamp` datetime(6) DEFAULT NULL,
  `location` varchar(255) DEFAULT NULL,
  `nit` varchar(255) DEFAULT NULL,
  `sale_count` int(11) DEFAULT NULL,
  `telephone` varchar(255) DEFAULT NULL,
  PRIMARY KEY (`id`)
) ENGINE=InnoDB AUTO_INCREMENT=3 DEFAULT CHARSET=utf8mb4 COLLATE=utf8mb4_0900_ai_ci;
/*!40101 SET character_set_client = @saved_cs_client */;

--
-- Dumping data for table `patient`
--

LOCK TABLES `patient` WRITE;
/*!40000 ALTER TABLE `patient` DISABLE KEYS */;
INSERT INTO `patient` VALUES (1,'Paredes','70000000',NULL,NULL,'Sol','Paredes Sol',NULL,1,'Paredes','2020-06-13 14:17:21.833549',NULL,'12345',2,NULL),(2,'Paredes','70000001',NULL,NULL,'Emilian','Paredes Emilian',NULL,1,'Paredes','2020-01-26 19:03:36.170000',NULL,'123456',4,NULL);
/*!40000 ALTER TABLE `patient` ENABLE KEYS */;
UNLOCK TABLES;

--
-- Table structure for table `company`
--

DROP TABLE IF EXISTS `company`;
/*!40101 SET @saved_cs_client     = @@character_set_client */;
 SET character_set_client = utf8mb4 ;
CREATE TABLE `company` (
  `id` bigint(20) NOT NULL AUTO_INCREMENT,
  `app_user_count` int(11) DEFAULT NULL,
  `cellphone` varchar(255) DEFAULT NULL,
  `city` varchar(255) DEFAULT NULL,
  `client_count` int(11) DEFAULT NULL,
  `country` varchar(255) DEFAULT NULL,
  `descripcion` varchar(255) DEFAULT NULL,
  `name` varchar(255) DEFAULT NULL,
  `nit` varchar(255) DEFAULT NULL,
  `purchase_count` int(11) DEFAULT NULL,
  `sale_count` int(11) DEFAULT NULL,
  `item_count` int(11) DEFAULT NULL,
  `supplier_count` int(11) DEFAULT NULL,
  PRIMARY KEY (`id`)
) ENGINE=InnoDB AUTO_INCREMENT=3 DEFAULT CHARSET=utf8mb4 COLLATE=utf8mb4_0900_ai_ci;
/*!40101 SET character_set_client = @saved_cs_client */;

--
-- Dumping data for table `company`
--

LOCK TABLES `company` WRITE;
/*!40000 ALTER TABLE `company` DISABLE KEYS */;
INSERT INTO `company` VALUES (1,2,NULL,'La Paz',8,'Bolivia',NULL,'Sabonis','10905627',NULL,6,NULL,NULL),(2,0,NULL,'Cochabamba',0,'Bolivia',NULL,'Sabonis','10905627',NULL,0,NULL,NULL);
/*!40000 ALTER TABLE `company` ENABLE KEYS */;
UNLOCK TABLES;

--
-- Table structure for table `currency`
--

DROP TABLE IF EXISTS `currency`;
/*!40101 SET @saved_cs_client     = @@character_set_client */;
 SET character_set_client = utf8mb4 ;
CREATE TABLE `currency` (
  `id` bigint(20) NOT NULL AUTO_INCREMENT,
  `abbreviation` varchar(255) DEFAULT NULL,
  `name` varchar(255) DEFAULT NULL,
  PRIMARY KEY (`id`)
) ENGINE=InnoDB AUTO_INCREMENT=3 DEFAULT CHARSET=utf8mb4 COLLATE=utf8mb4_0900_ai_ci;
/*!40101 SET character_set_client = @saved_cs_client */;

--
-- Dumping data for table `currency`
--

LOCK TABLES `currency` WRITE;
/*!40000 ALTER TABLE `currency` DISABLE KEYS */;
INSERT INTO `currency` VALUES (1,'BOB','Bolivianos'),(2,'USD','Dollar');
/*!40000 ALTER TABLE `currency` ENABLE KEYS */;
UNLOCK TABLES;

--
-- Table structure for table `item`
--

DROP TABLE IF EXISTS `item`;
/*!40101 SET @saved_cs_client     = @@character_set_client */;
 SET character_set_client = utf8mb4 ;
CREATE TABLE `item` (
  `id` bigint(20) NOT NULL AUTO_INCREMENT,
  `code` varchar(255) DEFAULT NULL,
  `conversion` varchar(255) DEFAULT NULL,
  `description` varchar(255) DEFAULT NULL,
  `name` varchar(255) DEFAULT NULL,
  `photo` varchar(255) DEFAULT NULL,
  PRIMARY KEY (`id`)
) ENGINE=InnoDB AUTO_INCREMENT=1914 DEFAULT CHARSET=utf8mb4 COLLATE=utf8mb4_0900_ai_ci;
/*!40101 SET character_set_client = @saved_cs_client */;

--
-- Dumping data for table `item`
--

LOCK TABLES `item` WRITE;
/*!40000 ALTER TABLE `item` DISABLE KEYS */;
INSERT INTO `item` VALUES (1,'PA101-3','hojas','Papel cebolla resma',NULL,NULL),(2,'PA101-2','hojas','Papel cebolla oficio',NULL,NULL),(3,'PA100','hojas','Papel fotografico mate',NULL,NULL),(4,'PA104-1','hojas','Acetato oficio',NULL,NULL),(5,'PA104-2','hojas','Acetato carta',NULL,NULL),(6,'PA102-1','hojas','Papel carbonico oficio',NULL,NULL),(7,'PA103-2','hojas','Papel marquilla carta  x25',NULL,NULL),(8,'PA103-1','hojas','Papel marquilla oficio  x25',NULL,NULL),(9,'PA105-3','hojas','Papel sabana resma',NULL,NULL),(10,'PA105-1','hojas',' hojas sabana oficio  x25',NULL,NULL),(11,'PA105-2','hojas',' hojas sabana carta  x25',NULL,NULL),(12,'PA1050','paq',' paq. Sabana oficio  ',NULL,NULL),(13,'PA105C','paq',' paq. Sabana carta',NULL,NULL),(14,'PA106-3','hojas',' hoja duplex resma',NULL,NULL),(15,'PA106-1','hojas',' hoja duplex oficio',NULL,NULL),(16,'PA107-3','hojas',' hoja triplex resma',NULL,NULL),(17,'PA107-1','hojas',' hoja triplex oficio',NULL,NULL),(18,'PA108','hojas',' hoja papel adhesivo oficio',NULL,NULL),(19,'CA100-1','hojas',' hoja cartulina hilada oficio',NULL,NULL),(20,'CA100','hojas',' hoja cartulina hilada 30x30',NULL,NULL),(21,'CA101-3','hojas',' hoja cartulina full color resma',NULL,NULL),(22,'CA101-1','hojas',' hoja cartulina full color oficio',NULL,NULL),(23,'CA101-2','hojas',' hoja cartulina full color carta',NULL,NULL),(24,'CA102-3','hojas',' cartulina resma',NULL,NULL),(25,'CA102-1','hojas',' cartulina oficio',NULL,NULL),(26,'PA109','hojas',' papel arana',NULL,NULL),(27,'PA110','hojas',' papel para forro',NULL,NULL),(28,'PA111-A','hojas',' papel de regalo grande',NULL,NULL),(29,'PA111-B','hojas',' papel de regalo pequeno',NULL,NULL),(30,'PA112','hojas',' papel estanado',NULL,NULL),(31,'PA113','hojas',' papel lustroso',NULL,NULL),(32,'CA103-A','hojas',' carton corrugado con diseno',NULL,NULL),(33,'CA103-B','hojas',' carton corrugado metalizado',NULL,NULL),(34,'PA114','hojas',' papel canson A3',NULL,NULL),(35,'PA115','hojas',' papel 3D',NULL,NULL),(36,'PA116','hojas',' papel celofan',NULL,NULL),(37,'PA117','hojas',' papel tornasol',NULL,NULL),(38,'PA118','hojas',' papel craft',NULL,NULL),(39,'PA119','hojas',' papel periodico',NULL,NULL),(40,'PA120','hojas',' papel aguayo',NULL,NULL),(41,'PA121','hojas',' papel madera',NULL,NULL),(42,'PA122-3','hojas',' papel bond resma',NULL,NULL),(43,'PA122-1','paq',' paquete chamex oficio',NULL,NULL),(44,'PA122-251','hojas','25 hojas chamex oficio',NULL,NULL),(45,'PA122-2','paq',' paquete chamex carta',NULL,NULL),(46,'PA122-252','hojas','25 hojas chamex carta',NULL,NULL),(47,'PA122-4A','paq',' paquete chamex A4',NULL,NULL),(48,'PA122-25A4','hojas','25 hojas chamex A4',NULL,NULL),(49,'PA123-1','paq','paquete hojas de color oficio',NULL,NULL),(50,'PA123-251','hojas','25 hojas de color oficio',NULL,NULL),(51,'PA123-2','paq','paquete hojas de color carta',NULL,NULL),(52,'PA123-252','hojas','25 hojas de color carta',NULL,NULL),(53,'PA124-251','hojas','25 hojas bond doble oficio',NULL,NULL),(54,'PA124-252','hojas','25 hojas bond doble carta',NULL,NULL),(55,'CA104-1','hojas','hoja cartulina doble oficio',NULL,NULL),(56,'CA104-2','hojas','hoja cartulina doble carta',NULL,NULL),(57,'CA105-1','hojas','hoja cartrulina con brillo oficio',NULL,NULL),(58,'PA125','paq','Hojas traper genesis ',NULL,NULL),(59,'PA126-D','hojas',' papel crepe normal',NULL,NULL),(60,'PA126-B','Set',' papel crepe con diseno',NULL,NULL),(61,'PA126-C','hojas',' papel crepe fluorescente',NULL,NULL),(62,'PA126-A','hojas',' papel crepe metalizado',NULL,NULL),(63,'PA127','hojas',' papel seda',NULL,NULL),(64,'PA128','block',' block milimetrado',NULL,NULL),(65,'PA129-A','paq',' paq. Hojas traper rayado',NULL,NULL),(66,'PA129-B','paq',' paq. hojas traper cuadriculado',NULL,NULL),(67,'PA130-2','block',' block cuadernillo carta',NULL,NULL),(68,'PA130-1','block',' block cuadernillo oficio',NULL,NULL),(69,'PA130-2E','block',' block cuadernillo Elva carta',NULL,NULL),(70,'PA130-1E','block',' block cuadernillo Elva oficio',NULL,NULL),(71,'PA130','block',' block cuadernillo sin margen oficio',NULL,NULL),(72,'PA131','paq',' paquete hojas de carpeta normal',NULL,NULL),(73,'PA131-25','hojas','25 hojas carpeta normal',NULL,NULL),(74,'PA131-E','paq',' paquete hojas de carpeta Elva',NULL,NULL),(75,'PA131-25E','hojas','25 hojas de carpeta Elva',NULL,NULL),(76,'PA131-B','paq',' paquete hojas de carpeta blancas',NULL,NULL),(77,'PA131-25B','hojas','25 hojas de carpeta blancas',NULL,NULL),(78,'PA131-R','paq',' paquete de hojas rayada',NULL,NULL),(79,'PA131-25R','hojas','25 hojas de carpeta rayada',NULL,NULL),(80,'PA131-C','paq',' paquete hojas de carpeta color',NULL,NULL),(81,'PA131-25C','hojas','25 hojas de carpeta color',NULL,NULL),(82,'PA131-G','paq','pq. Hojas de carpeta genesis (500)',NULL,NULL),(83,'PA131-25G','hojas','25 hojas de carpeta Genesis',NULL,NULL),(84,'PA132','rollos','papel adhesivo para forro ',NULL,NULL),(85,'PO100','mts','metro Vinitan',NULL,NULL),(86,'PO101','mts','metro Nylon',NULL,NULL),(87,'PA133-F','hojas','papel Fluor',NULL,NULL),(88,'PA134-D','rollos','papel adhesivo con diseno',NULL,NULL),(89,'CU200-G','unid.','Cuaderno Genesis',NULL,NULL),(90,'CU202-2T','unid.',' cuaderno carta TOP',NULL,NULL),(91,'CU202-2LE','unid.',' cuaderno carta LIDER ECO',NULL,NULL),(92,'CU202-2TC','unid.',' cuaderno carta TOP color',NULL,NULL),(93,'CU202-2G','unid.',' cuaderno carta GENESIS ',NULL,NULL),(94,'CU202-2T3D','unid.',' cuaderno carta TOP 3D',NULL,NULL),(95,'CU202-2T200','unid.',' cuaderno carta 200 hojas TOP',NULL,NULL),(96,'CU202-2HB','unid.',' cuaderno carta hojas blancas',NULL,NULL),(97,'CU202-2E','unid.',' cuaderno carta ELVA',NULL,NULL),(98,'CU202-2R','unid.',' cuaderno carta RAYADO',NULL,NULL),(99,'CU202-2TR','unid.',' cuaderno carta rayado TOP',NULL,NULL),(100,'CU202-25B','unid.',' cuaderno 5B carta',NULL,NULL),(101,'CU202-2YC','unid.',' cuaderno YC carta',NULL,NULL),(102,'CU202-2SBE','unid.',' cuaderno SBE carta',NULL,NULL),(103,'CU202-2CG','unid.',' cuaderno COLLEGE carta',NULL,NULL),(104,'CU202-1T','unid.',' cuaderno TOP oficio',NULL,NULL),(105,'CU202-W','unid.','cuaderno WINNER',NULL,NULL),(106,'CU202-T','unid.',' cuaderno TOP ',NULL,NULL),(107,'CU202-LE','unid.',' cuaderno LIDER ECO',NULL,NULL),(108,'CU202-T200','unid.',' cuaderno TOP 200 h.',NULL,NULL),(109,'CU202-E','unid.',' cuaderno ELVA',NULL,NULL),(110,'CU202-EL','unid.',' cuaderno ELVA LIDER',NULL,NULL),(111,'CU202-SB','unid.',' cuaderno SB (clasic)',NULL,NULL),(112,'CU202-YC','unid.',' cuaderno YC ',NULL,NULL),(113,'CU202-ES','unid.',' cuaderno ESTILO',NULL,NULL),(114,'CU202-50','unid.',' cuaderno 50 hojas',NULL,NULL),(115,'LB100-SB','unid.',' Libreta SB',NULL,NULL),(116,'LB100-ABCC','unid.',' Libreta ABC color',NULL,NULL),(117,'LB100-ABC','unid.',' Libreta ABC ',NULL,NULL),(118,'CU202-2CL','unid.','Cuaderno carta Clasic',NULL,NULL),(119,'CU202-2W','unid.','Cuaderno carta Winer',NULL,NULL),(120,'AG00A','unid.','Agenda A',NULL,NULL),(121,'AG00B','unid.','Agenda B',NULL,NULL),(122,'LB100-LE','unid.','Libreta con lentejuelas',NULL,NULL),(123,'AG00U','unid.',' Agenda UNICA ',NULL,NULL),(124,'AG00P','unid.',' Agenda PERPETUA',NULL,NULL),(125,'CU202-PE','unid.',' Cuaderno pentagramado',NULL,NULL),(126,'CU202-DI','unid.',' Cuaderno de dibujo',NULL,NULL),(127,'CA001','unid.',' Cancionero Patriotico',NULL,NULL),(128,'CU202-CF','unid.',' Cuaderno de Caligrafia',NULL,NULL),(129,'LB101-TC','unid.',' Tapa de Carpeta',NULL,NULL),(130,'LB102-FE','unid.',' Fabula de Esopo',NULL,NULL),(131,'LB103-DS','unid.',' Diccionario Sopena',NULL,NULL),(132,'LB104-D0','unid.',' Diccionario Oxford',NULL,NULL),(133,'LB105-DA','unid',' Diccionario Aymara',NULL,NULL),(134,'LB106-TP','unid',' Tabla Periodica',NULL,NULL),(135,'LB107-TM','unid',' Tabla de Multiplicar',NULL,NULL),(136,'LB108-HR','unid',' Horario',NULL,NULL),(137,'LB109-CE','unid',' Calendario Escolar',NULL,NULL),(138,'SM300-1/21','unid',' Sobre manila 1/2 oficio',NULL,NULL),(139,'SM300-2','unid',' Sobre manila carta',NULL,NULL),(140,'SM300-1','unid',' Sobre manila oficio',NULL,NULL),(141,'SM300-22','unid',' Sobre manila doble carta',NULL,NULL),(142,'SM300-21','unid',' Sobre manila doble oficio',NULL,NULL),(143,'CU202-CI','unid',' Cuaderno Inicial',NULL,NULL),(144,'CU202-PP','unid',' Cuaderno para Pintar',NULL,NULL),(145,'LB110-FC','unid',' Libro de Fechas Civicas',NULL,NULL),(146,'LB111-LP','unid',' Libro de Poemas',NULL,NULL),(147,'LB112-DI','unid','Dicionario Inteligente',NULL,NULL),(148,'LB113-JH','unid','Dicionario Inteligente Junior',NULL,NULL),(149,'LB114-CA','unid','Tapa de Carpeta Alquimia',NULL,NULL),(150,'MO001','bloc',' Mosaico Celofan',NULL,NULL),(151,'MO04-F12','bloc',' Mosaico Fluorecente 12x12',NULL,NULL),(152,'MO04-D15','bloc',' Mosaico con diseno 15x15',NULL,NULL),(153,'MO04-12','bloc',' Mosaico 12x12',NULL,NULL),(154,'MO04-15','bloc',' Mosaico 15x15',NULL,NULL),(155,'MO04-20','bloc',' Mosaico 20x20',NULL,NULL),(156,'MO04-25','bloc',' Mosaico 25x25',NULL,NULL),(157,'MO04-1','bloc',' Mosaico oficio',NULL,NULL),(158,'LB115-F1','pq',' Paquete Fundas Oficio',NULL,NULL),(159,'LB116-F2','pq',' Paquete Fundas Carta',NULL,NULL),(160,'BL117-BC','bloc',' Block Construccion',NULL,NULL),(161,'LB118-FH','pq',' Paquete Ficheros',NULL,NULL),(162,'LB119-PR','unid',' Proforma',NULL,NULL),(163,'LB120-NE','unid',' Nota de Entrega',NULL,NULL),(164,'LB121-NV','unid',' Nota de Venta',NULL,NULL),(165,'LB122-SB','unid',' Sobre',NULL,NULL),(166,'GE400-1B','unid',' Goma Eva con brillo oficio',NULL,NULL),(167,'GB400-3BP','unid',' Goma Eva con brillo pliego',NULL,NULL),(168,'GB400-1P','unid',' Goma Eva pleno oficio',NULL,NULL),(169,'GE400-3P','unid',' Goma Eva pleno pliego',NULL,NULL),(170,'GE400-3D','unid',' Goma Eva con diseno pliego',NULL,NULL),(171,'GE400-3A','unid',' Goma Eva adhesivo pliego',NULL,NULL),(172,'GE400-3AT','unid',' Goma Eva atoallada pliego',NULL,NULL),(173,'GE400-FI','set',' Goma Eva en figuras',NULL,NULL),(174,'GE400-PE','0',' Goma Eva personajes',NULL,NULL),(175,'GE400-1ABC','0',' Goma Eva ABC oficio',NULL,NULL),(176,'GE400-5MM','0',' Goma Eva 5 mm.',NULL,NULL),(177,'GE400-FG','0',' Figura geometrica en Goma Eva',NULL,NULL),(178,'FO01','pq',' Paquete Folder amarillo oficio (100)',NULL,NULL),(179,'FO02','unid.',' Folder amarillo oficio',NULL,NULL),(180,'FO03','pq',' Paquete folder amarillo carta(100)',NULL,NULL),(181,'FO04','unid.',' Folder amarillo carta',NULL,NULL),(182,'FO05','pq',' Paquete folder color oficio',NULL,NULL),(183,'FO06','unid.',' Folder color oficio',NULL,NULL),(184,'F007','unid.',' Flip oficio',NULL,NULL),(185,'FO08','unid.',' Flip 8555A ',NULL,NULL),(186,'FO09','unid.',' Folder Unicornio',NULL,NULL),(187,'FO10','unid.',' Maleta Unicornio',NULL,NULL),(188,'FO11','unid.',' Folder DELLO 1/2 oficio',NULL,NULL),(189,'FO12','unid.',' Folder E 310',NULL,NULL),(190,'FO13','unid.',' Folder 1888 A',NULL,NULL),(191,'FO14','unid.',' Folder 1888 F',NULL,NULL),(192,'FO15','unid.','  Folder S 56 F',NULL,NULL),(193,'FO16','unid.',' Folder CE 152 A',NULL,NULL),(194,'FO17','unid.',' Folder CE 152 F',NULL,NULL),(195,'FO18','unid.',' Folder DELLO F',NULL,NULL),(196,'FO19','unid.',' Folder 4188 F',NULL,NULL),(197,'FO20','unid.',' Folder 4188 A',NULL,NULL),(198,'FO21','unid.',' Folder 4302 F',NULL,NULL),(199,'FO22','unid.',' Folder M 405 F',NULL,NULL),(200,'FO23','unid.',' Folder M 405 A',NULL,NULL),(201,'FO24','unid.',' Folder M 400 F',NULL,NULL),(202,'F025','unid.',' Folder M 400 A',NULL,NULL),(203,'FO26','unid.',' Folder M  0104 ',NULL,NULL),(204,'FO27','unid.',' Folder SN 156 F',NULL,NULL),(205,'FO28','unid.',' Folder SN 156 A',NULL,NULL),(206,'FO29','unid.',' Folder CW 40 F',NULL,NULL),(207,'FO30','unid.',' Folder CW 30 F',NULL,NULL),(208,'FO31','unid.',' Folder CN 20 A',NULL,NULL),(209,'FO32','unid.','Folder GC 2-DR30 A',NULL,NULL),(210,'FO33','unid.',' Folder CW 2-DR30 F',NULL,NULL),(211,'FO34','unid.',' Folder GC 3-DR30 F',NULL,NULL),(212,'FO35','unid.',' Archivador CB 108 F',NULL,NULL),(213,'FO36','unid.','Archivador CB 108 A',NULL,NULL),(214,'FO37','unid.',' Archivador Palanca TOP F',NULL,NULL),(215,'FO38','unid.',' Archivador Palanca CONDOR F',NULL,NULL),(216,'FO39','unid.',' Folder Universitario F',NULL,NULL),(217,'FO40','unid.',' Traper carta',NULL,NULL),(218,'FO50','unid.',' Traper tamano carpeta',NULL,NULL),(219,'FO51','unid.',' Traper con hojas TOP ',NULL,NULL),(220,'FO52','unid.',' Archivador doble carta',NULL,NULL),(221,'FO53','unid.',' Archivador doble oficio',NULL,NULL),(222,'FO54','unid.',' Archivador rapido oficio',NULL,NULL),(223,'FO55','unid.',' Archivador rapido carta (100)',NULL,NULL),(224,'FO56','unid.',' Caja unicornio',NULL,NULL),(225,'FO57','unid.','M 408 A',NULL,NULL),(226,'FO58','unid.','M 408 F',NULL,NULL),(227,'FO59','unid.',' Traper TOP carta',NULL,NULL),(228,'MU001','unid',' Mochila MU 001',NULL,NULL),(229,'MU002','unid',' Mochila MU 002',NULL,NULL),(230,'MU003','unid',' Mochila MU 003',NULL,NULL),(231,'MU004','unid',' Mochila MU 004',NULL,NULL),(232,'MO05','unid',' Mochila con relieve',NULL,NULL),(233,'MO06','unid',' Mochila Lego',NULL,NULL),(234,'MO07','unid',' Lonchera con relieve',NULL,NULL),(235,'MO08','unid','Mochila con brillo',NULL,NULL),(236,'MO09','unid',' Mochila lentejuela carta',NULL,NULL),(237,'MO10','unid',' Mochila lentejuela mediana',NULL,NULL),(238,'MO11','unid',' Mochila Lisa brillosa',NULL,NULL),(239,'MO12','unid',' Mochila Unicornio pequena',NULL,NULL),(240,'MO13','unid',' Maleta Unicornio',NULL,NULL),(241,'MO14','unid',' Estuchera 702- C',NULL,NULL),(242,'MO15','unid',' Estuchera UPB',NULL,NULL),(243,'MO16','unid',' Estuchera lentejuela',NULL,NULL),(244,'MO17','unid',' Estuchera TT-A',NULL,NULL),(245,'MO18','unid',' Estuchera TT-B',NULL,NULL),(246,'MO19','unid',' Estuchera doble',NULL,NULL),(247,'MO20','unid',' Estuchera MO103 ',NULL,NULL),(248,'MO21','unid',' Monedero lentejuela',NULL,NULL),(249,'MO22','unid',' Monedero Mochilita',NULL,NULL),(250,'PE0A','unid.',' Peluche A',NULL,NULL),(251,'PE0B','unid.',' Peluche B',NULL,NULL),(252,'PE0C','unid.',' Peluche C',NULL,NULL),(253,'PE0D','unid.',' Peluche D',NULL,NULL),(254,'PE0E','unid.',' Peluche E',NULL,NULL),(255,'PE0F','unid.',' Peluche F',NULL,NULL),(256,'PE0G','unid.',' Peluche G',NULL,NULL),(257,'PE0H','unid.',' Peluche H',NULL,NULL),(258,'PE0I','unid.',' Peluche I',NULL,NULL),(259,'JU01','unid.',' Tonka grande',NULL,NULL),(260,'JU02','unid.',' Tonka classic',NULL,NULL),(261,'JU03','unid.',' Tonka Frond Loader',NULL,NULL),(262,'JU04','unid.',' Mapiuka',NULL,NULL),(263,'JU05','unid.',' Baby Alive grande',NULL,NULL),(264,'JU06','unid.',' Baby Alive pequena',NULL,NULL),(265,'JU07','unid.',' Muneco playa',NULL,NULL),(266,'JU08','unid.',' Muneco primer chupete',NULL,NULL),(267,'JU09','unid.',' Muneco mellizos',NULL,NULL),(268,'JU10','unid.',' Oso (masha)',NULL,NULL),(269,'JU11','unid.',' Wonder Woman (mujer maravilla)',NULL,NULL),(270,'JU12','unid.',' Jack Jack con sonido',NULL,NULL),(271,'JU13','unid.',' Mister Increible',NULL,NULL),(272,'JU14','unid.',' Jack Jack sin sonido',NULL,NULL),(273,'JU15','unid.',' Capsula LOL rosada',NULL,NULL),(274,'JU16','unid.',' Muneca Sirena',NULL,NULL),(275,'JU17','unid.',' Pelota LOL A ',NULL,NULL),(276,'JU18','unid.',' Doctora Juguete',NULL,NULL),(277,'JU19','unid.',' Pelota LOL C',NULL,NULL),(278,'JU20','unid.',' Soldier Forse chico',NULL,NULL),(279,'JU21','unid.',' Dinosaurio de goma grande',NULL,NULL),(280,'JU22','unid.','Almuada  Unicornio A ',NULL,NULL),(281,'JU23','unid.','Almuada  Unicornio B ',NULL,NULL),(282,'JU24','unid.','Tambor ',NULL,NULL),(283,'JU25','unid.','Fun Auto 7 en 1',NULL,NULL),(284,'JU26','unid.','Olaf',NULL,NULL),(285,'JU27','unid.','Truck Abeja',NULL,NULL),(286,'JU28','unid.','Soldier Force grande',NULL,NULL),(287,'JU29','unid.','Buddy ',NULL,NULL),(288,'JU30','unid.','Nenucos',NULL,NULL),(289,'JU31','unid.',' Pelota A ',NULL,NULL),(290,'JU32','unid.',' Pelota B',NULL,NULL),(291,'JU33','unid.',' Pelota C',NULL,NULL),(292,'JU34','unid.',' Pelota D',NULL,NULL),(293,'JU35','unid.',' Juguete de Coleccion',NULL,NULL),(294,'JU36','unid.',' Muneco Assassin Greed',NULL,NULL),(295,'JU37','unid.',' Lego A',NULL,NULL),(296,'JU38','unid.',' Lego B',NULL,NULL),(297,'JU39','unid.',' Coleccion Dragon Boll',NULL,NULL),(298,'JU40','unid.',' Camion Huina',NULL,NULL),(299,'JU41','unid.',' Camion Truck',NULL,NULL),(300,'JU42M','unid.',' Auto  Metalico pequeno',NULL,NULL),(301,'JU42','unid.',' Auto Cars 6 en 1',NULL,NULL),(302,'JU43','unid.',' Auto Avengers 5 en 1',NULL,NULL),(303,'JU44','unid.',' Truck 3 en 1',NULL,NULL),(304,'JU45','unid.',' Hombre Arana mediano ',NULL,NULL),(305,'JU46','unid.',' Avengers en exibidor',NULL,NULL),(306,'JU47','unid.',' Transformers en exibidor',NULL,NULL),(307,'JU48','unid.','Super Mario coleccion',NULL,NULL),(308,'JU49','unid.',' Juego de Pistolas',NULL,NULL),(309,'JU50','unid.',' Juego de Herramientas',NULL,NULL),(310,'JU51','unid.',' Flecha',NULL,NULL),(311,'JU52','unid.',' Cuadratrack didactico',NULL,NULL),(312,'JU53','unid.',' Soldados',NULL,NULL),(313,'JU54','unid.',' Soy Luna A',NULL,NULL),(314,'JU55','unid.',' Soy Luna B',NULL,NULL),(315,'JU56','unid.',' juego Tazas',NULL,NULL),(316,'JU57','unid.',' Barby Musical',NULL,NULL),(317,'JU58','unid.',' Sirena Mermai',NULL,NULL),(318,'JU59','unid.',' Muneca Frozzen B',NULL,NULL),(319,'JU60','unid.',' Muneca Sunny Girl',NULL,NULL),(320,'JU61','unid.',' Pony en caja',NULL,NULL),(321,'JU62','unid.','Pescados',NULL,NULL),(322,'JU63','unid.','Tambores',NULL,NULL),(323,'JU64','unid.','soy Luna Paleta',NULL,NULL),(324,'JU65','unid.','Cartera',NULL,NULL),(325,'JU66','unid.','Cajas Unicornio pequeno',NULL,NULL),(326,'JU67','unid.','Pistolas Avengers',NULL,NULL),(327,'JU68','unid.','Baby Alive C',NULL,NULL),(328,'JU69','unid.',' Pelota LOL B',NULL,NULL),(329,'JU70','unid.',' LOL Snack Car',NULL,NULL),(330,'JU71','unid.',' Muneca Model  Angel',NULL,NULL),(331,'JU72','unid.',' Pepa Pig',NULL,NULL),(332,'RE01','unid.',' Caja de regalo carton 3 en 1',NULL,NULL),(333,'RE02','unid.',' Caja de regalo metal 3 en 1',NULL,NULL),(334,'RE03','unid.',' Joyero Metalico',NULL,NULL),(335,'RE04','unid.',' Portalapicero metalico',NULL,NULL),(336,'RE05','unid.',' Torre de Paris',NULL,NULL),(337,'RE06','unid.',' Organizador  Armable',NULL,NULL),(338,'RE07','unid.',' Corbata en Caja',NULL,NULL),(339,'RE08','unid.',' Vaso de Futbol',NULL,NULL),(340,'RE09','unid.',' Billetera Dama A',NULL,NULL),(341,'RE10','unid.',' Billetera Dama B',NULL,NULL),(342,'RE11','unid.',' Billetera Dama C',NULL,NULL),(343,'RE12','unid.',' Billetera Varon A',NULL,NULL),(344,'RE13','unid.',' Billetera Varon B',NULL,NULL),(345,'RE14','unid.',' Billetera Varon C',NULL,NULL),(346,'RE15','unid.',' Cinturon',NULL,NULL),(347,'RE16','unid.',' Espejo doble',NULL,NULL),(348,'RE17','unid.',' Plancha GV-118',NULL,NULL),(349,'RE18','unid.',' Juego de Llaveros',NULL,NULL),(350,'RE19','unid.',' Juego de Cortaunas',NULL,NULL),(351,'RE20','unid.',' Adorno Baby Showers',NULL,NULL),(352,'RE21','unid.',' Portaretrato A',NULL,NULL),(353,'RE22','unid.',' Portaretrato B',NULL,NULL),(354,'RE23','unid.',' Portaretrato C',NULL,NULL),(355,'RE24','unid.',' Portaretrato D',NULL,NULL),(356,'RE25','unid.',' Album A',NULL,NULL),(357,'RE26','unid.',' Album B',NULL,NULL),(358,'RE27','unid.',' Album C',NULL,NULL),(359,'RE28','unid.','Auto LOL',NULL,NULL),(360,'RE28A','unid.','Muneca Ada',NULL,NULL),(361,'RE29','unid.','Toma Todo MM',NULL,NULL),(362,'RE30','unid.','Maseteros',NULL,NULL),(363,'RE31','unid.','Album cerrado',NULL,NULL),(364,'RE32','unid.',' Album armable A',NULL,NULL),(365,'RE33','unid.',' Album armable B',NULL,NULL),(366,'RE34','unid.',' Album armable C',NULL,NULL),(367,'RE35','unid.',' Reloj de pared',NULL,NULL),(368,'RE36','unid.',' Reloj Buho',NULL,NULL),(369,'RE37','unid.',' Cuadro de adorno',NULL,NULL),(370,'RE38','unid.',' Moto de madera',NULL,NULL),(371,'RE39','unid.',' Vela Electrica ',NULL,NULL),(372,'RE40','unid.',' Vela Aromatica',NULL,NULL),(373,'RE41','unid.',' Alcancia Star Wars',NULL,NULL),(374,'RE42','unid.',' Mapa Mundi',NULL,NULL),(375,'RE43','unid.',' Alcancia Soldado',NULL,NULL),(376,'RE44','unid.',' Alcancia infantil',NULL,NULL),(377,'RE45','unid.',' Portalapicero Oso',NULL,NULL),(378,'RE46','unid.',' Lampara Infantil',NULL,NULL),(379,'RE47','unid.',' Lampara ',NULL,NULL),(380,'RE48','unid.',' Audifonos Emojis',NULL,NULL),(381,'RE49','unid.',' Bolsa de regalo A',NULL,NULL),(382,'RE50','unid.',' Bolsa de regalo B',NULL,NULL),(383,'RE51','unid.',' Bolsa de regalo C',NULL,NULL),(384,'RE52','unid.',' Prendedor',NULL,NULL),(385,'RE53','unid.',' Canicas de Iman',NULL,NULL),(386,'RE54','unid.',' Sujetador de celular',NULL,NULL),(387,'RE55','unid.',' Llavero A',NULL,NULL),(388,'RE56','unid.',' Llavero B',NULL,NULL),(389,'RE57','unid.',' Llavero C',NULL,NULL),(390,'RE58','unid.',' Llavero D',NULL,NULL),(391,'RE59','unid.','Llaveros E',NULL,NULL),(392,'RE60','unid.','Slam (asquimuco)',NULL,NULL),(393,'RE61','unid.','Collar con Arete',NULL,NULL),(394,'PL01','Unid.',' Rompecabeza A',NULL,NULL),(395,'PL02','Unid.',' Rompecabeza B',NULL,NULL),(396,'PL03','Unid.',' Rompecabeza C',NULL,NULL),(397,'PL04','Unid.',' Reloj didactico',NULL,NULL),(398,'PL05','Unid.',' Yenga 5 en 1',NULL,NULL),(399,'PL06','Unid.',' Ajedrez 8 en 1',NULL,NULL),(400,'PL07','Unid.',' Bus didactico',NULL,NULL),(401,'PL08','Unid.',' Zapato didactico',NULL,NULL),(402,'PL09','Unid.',' Numeros en caja',NULL,NULL),(403,'PL10','Unid.',' Numeros de madera',NULL,NULL),(404,'PL11','Unid.',' ABC de madera',NULL,NULL),(405,'PL12','Unid.',' Figura geometrica de madera',NULL,NULL),(406,'PL13','Unid.',' Abaco Caracol',NULL,NULL),(407,'PL14','Unid.',' Abaco Jirafa',NULL,NULL),(408,'PL15','Unid.',' Abaco mas tabla A',NULL,NULL),(409,'PL16','Unid.',' Abaco mas tabla B',NULL,NULL),(410,'PL17','Unid.',' Abaco numeral',NULL,NULL),(411,'PL18','Unid.',' Abaco vertical A',NULL,NULL),(412,'PL19','Unid.',' Abaco vertical B',NULL,NULL),(413,'PL20','Unid.',' Tren didactico',NULL,NULL),(414,'PL21','Unid.',' Rana Tambor',NULL,NULL),(415,'PL22','Unid.',' Block armable',NULL,NULL),(416,'PL23','Unid.','Tamgram',NULL,NULL),(417,'PO01','unid.',' Set planas orquillas',NULL,NULL),(418,'PO02','unid.',' Set de orquillas',NULL,NULL),(419,'PO03','unid.',' Traba A',NULL,NULL),(420,'PO04','unid.',' Traba B',NULL,NULL),(421,'PO05','unid.',' Pirana A',NULL,NULL),(422,'PO06','unid.',' Pirana B',NULL,NULL),(423,'PO07','unid.',' Pirana C',NULL,NULL),(424,'PO08','unid.',' Mono para cabello A',NULL,NULL),(425,'PO09','unid.',' Mono para cabello B',NULL,NULL),(426,'PO10','unid.',' Mono para cabello C',NULL,NULL),(427,'PO11','par',' Set Ligas',NULL,NULL),(428,'PO12','set',' Tiara (matrimonio)',NULL,NULL),(429,'PO13','unid.',' Red de mono',NULL,NULL),(430,'PO14','par',' Pili para bebe',NULL,NULL),(431,'PO15','unid.',' Par de gogo A',NULL,NULL),(432,'PO17','unid.',' Par de gogo B',NULL,NULL),(433,'PO18','unid.',' Cinta de agua',NULL,NULL),(434,'PO19','unid.',' Wincha de raton ',NULL,NULL),(435,'PO20','unid.',' Wincha de conejo',NULL,NULL),(436,'PO21','unid.',' Wincha A',NULL,NULL),(437,'PO22','unid.',' Wincha B',NULL,NULL),(438,'PO23','unid.',' Mascara Batman',NULL,NULL),(439,'PO24','unid.',' Lente payaso',NULL,NULL),(440,'PO25','unid.','Wincha de diablo',NULL,NULL),(441,'BAT01','unid.',' Bateria 12V',NULL,NULL),(442,'VA01','unid.',' Cinta doble contacto 1 cm.',NULL,NULL),(443,'VA02','unid.',' Cinta doble contacto 1.  1/2 cm.',NULL,NULL),(444,'VA03','unid.',' Cinta doble contacto 2 cm.',NULL,NULL),(445,'VA04','unid.',' Scoch Tornasol',NULL,NULL),(446,'VA05','unid.',' Scoch 100 yrd',NULL,NULL),(447,'VA06','unid.',' Scoch 30 yrd',NULL,NULL),(448,'VA07','unid.',' Masquin 5 cm.',NULL,NULL),(449,'VA08','unid.',' Masquin 3.5 cm.',NULL,NULL),(450,'VA09','unid.',' Masquin 2.5 cm.',NULL,NULL),(451,'VA10','unid.',' Masquin de 2 cm.',NULL,NULL),(452,'VA11','unid.',' Masquin de 1 cm.',NULL,NULL),(453,'VA12','unid.',' Scoch con diseno',NULL,NULL),(454,'VA13','unid.',' Yurex Tornasol A',NULL,NULL),(455,'VA14','unid.',' Yurex Tornasol B',NULL,NULL),(456,'VA15','unid.',' Yurex Tornasol C',NULL,NULL),(457,'VA16','unid.',' Yurex con diseno A',NULL,NULL),(458,'VA17','unid.',' Yurex con diseno B',NULL,NULL),(459,'VA18','unid.',' Yurex A',NULL,NULL),(460,'VA19','unid.',' Yurex B',NULL,NULL),(461,'VA20','unid.',' Yurex encaje',NULL,NULL),(462,'VA21','unid.',' Set Yurex surtido',NULL,NULL),(463,'VA22','unid.',' Set Silicona en barra glitter',NULL,NULL),(464,'VA23','unid.',' Silicona en barra',NULL,NULL),(465,'VA24','unid.',' Abanico',NULL,NULL),(466,'VA25','unid.',' UHU 8.2 gramos',NULL,NULL),(467,'VA26','unid.',' UHU 21 gramos',NULL,NULL),(468,'VA27','unid.',' Isocola 20 gramos',NULL,NULL),(469,'VA28','unid.',' Isocola 40 gramos',NULL,NULL),(470,'VA29','unid.',' Isocola 80 gramos',NULL,NULL),(471,'VA30','unid.',' lana escolar',NULL,NULL),(472,'VA31','unid.',' quillo de lana',NULL,NULL),(473,'VA32','unid.',' Cola de Rata',NULL,NULL),(474,'VA33','unid.',' Toalla A',NULL,NULL),(475,'VA34','unid.',' Toalla B',NULL,NULL),(476,'VA35','unid.',' Set de Palitos chinos',NULL,NULL),(477,'VA36','unid.',' Set de Palitos de helado',NULL,NULL),(478,'VA37','unid.',' Set de Palitos de helado color',NULL,NULL),(479,'VA38','unid.',' Cinta Satin 10 mm. (Nro 2)',NULL,NULL),(480,'VA39','unid.',' Cinta Satin 15 mm.',NULL,NULL),(481,'VA40','unid.',' Cinta Satin 0.7 mm. (Nro 1)',NULL,NULL),(482,'VA41','unid.',' Bastidor A',NULL,NULL),(483,'VA42','unid.',' Bastidor B',NULL,NULL),(484,'VA43','unid.',' Bastidor C',NULL,NULL),(485,'VA44','unid.',' Bastidor D',NULL,NULL),(486,'VA45','unid.',' Bastidor E',NULL,NULL),(487,'VA46','unid.',' Hilo 500 yds',NULL,NULL),(488,'VA47','unid.',' Hilo 100 yds',NULL,NULL),(489,'VA48','unid.',' Hilo de salon',NULL,NULL),(490,'VA49','unid.',' Mechilla',NULL,NULL),(491,'VA50','unid.',' Hilo de  pesca',NULL,NULL),(492,'VA51','unid.',' Cinta metrica',NULL,NULL),(493,'VA52','unid.',' Clip 33 mm',NULL,NULL),(494,'VA53','unid.',' Clip 50 mm.',NULL,NULL),(495,'VA54','set',' Clip mariposa # 1',NULL,NULL),(496,'VA55','set',' Clip mariposa # 2',NULL,NULL),(497,'VA56','set',' Set chinche',NULL,NULL),(498,'VA57','set',' Chinche mariposa',NULL,NULL),(499,'VA58','set',' Set chinche mariposa',NULL,NULL),(500,'VA59','unid.',' Set chinche color',NULL,NULL),(501,'VA60','set',' Set alfiler',NULL,NULL),(502,'VA61','hojas',' Sticker tatuaje',NULL,NULL),(503,'VA62','unid.','Encendedor',NULL,NULL),(504,'VA63','unid.',' Blinder 15 mm',NULL,NULL),(505,'VA64','unid.',' Blinder 19 mm. (40 pzs)',NULL,NULL),(506,'VA65','unid.',' Blinder 25 mm. (48 pzs.)',NULL,NULL),(507,'VA66A','unid.',' Blinder 32 mm. ',NULL,NULL),(508,'VA66','unid.',' Blinder 41 mm.',NULL,NULL),(509,'VA67','unid.',' Blinder 51 mm.',NULL,NULL),(510,'VA68','unid.',' Set cartas',NULL,NULL),(511,'VA69','unid.',' Espejo cuadrado pequeno',NULL,NULL),(512,'VA70','unid.',' Espejo redondo pequeno',NULL,NULL),(513,'VA71','unid.',' Espejo cuadrado grande',NULL,NULL),(514,'VA72','unid.',' Estilette eco grande ',NULL,NULL),(515,'VA73','unid.',' Estilette eco pequeno',NULL,NULL),(516,'VA74','unid.',' Pistola para Silicona',NULL,NULL),(517,'VA75','unid.',' Super Glue',NULL,NULL),(518,'VA76','unid.',' Corta unas',NULL,NULL),(519,'VA77','unid.',' Silbato',NULL,NULL),(520,'VA78','unid.',' Pinza Negra',NULL,NULL),(521,'VA79','unid.',' Pinza Metalica',NULL,NULL),(522,'VA80','unid.',' Mentisan',NULL,NULL),(523,'VA81','unid.',' Vaselina pequena',NULL,NULL),(524,'VA82','set',' Set Duracell AA (6 en 1)',NULL,NULL),(525,'VA83','set',' Set Duracell AAA  (6 en 1)',NULL,NULL),(526,'VA84','set',' Set Energizer AA (6 en 1)',NULL,NULL),(527,'VA85','set',' Set Energizer AAA (6 en 1)',NULL,NULL),(528,'BA86','set',' Set Sony AA (4 en 1)',NULL,NULL),(529,'VA87','set',' Set Sony AAA (4 en 1)',NULL,NULL),(530,'VA89','set',' Set Panasonic AA (4 en 1)',NULL,NULL),(531,'VA90','set',' Set Sony ultra AA (4 en 1)',NULL,NULL),(532,'VA91','unid.',' Bateria Toshiba',NULL,NULL),(533,'VA92','set',' set Panasonic  extra AAA (4 en 1)',NULL,NULL),(534,'VA93','set',' Par Toshiba AAA',NULL,NULL),(535,'VA94','unid.',' Silicona Liquida Merletto 30 ml.',NULL,NULL),(536,'VA95','unid.',' Silicona Liquida Merletto 100 ml.',NULL,NULL),(537,'VA96','unid.',' Silicona Liquida UHU 200 ml.',NULL,NULL),(538,'VA97','unid.',' Ribecola 1/2 kilo (500 grs)',NULL,NULL),(539,'VA98','unid.',' Ribecola 250 grs',NULL,NULL),(540,'VA99','unid.',' Ribecola 80 grs',NULL,NULL),(541,'VA100','unid.',' Ribecola 40 grs',NULL,NULL),(542,'VA101','unid.',' Monopol Pomo 300 cc.',NULL,NULL),(543,'VA102','unid.',' Monopol Pomo 75 ml ',NULL,NULL),(544,'VA103','unid.',' Monopol con pico 250 ml',NULL,NULL),(545,'VA104','unid.',' Monopol con pico 90 ml',NULL,NULL),(546,'VA105','unid.',' Monopol con pico 40 ml',NULL,NULL),(547,'VA106','unid.',' Acrilex',NULL,NULL),(548,'VA107','unid.',' Acrilex metalizado',NULL,NULL),(549,'VA108','unid.',' Glitter para papel',NULL,NULL),(550,'VA109','unid.',' Glitter para tela',NULL,NULL),(551,'VA110','unid.',' Tampo dactilar',NULL,NULL),(552,'VA112','unid.',' Tampo madison',NULL,NULL),(553,'VA113','unid.',' Barbijo',NULL,NULL),(554,'VA114','unid.',' Set panuelos dama ',NULL,NULL),(555,'VA115','unid.',' Panuelo dama',NULL,NULL),(556,'VA116','unid.',' Set panuelo Varon',NULL,NULL),(557,'VA117','unid.','  guante quirurgico',NULL,NULL),(558,'VA118','unid.','  guante de goma (Asatex)',NULL,NULL),(559,'VA119','unid.',' Portacredencial A',NULL,NULL),(560,'VA120','unid.',' Portacredencial B',NULL,NULL),(561,'VA121','unid.',' Almohadilla de madera',NULL,NULL),(562,'VA122','unid.',' Almohadilla de plastico',NULL,NULL),(563,'VA123','unid.',' Boton',NULL,NULL),(564,'VA124','unid.',' Globo',NULL,NULL),(565,'VA125','unid.',' Tiza',NULL,NULL),(566,'VA126','unid.','CD princo',NULL,NULL),(567,'VA127','unid.','Goma Spider Man',NULL,NULL),(568,'VA128','unid.',' C-D mas funda',NULL,NULL),(569,'VA129','unid.',' Funda para C- D',NULL,NULL),(570,'VA130','unid.',' Crema de calzado A',NULL,NULL),(571,'VA131','unid.',' Crema de calzado B',NULL,NULL),(572,'VA132','unid.',' Peine pequeno',NULL,NULL),(573,'VA133','unid.',' Globo con tijera',NULL,NULL),(574,'VA134','unid.',' Pata Pata',NULL,NULL),(575,'VA135','unid.',' Soga ',NULL,NULL),(576,'VA136','unid.',' Par de pompones',NULL,NULL),(577,'VA137','unid.',' Mandil escolar',NULL,NULL),(578,'VA138','unid.',' Purpurina',NULL,NULL),(579,'VA139','unid.',' Lentejuela (cabellos)',NULL,NULL),(580,'VA140','unid.',' Stickers ',NULL,NULL),(581,'VA141','unid.',' Stickers 3D',NULL,NULL),(582,'VA142','unid.',' Gorra Lentejuela',NULL,NULL),(583,'VA143','unid.',' Pizarra acrilica',NULL,NULL),(584,'VA144','unid.',' Juego de pincel blanco',NULL,NULL),(585,'VA145','unid.',' Juego pincel café',NULL,NULL),(586,'VA146','unid.',' Goma didactico',NULL,NULL),(587,'VA147','unid.',' Posit en formas',NULL,NULL),(588,'VA148','unid.',' Posit 3 x 3',NULL,NULL),(589,'VA149','unid.',' Posit 4 en 1',NULL,NULL),(590,'VA150','unid.',' Zampona escolar',NULL,NULL),(591,'VA151','unid.',' Flauta Madison',NULL,NULL),(592,'VA152','unid.',' Arandela Bic',NULL,NULL),(593,'VA153','unid.',' Senalador Flecha',NULL,NULL),(594,'VA154','unid.',' Senalador numeral',NULL,NULL),(595,'VA155','unid.',' Set pestana de colores',NULL,NULL),(596,'VA156','unid.',' Pestana plastica',NULL,NULL),(597,'VA157','unid.',' Regla 50 cm. (Artesco)',NULL,NULL),(598,'VA158','unid.',' Transportador 360',NULL,NULL),(599,'VA159','unid.',' Transportador 180',NULL,NULL),(600,'VA160','unid.','Calculadoras FX-991LAX',NULL,NULL),(601,'VA161','unid.','Calculadora EX- 82LA',NULL,NULL),(602,'VA162','unid.','Calculadora MS-20MC-BRD',NULL,NULL),(603,'VA163','unid.','Tintas Epson 664',NULL,NULL),(604,'VA164','unid.',' Regla para circulos',NULL,NULL),(605,'VA165','unid.',' Fastener plastico',NULL,NULL),(606,'VA166','unid.',' Fastener metalico (Isofit)',NULL,NULL),(607,'VA167','unid.',' Estuche geometrico 15 cm.',NULL,NULL),(608,'VA168','unid.',' Set fastener (Velox)',NULL,NULL),(609,'VA169','unid.',' Paleta A',NULL,NULL),(610,'VA170','unid.',' Paleta B',NULL,NULL),(611,'VA171','unid.',' Guato de carpeta',NULL,NULL),(612,'VA172','unid.',' Calculadora Casio LC-403TV',NULL,NULL),(613,'VA173','unid.',' Calculadora Casio SL-300NC-RD',NULL,NULL),(614,'VA174','unid.',' Venesta oficio',NULL,NULL),(615,'VA175','unid.',' Venesta 30x30',NULL,NULL),(616,'VA176','unid.',' Venesta 30x40',NULL,NULL),(617,'VA177','unid.',' Corrector magico',NULL,NULL),(618,'VA178','unid.',' Micropunta metalizada (Monami)',NULL,NULL),(619,'VA179','unid.',' Tiralinea',NULL,NULL),(620,'VA180','unid.',' Boligrafo con goma Pilot',NULL,NULL),(621,'VA181','unid.',' Boligrafo Pilot',NULL,NULL),(622,'VA182','unid.',' Boligrafo Mon Ami',NULL,NULL),(623,'VA183','unid.',' Boligrafo Stabilo Liner',NULL,NULL),(624,'VA184','unid.',' Protector de Boligrafo',NULL,NULL),(625,'VA185','unid.',' Compaz MAPED',NULL,NULL),(626,'VA186','unid.',' Boligrafo Bille',NULL,NULL),(627,'VA187','unid.',' Puntero Laser',NULL,NULL),(628,'VA188','unid.',' Marcador agua Stabilo',NULL,NULL),(629,'VA189','unid.',' Goma de borrar Stabilo',NULL,NULL),(630,'VA190','unid.',' Grampa 24/6',NULL,NULL),(631,'VA191','unid.',' Tarjeta con sobre',NULL,NULL),(632,'VA192','unid.',' metro Yute escolar',NULL,NULL),(633,'VA193','unid.',' Figurita recortable ',NULL,NULL),(634,'VA194','unid.',' Mono de regalo A',NULL,NULL),(635,'VA195','unid.',' Mono de regalo B',NULL,NULL),(636,'VA196','juego','Set Micropunta Stabilo x 30',NULL,NULL),(637,'VA197','unid.',' Color Jumbo Stabilo',NULL,NULL),(638,'VA198','unid.',' Color largo Stabilo',NULL,NULL),(639,'VA199','unid.',' Marcador TRIO Stabilo',NULL,NULL),(640,'VA200','set',' Set de color 24 pzs. Faber',NULL,NULL),(641,'VA201','set',' set de color largo Faber',NULL,NULL),(642,'VA202','set',' set de marcador Fiesta Faber',NULL,NULL),(643,'VA203','set',' Set de marcador Grip Faber',NULL,NULL),(644,'VA204','unid.',' Oleo color negro',NULL,NULL),(645,'VA205','unid.',' Micropunta Stabilo',NULL,NULL),(646,'VA206','set',' Set micropunta Stabilo x25pzs',NULL,NULL),(647,'VA207','unid.',' Porta plano grande',NULL,NULL),(648,'VA208','unid.',' Pincel tigre Nro 0',NULL,NULL),(649,'VA209','unid.',' Pincel tigre Nro 2',NULL,NULL),(650,'VA210','unid.',' Pincel tigre Nro 4',NULL,NULL),(651,'VA211','unid.','Pincel tigre Nro 6',NULL,NULL),(652,'VA212','unid.','Pincel tigre Nro 8',NULL,NULL),(653,'VA213','unid.','Pincel tigre Nro 10',NULL,NULL),(654,'VA214','unid.','Pincel tigre Nro 12',NULL,NULL),(655,'VA215','unid.','Algodon',NULL,NULL),(656,'VA216','unid.','Gancho Grueso',NULL,NULL),(657,'VA217','unid.','Set de gancho A',NULL,NULL),(658,'VA218','unid.','Set de gancho b',NULL,NULL),(659,'VA219','unid.','Set de gancho C',NULL,NULL),(660,'VA220','unid.','Set de agujas',NULL,NULL),(661,'VA221','unid.','Par de agujas punta roma',NULL,NULL),(662,'VA222','unid.','Aguja punta Roma',NULL,NULL),(663,'VA223','unid.','Aguja Dorada',NULL,NULL),(664,'VA224','unid.','Aguja Plastica',NULL,NULL),(665,'VA225','unid.','Palillo',NULL,NULL),(666,'VA226','unid.','Escalimetro Maped',NULL,NULL),(667,'VA227','unid.','Cinta Aislante Globe',NULL,NULL),(668,'VA228','unid.','Cinta Aislante Marutex',NULL,NULL),(669,'VA229','unid.','Docena lapiz Faber',NULL,NULL),(670,'VA230','unid.','Lapiz Faber',NULL,NULL),(671,'VA231','unid.','Filigrama',NULL,NULL),(672,'VA232','unid.','Cuerpo Humano Armable',NULL,NULL),(673,'VA233','unid.','Laminas',NULL,NULL),(674,'VA234','unid.','Etiqueta nombre',NULL,NULL),(675,'VA235','unid.','Etiqueta Materias',NULL,NULL),(676,'VA236','unid.','Stiker para nombres',NULL,NULL),(677,'VA237','unid.','Plastoformo 1cm',NULL,NULL),(678,'VA238','unid.','plastoformo 1,5cm',NULL,NULL),(679,'VA239','unid.','Plastoformo 2 cm',NULL,NULL),(680,'VA240','unid.','Plastoformo 2,5cm',NULL,NULL),(681,'VA241','unid.','Plastoformo  3cm',NULL,NULL),(682,'VA242','unid.','Plastoformo 50x50',NULL,NULL),(683,'P7002','set','Color P7002',NULL,NULL),(684,'P7000','set','Color P7000',NULL,NULL),(685,'P5000','set','color P5000',NULL,NULL),(686,'P7018','set','Color P7018',NULL,NULL),(687,'P9200','set','Color P9200',NULL,NULL),(688,'PF9006','set','Color PF9006',NULL,NULL),(689,'P9090','set','Color P9090',NULL,NULL),(690,'P889','set','Color P889',NULL,NULL),(691,'P6000','doc.','Lapiz P6000',NULL,NULL),(692,'P8006','doc.','Lapiz P8006',NULL,NULL),(693,'P6002B','doc.','Lapiz p6002B',NULL,NULL),(694,'PT8006','doc.','Lapiz 8066',NULL,NULL),(695,'P8002A','unid.','Lapiz p8002',NULL,NULL),(696,'P9000','unid.','Lapiz p9000',NULL,NULL),(697,'PT9060','unid.','Lapiz  pt9060',NULL,NULL),(698,'P9058','unid.','Lapiz p9058',NULL,NULL),(699,'P9058J','unid.','lapiz p9058j',NULL,NULL),(700,'1B','unid.','Lapiz 1B',NULL,NULL),(701,'2B','unid.','Lapiz 2B',NULL,NULL),(702,'4B','unid.','Lapiz 4B',NULL,NULL),(703,'5B','unid.','Lapiz 5B',NULL,NULL),(704,'6B','unid.','Lapiz 6B',NULL,NULL),(705,'7B','unid.','Lapiz 7B',NULL,NULL),(706,'8B','unid.','Lapiz 8B',NULL,NULL),(707,'10B','unid.','Lapiz 10B',NULL,NULL),(708,'P600G','unid.','Lapiz p600a',NULL,NULL),(709,'1H','unid.','Lapiz 1H',NULL,NULL),(710,'3H','unid.','Lapiz 3H',NULL,NULL),(711,'4H','unid.','Lapiz 4H',NULL,NULL),(712,'5H','unid.','Lapiz 5H',NULL,NULL),(713,'6H','unid.','Lapiz 6H',NULL,NULL),(714,'7H','unid.','Lapiz 7H',NULL,NULL),(715,'M400S','set','marcador M400s',NULL,NULL),(716,'M2040','set','marcador M2040',NULL,NULL),(717,'M2223','set','marcador M2223',NULL,NULL),(718,'C380','set','marcador C380',NULL,NULL),(719,'M2037','set','marcador M2037',NULL,NULL),(720,'M2001','set','marcador M2001',NULL,NULL),(721,'M2033','set','marcador M2033',NULL,NULL),(722,'M2034','set','marcador M2034',NULL,NULL),(723,'M2035','set','marcador M2035',NULL,NULL),(724,'M2036','set','marcador M2036',NULL,NULL),(725,'M2020S','set','marcador M2020s',NULL,NULL),(726,'PU2000S','set','marcador Pu2000s',NULL,NULL),(727,'5036','unid','marcador 5036',NULL,NULL),(728,'PU2006','unid','marcador PU2006',NULL,NULL),(729,'D886','unid','marcador D886',NULL,NULL),(730,'D328','unid','marcador D328',NULL,NULL),(731,'8000B','unid','Detector 8000B',NULL,NULL),(732,'RE325','unid','resaltador RE325',NULL,NULL),(733,'RE630','unid','resaltador RE630',NULL,NULL),(734,'2098','unid','resaltador 2098',NULL,NULL),(735,'RE620S','unid','resaltador RE620s',NULL,NULL),(736,'RE650','unid','resaltador RE650',NULL,NULL),(737,'RE330','unid','resaltador RE330',NULL,NULL),(738,'M5025','unid','marcador M5025',NULL,NULL),(739,'RP075','unid','repuesto de marcador RP075',NULL,NULL),(740,'CO30','unid.','corrector ',NULL,NULL),(741,'C018','unid.','corrector ',NULL,NULL),(742,'GU040','unid.','pegamento ',NULL,NULL),(743,'GU021','unid.','pegamento ',NULL,NULL),(744,'GU008','unid.','pegamento',NULL,NULL),(745,'P925','unid.','portaminas ',NULL,NULL),(746,'P309-2','unid.','portaminas ',NULL,NULL),(747,'P310-2','unid.','poetaminas',NULL,NULL),(748,'P922-07','unid.','portaminas ',NULL,NULL),(749,'P6032-07','unid.','portaminas ',NULL,NULL),(750,'P922-09','unid.','portaminas ',NULL,NULL),(751,'P909','unid.','portaminas ',NULL,NULL),(752,'P922-05','unid.','portaminas ',NULL,NULL),(753,'P901','unid.','portaminas',NULL,NULL),(754,'P309','unid.','portaminas ',NULL,NULL),(755,'P310','unid.','portaminas ',NULL,NULL),(756,'P220','unid.','portaminas ',NULL,NULL),(757,'P229','unid.','portaminas ',NULL,NULL),(758,'P6032-05','unid.','portaminas ',NULL,NULL),(759,'MC02','unid.','minas de colores ',NULL,NULL),(760,'MI20','unid.','minas ',NULL,NULL),(761,'RE09A','unid.','minas ',NULL,NULL),(762,'RE07A','unid.','minas ',NULL,NULL),(763,'RE05A','unid.','minas ',NULL,NULL),(764,'P388','unid.','portaminas color ',NULL,NULL),(765,'101A','unid.','estuche geometrico ',NULL,NULL),(766,'101','unid.','estuche geometrico ',NULL,NULL),(767,'668','unid.','Regla ',NULL,NULL),(768,'673','unid.','Regla ',NULL,NULL),(769,'666','unid.','Regla ',NULL,NULL),(770,'660','unid.','Regla',NULL,NULL),(771,'672','unid.','Regla',NULL,NULL),(772,'999','unid.','Regla ',NULL,NULL),(773,'690','unid.','Regla ',NULL,NULL),(774,'TD318','unid','dispensador ',NULL,NULL),(775,'TD317','unid','dispensador ',NULL,NULL),(776,'TD316','unid','dispensador ',NULL,NULL),(777,'G618','unid','engrampador ',NULL,NULL),(778,'G613','unid','engrampador ',NULL,NULL),(779,'G593','unid','engrampador ',NULL,NULL),(780,'G880','unid','engrampador ',NULL,NULL),(781,'G553','unid','engrampador ',NULL,NULL),(782,'G418','unid','engrampador ',NULL,NULL),(783,'MP240','unid','perforadora',NULL,NULL),(784,'MP220','unid','perforadora ',NULL,NULL),(785,'MP250','unid','perforadora ',NULL,NULL),(786,'MP210','unid','perforadora ',NULL,NULL),(787,'SS2406','unid','grampa ',NULL,NULL),(788,'SS2606','unid','grampa ',NULL,NULL),(789,'SS1000','unid','grampa',NULL,NULL),(790,'XG833','unid','perforadora ',NULL,NULL),(791,'XG831','unid','perforadora ',NULL,NULL),(792,'1016','unid','perforadora ',NULL,NULL),(793,'DL228','unid','sacagrampa ',NULL,NULL),(794,'DL328','unid','engrampadora ',NULL,NULL),(795,'KB001','unid','tijera Kaibo ',NULL,NULL),(796,'FB2013','unid.','Boligrafo ',NULL,NULL),(797,'FB2005','unid.','Boligrafo ',NULL,NULL),(798,'FB6028','unid.','Boligrafo ',NULL,NULL),(799,'FB2068','unid.','Boligrafo ',NULL,NULL),(800,'FB2082','unid.','Boligrafo ',NULL,NULL),(801,'FB2025','unid.','Boligrafo ',NULL,NULL),(802,'FB588','unid.','Boligrafo ',NULL,NULL),(803,'FB7308','unid.','Boligrafo ',NULL,NULL),(804,'FB144','unid.','Boligrafo ',NULL,NULL),(805,'FB3099','unid.','Boligrafo ',NULL,NULL),(806,'F6300','unid.','Boligrafo ',NULL,NULL),(807,'2003','unid.','Boligrafo ',NULL,NULL),(808,'FB6098C','unid.','Boligrafo',NULL,NULL),(809,'GL725F','unid','Micropunta',NULL,NULL),(810,'GL501','unid','Micropunta ',NULL,NULL),(811,'GL500','unid','Micropunta ',NULL,NULL),(812,'GL504','unid','Micropunta',NULL,NULL),(813,'FR520','unid','Micropunta ',NULL,NULL),(814,'GL947','unid','Micropunta ',NULL,NULL),(815,'GL936','unid','Micropunta ',NULL,NULL),(816,'1005','unid','Gel Borrable',NULL,NULL),(817,'MF498-S','set','Micropunta',NULL,NULL),(818,'GL512','set','Micropunta ',NULL,NULL),(819,'GL501MS','set','Micropunta ',NULL,NULL),(820,'F001','unid','Repuesto de plumas ',NULL,NULL),(821,'305','unid','Goma ',NULL,NULL),(822,'304','unid','Goma ',NULL,NULL),(823,'TR302','unid','Goma ',NULL,NULL),(824,'TR303','unid','Goma ',NULL,NULL),(825,'024A','unid','Goma ',NULL,NULL),(826,'TR505','unid','Goma ',NULL,NULL),(827,'3010M','unid','Goma ',NULL,NULL),(828,'008-0','unid','Pincel ',NULL,NULL),(829,'008-2','unid','Pincel ',NULL,NULL),(830,'008-4','unid','Pincel',NULL,NULL),(831,'008-6','unid','Pincel',NULL,NULL),(832,'008-8','unid','Pincel',NULL,NULL),(833,'008-10','unid','Pincel',NULL,NULL),(834,'008-12','unid','Pincel',NULL,NULL),(835,'008-14','unid','Pincel',NULL,NULL),(836,'008-16','unid','Pincel',NULL,NULL),(837,'008-18','unid','Pincel',NULL,NULL),(838,'008-20','unid','Pincel',NULL,NULL),(839,'008-22','unid','Pincel',NULL,NULL),(840,'008-24','unid','Pincel',NULL,NULL),(841,'006-0','unid','Pincel',NULL,NULL),(842,'006-00','unid','Pincel',NULL,NULL),(843,'006-000','unid','Pincel',NULL,NULL),(844,'006-2','unid','Pincel',NULL,NULL),(845,'006-4','unid','Pincel',NULL,NULL),(846,'006-8','unid','Pincel',NULL,NULL),(847,'006-10','unid','Pincel',NULL,NULL),(848,'SC098','unid','Tajador',NULL,NULL),(849,'SC080','unid','Tajador',NULL,NULL),(850,'SC082','unid','Tajador',NULL,NULL),(851,'SC083','unid','Tajador',NULL,NULL),(852,'SC010','unid','Tajador',NULL,NULL),(853,'SC090','unid','Tajador',NULL,NULL),(854,'PL12A','set','plastilina',NULL,NULL),(855,'CYO58','set','crayon',NULL,NULL),(856,'CY068','set','crayon',NULL,NULL),(857,'CY022','set','crayon',NULL,NULL),(858,'TP986','set','pastel',NULL,NULL),(859,'TM920','set','tempera',NULL,NULL),(860,'O928','set','oleo',NULL,NULL),(861,'TM918','set','tempera',NULL,NULL),(862,'TM930','set','tempera',NULL,NULL),(863,'PD06','set','pintua',NULL,NULL),(864,'AC012','set','acuarela',NULL,NULL),(865,'TJ001','unid.','Tijera',NULL,NULL),(866,'TJ003','unid.','Tijera',NULL,NULL),(867,'TJ005','unid.','Tijera',NULL,NULL),(868,'TJ127','unid.','Tijera',NULL,NULL),(869,'TJ128','unid.','Tijera',NULL,NULL),(870,'CT1000','unid.','Estilete',NULL,NULL),(871,'CT1001','unid.','Estilete',NULL,NULL),(872,'CT1008','unid.','Estilete',NULL,NULL),(873,'CP737','unid.','Compaz',NULL,NULL),(874,'CP838','unid.','Compaz',NULL,NULL),(875,'C948','unid.','Corrector',NULL,NULL),(876,'C959','unid.','Corrector',NULL,NULL),(877,'777','unid.','Cinta adesiva',NULL,NULL),(878,'BM7724','unid.','Lapiz',NULL,NULL),(879,'BM7712','unid.','Lapiz',NULL,NULL),(880,'P54','unid.','Lapiz',NULL,NULL),(881,'PJR4','unid.','Lapiz',NULL,NULL),(882,'P3000','unid.','Lapiz',NULL,NULL),(883,'P3001','unid.','Lapiz',NULL,NULL),(884,'P3002','unid.','Lapiz',NULL,NULL),(885,'P3003','unid.','Lapiz',NULL,NULL),(886,'P3004','unid.','Lapiz',NULL,NULL),(887,'892-12','set','Marcador',NULL,NULL),(888,'721-24','set','Marcador',NULL,NULL),(889,'2395','unid.','Marcador',NULL,NULL),(890,'7113','unid.','Marcador',NULL,NULL),(891,'1501','unid.','Marcador',NULL,NULL),(892,'GB-1','unid.','Boliografo',NULL,NULL),(893,'XY161','unid.','Boliografo',NULL,NULL),(894,'4370','unid.','Boliografo',NULL,NULL),(895,'432M','set','Boliografo',NULL,NULL),(896,'436-10','set','Boliografo',NULL,NULL),(897,'TG3462','unid.','Micropunta',NULL,NULL),(898,'GP2068','unid.','Micropunta',NULL,NULL),(899,'ZP1103','unid.','Micropunta',NULL,NULL),(900,'HR1165','unid','Goma',NULL,NULL),(901,'HR2117','unid','Goma',NULL,NULL),(902,'HR155','unid','Goma',NULL,NULL),(903,'HR3930','unid','Goma',NULL,NULL),(904,'HR113','unid','Goma',NULL,NULL),(905,'59','unid','Goma',NULL,NULL),(906,'UC8133','unid.','Tajador',NULL,NULL),(907,'TT927','unid.','Tajador',NULL,NULL),(908,'CT608','unid.','Tajador',NULL,NULL),(909,'6015-12','set','oleo',NULL,NULL),(910,'516-12','set','Crayon',NULL,NULL),(911,'2812-A','set','Acuarela',NULL,NULL),(912,'302','set','Estuche geometrico',NULL,NULL),(913,'BM661','unid.','Regla',NULL,NULL),(914,'DL001','unid.','Boligrafo con cadena',NULL,NULL),(915,'PO001','unid.','Tablero plastico',NULL,NULL),(916,'701','unid.','Boligrafo con Wato',NULL,NULL),(917,'MC401','set','Color',NULL,NULL),(918,'MC402','set','Color',NULL,NULL),(919,'MC403','set','Color',NULL,NULL),(920,'MC407','set','Color',NULL,NULL),(921,'MC408','set','Color',NULL,NULL),(922,'MC410','set','Color',NULL,NULL),(923,'MC406','unid.','Lapiz',NULL,NULL),(924,'MC409','unid.','Lapiz',NULL,NULL),(925,'MC404','unid.','Lapiz',NULL,NULL),(926,'MC405','unid.','Lapiz',NULL,NULL),(927,'MC411','unid.','Lapiz',NULL,NULL),(928,'MC412','unid.','Lapiz',NULL,NULL),(929,'MM601','set','Marcador',NULL,NULL),(930,'MM602','unid.','Marcador',NULL,NULL),(931,'MM603','unid.','Marcador',NULL,NULL),(932,'MM604','set','Marcador',NULL,NULL),(933,'MR201','unid.','Marcador',NULL,NULL),(934,'MB901','unid','Boligrafo',NULL,NULL),(935,'MB902-S','set','Boligrafo',NULL,NULL),(936,'MG801','unid','Micropunta',NULL,NULL),(937,'MG801-S','set','Micropunta',NULL,NULL),(938,'MG802','unid','Micropunta',NULL,NULL),(939,'MG803','unid','Micropunta',NULL,NULL),(940,'MG804','unid','Micropunta',NULL,NULL),(941,'MA501','unid','Micropunta',NULL,NULL),(942,'MA502','unid','Micropunta',NULL,NULL),(943,'NA500-01','unid','Caja de regalo Navideno grande',NULL,NULL),(944,'NA500-02','unid','Funda Navidena',NULL,NULL),(945,'NA500-03','pares','Pareja navidena',NULL,NULL),(946,'NA500-04','unid','Papanoel musical',NULL,NULL),(947,'NA500-05','unid','Adorno navideno circular',NULL,NULL),(948,'NA500-06','unid','bota navidena',NULL,NULL),(949,'NA500-07','unid','Pie de Arbol',NULL,NULL),(950,'NA500-08','unid','Corbata navidena',NULL,NULL),(951,'NA500-09','unid','Adorno navideno goma Eva',NULL,NULL),(952,'NA500-10','set','Targeta Navidena en set',NULL,NULL),(953,'NA500-11','unid','Targeta Navidena pequena',NULL,NULL),(954,'NA500-12','unid','Targeta Navidena ',NULL,NULL),(955,'NA500-13','unid','Adorno Navideno',NULL,NULL),(956,'PA101-3','hojas','Papel cebolla resma',NULL,NULL),(957,'PA101-2','hojas','Papel cebolla oficio',NULL,NULL),(958,'PA100','hojas','Papel fotografico mate',NULL,NULL),(959,'PA104-1','hojas','Acetato oficio',NULL,NULL),(960,'PA104-2','hojas','Acetato carta',NULL,NULL),(961,'PA102-1','hojas','Papel carbonico oficio',NULL,NULL),(962,'PA103-2','hojas','Papel marquilla carta  x25',NULL,NULL),(963,'PA103-1','hojas','Papel marquilla oficio  x25',NULL,NULL),(964,'PA105-3','hojas','Papel sabana resma',NULL,NULL),(965,'PA105-1','hojas',' hojas sabana oficio  x25',NULL,NULL),(966,'PA105-2','hojas',' hojas sabana carta  x25',NULL,NULL),(967,'PA1050','paq',' paq. Sabana oficio  ',NULL,NULL),(968,'PA105C','paq',' paq. Sabana carta',NULL,NULL),(969,'PA106-3','hojas',' hoja duplex resma',NULL,NULL),(970,'PA106-1','hojas',' hoja duplex oficio',NULL,NULL),(971,'PA107-3','hojas',' hoja triplex resma',NULL,NULL),(972,'PA107-1','hojas',' hoja triplex oficio',NULL,NULL),(973,'PA108','hojas',' hoja papel adhesivo oficio',NULL,NULL),(974,'CA100-1','hojas',' hoja cartulina hilada oficio',NULL,NULL),(975,'CA100','hojas',' hoja cartulina hilada 30x30',NULL,NULL),(976,'CA101-3','hojas',' hoja cartulina full color resma',NULL,NULL),(977,'CA101-1','hojas',' hoja cartulina full color oficio',NULL,NULL),(978,'CA101-2','hojas',' hoja cartulina full color carta',NULL,NULL),(979,'CA102-3','hojas',' cartulina resma',NULL,NULL),(980,'CA102-1','hojas',' cartulina oficio',NULL,NULL),(981,'PA109','hojas',' papel arana',NULL,NULL),(982,'PA110','hojas',' papel para forro',NULL,NULL),(983,'PA111-A','hojas',' papel de regalo grande',NULL,NULL),(984,'PA111-B','hojas',' papel de regalo pequeno',NULL,NULL),(985,'PA112','hojas',' papel estanado',NULL,NULL),(986,'PA113','hojas',' papel lustroso',NULL,NULL),(987,'CA103-A','hojas',' carton corrugado con diseno',NULL,NULL),(988,'CA103-B','hojas',' carton corrugado metalizado',NULL,NULL),(989,'PA114','hojas',' papel canson A3',NULL,NULL),(990,'PA115','hojas',' papel 3D',NULL,NULL),(991,'PA116','hojas',' papel celofan',NULL,NULL),(992,'PA117','hojas',' papel tornasol',NULL,NULL),(993,'PA118','hojas',' papel craft',NULL,NULL),(994,'PA119','hojas',' papel periodico',NULL,NULL),(995,'PA120','hojas',' papel aguayo',NULL,NULL),(996,'PA121','hojas',' papel madera',NULL,NULL),(997,'PA122-3','hojas',' papel bond resma',NULL,NULL),(998,'PA122-1','paq',' paquete chamex oficio',NULL,NULL),(999,'PA122-251','hojas','25 hojas chamex oficio',NULL,NULL),(1000,'PA122-2','paq',' paquete chamex carta',NULL,NULL),(1001,'PA122-252','hojas','25 hojas chamex carta',NULL,NULL),(1002,'PA122-4A','paq',' paquete chamex A4',NULL,NULL),(1003,'PA122-25A4','hojas','25 hojas chamex A4',NULL,NULL),(1004,'PA123-1','paq','paquete hojas de color oficio',NULL,NULL),(1005,'PA123-251','hojas','25 hojas de color oficio',NULL,NULL),(1006,'PA123-2','paq','paquete hojas de color carta',NULL,NULL),(1007,'PA123-252','hojas','25 hojas de color carta',NULL,NULL),(1008,'PA124-251','hojas','25 hojas bond doble oficio',NULL,NULL),(1009,'PA124-252','hojas','25 hojas bond doble carta',NULL,NULL),(1010,'CA104-1','hojas','hoja cartulina doble oficio',NULL,NULL),(1011,'CA104-2','hojas','hoja cartulina doble carta',NULL,NULL),(1012,'CA105-1','hojas','hoja cartrulina con brillo oficio',NULL,NULL),(1013,'PA125','paq','Hojas traper genesis ',NULL,NULL),(1014,'PA126-D','hojas',' papel crepe normal',NULL,NULL),(1015,'PA126-B','Set',' papel crepe con diseno',NULL,NULL),(1016,'PA126-C','hojas',' papel crepe fluorescente',NULL,NULL),(1017,'PA126-A','hojas',' papel crepe metalizado',NULL,NULL),(1018,'PA127','hojas',' papel seda',NULL,NULL),(1019,'PA128','block',' block milimetrado',NULL,NULL),(1020,'PA129-A','paq',' paq. Hojas traper rayado',NULL,NULL),(1021,'PA129-B','paq',' paq. hojas traper cuadriculado',NULL,NULL),(1022,'PA130-2','block',' block cuadernillo carta',NULL,NULL),(1023,'PA130-1','block',' block cuadernillo oficio',NULL,NULL),(1024,'PA130-2E','block',' block cuadernillo Elva carta',NULL,NULL),(1025,'PA130-1E','block',' block cuadernillo Elva oficio',NULL,NULL),(1026,'PA130','block',' block cuadernillo sin margen oficio',NULL,NULL),(1027,'PA131','paq',' paquete hojas de carpeta normal',NULL,NULL),(1028,'PA131-25','hojas','25 hojas carpeta normal',NULL,NULL),(1029,'PA131-E','paq',' paquete hojas de carpeta Elva',NULL,NULL),(1030,'PA131-25E','hojas','25 hojas de carpeta Elva',NULL,NULL),(1031,'PA131-B','paq',' paquete hojas de carpeta blancas',NULL,NULL),(1032,'PA131-25B','hojas','25 hojas de carpeta blancas',NULL,NULL),(1033,'PA131-R','paq',' paquete de hojas rayada',NULL,NULL),(1034,'PA131-25R','hojas','25 hojas de carpeta rayada',NULL,NULL),(1035,'PA131-C','paq',' paquete hojas de carpeta color',NULL,NULL),(1036,'PA131-25C','hojas','25 hojas de carpeta color',NULL,NULL),(1037,'PA131-G','paq','pq. Hojas de carpeta genesis (500)',NULL,NULL),(1038,'PA131-25G','hojas','25 hojas de carpeta Genesis',NULL,NULL),(1039,'PA132','rollos','papel adhesivo para forro ',NULL,NULL),(1040,'PO100','mts','metro Vinitan',NULL,NULL),(1041,'PO101','mts','metro Nylon',NULL,NULL),(1042,'PA133-F','hojas','papel Fluor',NULL,NULL),(1043,'PA134-D','rollos','papel adhesivo con diseno',NULL,NULL),(1044,'CU200-G','unid.','Cuaderno Genesis',NULL,NULL),(1045,'CU202-2T','unid.',' cuaderno carta TOP',NULL,NULL),(1046,'CU202-2LE','unid.',' cuaderno carta LIDER ECO',NULL,NULL),(1047,'CU202-2TC','unid.',' cuaderno carta TOP color',NULL,NULL),(1048,'CU202-2G','unid.',' cuaderno carta GENESIS ',NULL,NULL),(1049,'CU202-2T3D','unid.',' cuaderno carta TOP 3D',NULL,NULL),(1050,'CU202-2T200','unid.',' cuaderno carta 200 hojas TOP',NULL,NULL),(1051,'CU202-2HB','unid.',' cuaderno carta hojas blancas',NULL,NULL),(1052,'CU202-2E','unid.',' cuaderno carta ELVA',NULL,NULL),(1053,'CU202-2R','unid.',' cuaderno carta RAYADO',NULL,NULL),(1054,'CU202-2TR','unid.',' cuaderno carta rayado TOP',NULL,NULL),(1055,'CU202-25B','unid.',' cuaderno 5B carta',NULL,NULL),(1056,'CU202-2YC','unid.',' cuaderno YC carta',NULL,NULL),(1057,'CU202-2SBE','unid.',' cuaderno SBE carta',NULL,NULL),(1058,'CU202-2CG','unid.',' cuaderno COLLEGE carta',NULL,NULL),(1059,'CU202-1T','unid.',' cuaderno TOP oficio',NULL,NULL),(1060,'CU202-W','unid.','cuaderno WINNER',NULL,NULL),(1061,'CU202-T','unid.',' cuaderno TOP ',NULL,NULL),(1062,'CU202-LE','unid.',' cuaderno LIDER ECO',NULL,NULL),(1063,'CU202-T200','unid.',' cuaderno TOP 200 h.',NULL,NULL),(1064,'CU202-E','unid.',' cuaderno ELVA',NULL,NULL),(1065,'CU202-EL','unid.',' cuaderno ELVA LIDER',NULL,NULL),(1066,'CU202-SB','unid.',' cuaderno SB (clasic)',NULL,NULL),(1067,'CU202-YC','unid.',' cuaderno YC ',NULL,NULL),(1068,'CU202-ES','unid.',' cuaderno ESTILO',NULL,NULL),(1069,'CU202-50','unid.',' cuaderno 50 hojas',NULL,NULL),(1070,'LB100-SB','unid.',' Libreta SB',NULL,NULL),(1071,'LB100-ABCC','unid.',' Libreta ABC color',NULL,NULL),(1072,'LB100-ABC','unid.',' Libreta ABC ',NULL,NULL),(1073,'CU202-2CL','unid.','Cuaderno carta Clasic',NULL,NULL),(1074,'CU202-2W','unid.','Cuaderno carta Winer',NULL,NULL),(1075,'AG00A','unid.','Agenda A',NULL,NULL),(1076,'AG00B','unid.','Agenda B',NULL,NULL),(1077,'LB100-LE','unid.','Libreta con lentejuelas',NULL,NULL),(1078,'AG00U','unid.',' Agenda UNICA ',NULL,NULL),(1079,'AG00P','unid.',' Agenda PERPETUA',NULL,NULL),(1080,'CU202-PE','unid.',' Cuaderno pentagramado',NULL,NULL),(1081,'CU202-DI','unid.',' Cuaderno de dibujo',NULL,NULL),(1082,'CA001','unid.',' Cancionero Patriotico',NULL,NULL),(1083,'CU202-CF','unid.',' Cuaderno de Caligrafia',NULL,NULL),(1084,'LB101-TC','unid.',' Tapa de Carpeta',NULL,NULL),(1085,'LB102-FE','unid.',' Fabula de Esopo',NULL,NULL),(1086,'LB103-DS','unid.',' Diccionario Sopena',NULL,NULL),(1087,'LB104-D0','unid.',' Diccionario Oxford',NULL,NULL),(1088,'LB105-DA','unid',' Diccionario Aymara',NULL,NULL),(1089,'LB106-TP','unid',' Tabla Periodica',NULL,NULL),(1090,'LB107-TM','unid',' Tabla de Multiplicar',NULL,NULL),(1091,'LB108-HR','unid',' Horario',NULL,NULL),(1092,'LB109-CE','unid',' Calendario Escolar',NULL,NULL),(1093,'SM300-1/21','unid',' Sobre manila 1/2 oficio',NULL,NULL),(1094,'SM300-2','unid',' Sobre manila carta',NULL,NULL),(1095,'SM300-1','unid',' Sobre manila oficio',NULL,NULL),(1096,'SM300-22','unid',' Sobre manila doble carta',NULL,NULL),(1097,'SM300-21','unid',' Sobre manila doble oficio',NULL,NULL),(1098,'CU202-CI','unid',' Cuaderno Inicial',NULL,NULL),(1099,'CU202-PP','unid',' Cuaderno para Pintar',NULL,NULL),(1100,'LB110-FC','unid',' Libro de Fechas Civicas',NULL,NULL),(1101,'LB111-LP','unid',' Libro de Poemas',NULL,NULL),(1102,'LB112-DI','unid','Dicionario Inteligente',NULL,NULL),(1103,'LB113-JH','unid','Dicionario Inteligente Junior',NULL,NULL),(1104,'LB114-CA','unid','Tapa de Carpeta Alquimia',NULL,NULL),(1105,'MO001','bloc',' Mosaico Celofan',NULL,NULL),(1106,'MO04-F12','bloc',' Mosaico Fluorecente 12x12',NULL,NULL),(1107,'MO04-D15','bloc',' Mosaico con diseno 15x15',NULL,NULL),(1108,'MO04-12','bloc',' Mosaico 12x12',NULL,NULL),(1109,'MO04-15','bloc',' Mosaico 15x15',NULL,NULL),(1110,'MO04-20','bloc',' Mosaico 20x20',NULL,NULL),(1111,'MO04-25','bloc',' Mosaico 25x25',NULL,NULL),(1112,'MO04-1','bloc',' Mosaico oficio',NULL,NULL),(1113,'LB115-F1','pq',' Paquete Fundas Oficio',NULL,NULL),(1114,'LB116-F2','pq',' Paquete Fundas Carta',NULL,NULL),(1115,'BL117-BC','bloc',' Block Construccion',NULL,NULL),(1116,'LB118-FH','pq',' Paquete Ficheros',NULL,NULL),(1117,'LB119-PR','unid',' Proforma',NULL,NULL),(1118,'LB120-NE','unid',' Nota de Entrega',NULL,NULL),(1119,'LB121-NV','unid',' Nota de Venta',NULL,NULL),(1120,'LB122-SB','unid',' Sobre',NULL,NULL),(1121,'GE400-1B','unid',' Goma Eva con brillo oficio',NULL,NULL),(1122,'GB400-3BP','unid',' Goma Eva con brillo pliego',NULL,NULL),(1123,'GB400-1P','unid',' Goma Eva pleno oficio',NULL,NULL),(1124,'GE400-3P','unid',' Goma Eva pleno pliego',NULL,NULL),(1125,'GE400-3D','unid',' Goma Eva con diseno pliego',NULL,NULL),(1126,'GE400-3A','unid',' Goma Eva adhesivo pliego',NULL,NULL),(1127,'GE400-3AT','unid',' Goma Eva atoallada pliego',NULL,NULL),(1128,'GE400-FI','set',' Goma Eva en figuras',NULL,NULL),(1129,'GE400-PE','0',' Goma Eva personajes',NULL,NULL),(1130,'GE400-1ABC','0',' Goma Eva ABC oficio',NULL,NULL),(1131,'GE400-5MM','0',' Goma Eva 5 mm.',NULL,NULL),(1132,'GE400-FG','0',' Figura geometrica en Goma Eva',NULL,NULL),(1133,'FO01','pq',' Paquete Folder amarillo oficio (100)',NULL,NULL),(1134,'FO02','unid.',' Folder amarillo oficio',NULL,NULL),(1135,'FO03','pq',' Paquete folder amarillo carta(100)',NULL,NULL),(1136,'FO04','unid.',' Folder amarillo carta',NULL,NULL),(1137,'FO05','pq',' Paquete folder color oficio',NULL,NULL),(1138,'FO06','unid.',' Folder color oficio',NULL,NULL),(1139,'F007','unid.',' Flip oficio',NULL,NULL),(1140,'FO08','unid.',' Flip 8555A ',NULL,NULL),(1141,'FO09','unid.',' Folder Unicornio',NULL,NULL),(1142,'FO10','unid.',' Maleta Unicornio',NULL,NULL),(1143,'FO11','unid.',' Folder DELLO 1/2 oficio',NULL,NULL),(1144,'FO12','unid.',' Folder E 310',NULL,NULL),(1145,'FO13','unid.',' Folder 1888 A',NULL,NULL),(1146,'FO14','unid.',' Folder 1888 F',NULL,NULL),(1147,'FO15','unid.','  Folder S 56 F',NULL,NULL),(1148,'FO16','unid.',' Folder CE 152 A',NULL,NULL),(1149,'FO17','unid.',' Folder CE 152 F',NULL,NULL),(1150,'FO18','unid.',' Folder DELLO F',NULL,NULL),(1151,'FO19','unid.',' Folder 4188 F',NULL,NULL),(1152,'FO20','unid.',' Folder 4188 A',NULL,NULL),(1153,'FO21','unid.',' Folder 4302 F',NULL,NULL),(1154,'FO22','unid.',' Folder M 405 F',NULL,NULL),(1155,'FO23','unid.',' Folder M 405 A',NULL,NULL),(1156,'FO24','unid.',' Folder M 400 F',NULL,NULL),(1157,'F025','unid.',' Folder M 400 A',NULL,NULL),(1158,'FO26','unid.',' Folder M  0104 ',NULL,NULL),(1159,'FO27','unid.',' Folder SN 156 F',NULL,NULL),(1160,'FO28','unid.',' Folder SN 156 A',NULL,NULL),(1161,'FO29','unid.',' Folder CW 40 F',NULL,NULL),(1162,'FO30','unid.',' Folder CW 30 F',NULL,NULL),(1163,'FO31','unid.',' Folder CN 20 A',NULL,NULL),(1164,'FO32','unid.','Folder GC 2-DR30 A',NULL,NULL),(1165,'FO33','unid.',' Folder CW 2-DR30 F',NULL,NULL),(1166,'FO34','unid.',' Folder GC 3-DR30 F',NULL,NULL),(1167,'FO35','unid.',' Archivador CB 108 F',NULL,NULL),(1168,'FO36','unid.','Archivador CB 108 A',NULL,NULL),(1169,'FO37','unid.',' Archivador Palanca TOP F',NULL,NULL),(1170,'FO38','unid.',' Archivador Palanca CONDOR F',NULL,NULL),(1171,'FO39','unid.',' Folder Universitario F',NULL,NULL),(1172,'FO40','unid.',' Traper carta',NULL,NULL),(1173,'FO50','unid.',' Traper tamano carpeta',NULL,NULL),(1174,'FO51','unid.',' Traper con hojas TOP ',NULL,NULL),(1175,'FO52','unid.',' Archivador doble carta',NULL,NULL),(1176,'FO53','unid.',' Archivador doble oficio',NULL,NULL),(1177,'FO54','unid.',' Archivador rapido oficio',NULL,NULL),(1178,'FO55','unid.',' Archivador rapido carta (100)',NULL,NULL),(1179,'FO56','unid.',' Caja unicornio',NULL,NULL),(1180,'FO57','unid.','M 408 A',NULL,NULL),(1181,'FO58','unid.','M 408 F',NULL,NULL),(1182,'FO59','unid.',' Traper TOP carta',NULL,NULL),(1183,'MU001','unid',' Mochila MU 001',NULL,NULL),(1184,'MU002','unid',' Mochila MU 002',NULL,NULL),(1185,'MU003','unid',' Mochila MU 003',NULL,NULL),(1186,'MU004','unid',' Mochila MU 004',NULL,NULL),(1187,'MO05','unid',' Mochila con relieve',NULL,NULL),(1188,'MO06','unid',' Mochila Lego',NULL,NULL),(1189,'MO07','unid',' Lonchera con relieve',NULL,NULL),(1190,'MO08','unid','Mochila con brillo',NULL,NULL),(1191,'MO09','unid',' Mochila lentejuela carta',NULL,NULL),(1192,'MO10','unid',' Mochila lentejuela mediana',NULL,NULL),(1193,'MO11','unid',' Mochila Lisa brillosa',NULL,NULL),(1194,'MO12','unid',' Mochila Unicornio pequena',NULL,NULL),(1195,'MO13','unid',' Maleta Unicornio',NULL,NULL),(1196,'MO14','unid',' Estuchera 702- C',NULL,NULL),(1197,'MO15','unid',' Estuchera UPB',NULL,NULL),(1198,'MO16','unid',' Estuchera lentejuela',NULL,NULL),(1199,'MO17','unid',' Estuchera TT-A',NULL,NULL),(1200,'MO18','unid',' Estuchera TT-B',NULL,NULL),(1201,'MO19','unid',' Estuchera doble',NULL,NULL),(1202,'MO20','unid',' Estuchera MO103 ',NULL,NULL),(1203,'MO21','unid',' Monedero lentejuela',NULL,NULL),(1204,'MO22','unid',' Monedero Mochilita',NULL,NULL),(1205,'PE0A','unid.',' Peluche A',NULL,NULL),(1206,'PE0B','unid.',' Peluche B',NULL,NULL),(1207,'PE0C','unid.',' Peluche C',NULL,NULL),(1208,'PE0D','unid.',' Peluche D',NULL,NULL),(1209,'PE0E','unid.',' Peluche E',NULL,NULL),(1210,'PE0F','unid.',' Peluche F',NULL,NULL),(1211,'PE0G','unid.',' Peluche G',NULL,NULL),(1212,'PE0H','unid.',' Peluche H',NULL,NULL),(1213,'PE0I','unid.',' Peluche I',NULL,NULL),(1214,'JU01','unid.',' Tonka grande',NULL,NULL),(1215,'JU02','unid.',' Tonka classic',NULL,NULL),(1216,'JU03','unid.',' Tonka Frond Loader',NULL,NULL),(1217,'JU04','unid.',' Mapiuka',NULL,NULL),(1218,'JU05','unid.',' Baby Alive grande',NULL,NULL),(1219,'JU06','unid.',' Baby Alive pequena',NULL,NULL),(1220,'JU07','unid.',' Muneco playa',NULL,NULL),(1221,'JU08','unid.',' Muneco primer chupete',NULL,NULL),(1222,'JU09','unid.',' Muneco mellizos',NULL,NULL),(1223,'JU10','unid.',' Oso (masha)',NULL,NULL),(1224,'JU11','unid.',' Wonder Woman (mujer maravilla)',NULL,NULL),(1225,'JU12','unid.',' Jack Jack con sonido',NULL,NULL),(1226,'JU13','unid.',' Mister Increible',NULL,NULL),(1227,'JU14','unid.',' Jack Jack sin sonido',NULL,NULL),(1228,'JU15','unid.',' Capsula LOL rosada',NULL,NULL),(1229,'JU16','unid.',' Muneca Sirena',NULL,NULL),(1230,'JU17','unid.',' Pelota LOL A ',NULL,NULL),(1231,'JU18','unid.',' Doctora Juguete',NULL,NULL),(1232,'JU19','unid.',' Pelota LOL C',NULL,NULL),(1233,'JU20','unid.',' Soldier Forse chico',NULL,NULL),(1234,'JU21','unid.',' Dinosaurio de goma grande',NULL,NULL),(1235,'JU22','unid.','Almuada  Unicornio A ',NULL,NULL),(1236,'JU23','unid.','Almuada  Unicornio B ',NULL,NULL),(1237,'JU24','unid.','Tambor ',NULL,NULL),(1238,'JU25','unid.','Fun Auto 7 en 1',NULL,NULL),(1239,'JU26','unid.','Olaf',NULL,NULL),(1240,'JU27','unid.','Truck Abeja',NULL,NULL),(1241,'JU28','unid.','Soldier Force grande',NULL,NULL),(1242,'JU29','unid.','Buddy ',NULL,NULL),(1243,'JU30','unid.','Nenucos',NULL,NULL),(1244,'JU31','unid.',' Pelota A ',NULL,NULL),(1245,'JU32','unid.',' Pelota B',NULL,NULL),(1246,'JU33','unid.',' Pelota C',NULL,NULL),(1247,'JU34','unid.',' Pelota D',NULL,NULL),(1248,'JU35','unid.',' Juguete de Coleccion',NULL,NULL),(1249,'JU36','unid.',' Muneco Assassin Greed',NULL,NULL),(1250,'JU37','unid.',' Lego A',NULL,NULL),(1251,'JU38','unid.',' Lego B',NULL,NULL),(1252,'JU39','unid.',' Coleccion Dragon Boll',NULL,NULL),(1253,'JU40','unid.',' Camion Huina',NULL,NULL),(1254,'JU41','unid.',' Camion Truck',NULL,NULL),(1255,'JU42M','unid.',' Auto  Metalico pequeno',NULL,NULL),(1256,'JU42','unid.',' Auto Cars 6 en 1',NULL,NULL),(1257,'JU43','unid.',' Auto Avengers 5 en 1',NULL,NULL),(1258,'JU44','unid.',' Truck 3 en 1',NULL,NULL),(1259,'JU45','unid.',' Hombre Arana mediano ',NULL,NULL),(1260,'JU46','unid.',' Avengers en exibidor',NULL,NULL),(1261,'JU47','unid.',' Transformers en exibidor',NULL,NULL),(1262,'JU48','unid.','Super Mario coleccion',NULL,NULL),(1263,'JU49','unid.',' Juego de Pistolas',NULL,NULL),(1264,'JU50','unid.',' Juego de Herramientas',NULL,NULL),(1265,'JU51','unid.',' Flecha',NULL,NULL),(1266,'JU52','unid.',' Cuadratrack didactico',NULL,NULL),(1267,'JU53','unid.',' Soldados',NULL,NULL),(1268,'JU54','unid.',' Soy Luna A',NULL,NULL),(1269,'JU55','unid.',' Soy Luna B',NULL,NULL),(1270,'JU56','unid.',' juego Tazas',NULL,NULL),(1271,'JU57','unid.',' Barby Musical',NULL,NULL),(1272,'JU58','unid.',' Sirena Mermai',NULL,NULL),(1273,'JU59','unid.',' Muneca Frozzen B',NULL,NULL),(1274,'JU60','unid.',' Muneca Sunny Girl',NULL,NULL),(1275,'JU61','unid.',' Pony en caja',NULL,NULL),(1276,'JU62','unid.','Pescados',NULL,NULL),(1277,'JU63','unid.','Tambores',NULL,NULL),(1278,'JU64','unid.','soy Luna Paleta',NULL,NULL),(1279,'JU65','unid.','Cartera',NULL,NULL),(1280,'JU66','unid.','Cajas Unicornio pequeno',NULL,NULL),(1281,'JU67','unid.','Pistolas Avengers',NULL,NULL),(1282,'JU68','unid.','Baby Alive C',NULL,NULL),(1283,'JU69','unid.',' Pelota LOL B',NULL,NULL),(1284,'JU70','unid.',' LOL Snack Car',NULL,NULL),(1285,'JU71','unid.',' Muneca Model  Angel',NULL,NULL),(1286,'JU72','unid.',' Pepa Pig',NULL,NULL),(1287,'RE01','unid.',' Caja de regalo carton 3 en 1',NULL,NULL),(1288,'RE02','unid.',' Caja de regalo metal 3 en 1',NULL,NULL),(1289,'RE03','unid.',' Joyero Metalico',NULL,NULL),(1290,'RE04','unid.',' Portalapicero metalico',NULL,NULL),(1291,'RE05','unid.',' Torre de Paris',NULL,NULL),(1292,'RE06','unid.',' Organizador  Armable',NULL,NULL),(1293,'RE07','unid.',' Corbata en Caja',NULL,NULL),(1294,'RE08','unid.',' Vaso de Futbol',NULL,NULL),(1295,'RE09','unid.',' Billetera Dama A',NULL,NULL),(1296,'RE10','unid.',' Billetera Dama B',NULL,NULL),(1297,'RE11','unid.',' Billetera Dama C',NULL,NULL),(1298,'RE12','unid.',' Billetera Varon A',NULL,NULL),(1299,'RE13','unid.',' Billetera Varon B',NULL,NULL),(1300,'RE14','unid.',' Billetera Varon C',NULL,NULL),(1301,'RE15','unid.',' Cinturon',NULL,NULL),(1302,'RE16','unid.',' Espejo doble',NULL,NULL),(1303,'RE17','unid.',' Plancha GV-118',NULL,NULL),(1304,'RE18','unid.',' Juego de Llaveros',NULL,NULL),(1305,'RE19','unid.',' Juego de Cortaunas',NULL,NULL),(1306,'RE20','unid.',' Adorno Baby Showers',NULL,NULL),(1307,'RE21','unid.',' Portaretrato A',NULL,NULL),(1308,'RE22','unid.',' Portaretrato B',NULL,NULL),(1309,'RE23','unid.',' Portaretrato C',NULL,NULL),(1310,'RE24','unid.',' Portaretrato D',NULL,NULL),(1311,'RE25','unid.',' Album A',NULL,NULL),(1312,'RE26','unid.',' Album B',NULL,NULL),(1313,'RE27','unid.',' Album C',NULL,NULL),(1314,'RE28','unid.','Auto LOL',NULL,NULL),(1315,'RE28A','unid.','Muneca Ada',NULL,NULL),(1316,'RE29','unid.','Toma Todo MM',NULL,NULL),(1317,'RE30','unid.','Maseteros',NULL,NULL),(1318,'RE31','unid.','Album cerrado',NULL,NULL),(1319,'RE32','unid.',' Album armable A',NULL,NULL),(1320,'RE33','unid.',' Album armable B',NULL,NULL),(1321,'RE34','unid.',' Album armable C',NULL,NULL),(1322,'RE35','unid.',' Reloj de pared',NULL,NULL),(1323,'RE36','unid.',' Reloj Buho',NULL,NULL),(1324,'RE37','unid.',' Cuadro de adorno',NULL,NULL),(1325,'RE38','unid.',' Moto de madera',NULL,NULL),(1326,'RE39','unid.',' Vela Electrica ',NULL,NULL),(1327,'RE40','unid.',' Vela Aromatica',NULL,NULL),(1328,'RE41','unid.',' Alcancia Star Wars',NULL,NULL),(1329,'RE42','unid.',' Mapa Mundi',NULL,NULL),(1330,'RE43','unid.',' Alcancia Soldado',NULL,NULL),(1331,'RE44','unid.',' Alcancia infantil',NULL,NULL),(1332,'RE45','unid.',' Portalapicero Oso',NULL,NULL),(1333,'RE46','unid.',' Lampara Infantil',NULL,NULL),(1334,'RE47','unid.',' Lampara ',NULL,NULL),(1335,'RE48','unid.',' Audifonos Emojis',NULL,NULL),(1336,'RE49','unid.',' Bolsa de regalo A',NULL,NULL),(1337,'RE50','unid.',' Bolsa de regalo B',NULL,NULL),(1338,'RE51','unid.',' Bolsa de regalo C',NULL,NULL),(1339,'RE52','unid.',' Prendedor',NULL,NULL),(1340,'RE53','unid.',' Canicas de Iman',NULL,NULL),(1341,'RE54','unid.',' Sujetador de celular',NULL,NULL),(1342,'RE55','unid.',' Llavero A',NULL,NULL),(1343,'RE56','unid.',' Llavero B',NULL,NULL),(1344,'RE57','unid.',' Llavero C',NULL,NULL),(1345,'RE58','unid.',' Llavero D',NULL,NULL),(1346,'RE59','unid.','Llaveros E',NULL,NULL),(1347,'RE60','unid.','Slam (asquimuco)',NULL,NULL),(1348,'RE61','unid.','Collar con Arete',NULL,NULL),(1349,'PL01','Unid.',' Rompecabeza A',NULL,NULL),(1350,'PL02','Unid.',' Rompecabeza B',NULL,NULL),(1351,'PL03','Unid.',' Rompecabeza C',NULL,NULL),(1352,'PL04','Unid.',' Reloj didactico',NULL,NULL),(1353,'PL05','Unid.',' Yenga 5 en 1',NULL,NULL),(1354,'PL06','Unid.',' Ajedrez 8 en 1',NULL,NULL),(1355,'PL07','Unid.',' Bus didactico',NULL,NULL),(1356,'PL08','Unid.',' Zapato didactico',NULL,NULL),(1357,'PL09','Unid.',' Numeros en caja',NULL,NULL),(1358,'PL10','Unid.',' Numeros de madera',NULL,NULL),(1359,'PL11','Unid.',' ABC de madera',NULL,NULL),(1360,'PL12','Unid.',' Figura geometrica de madera',NULL,NULL),(1361,'PL13','Unid.',' Abaco Caracol',NULL,NULL),(1362,'PL14','Unid.',' Abaco Jirafa',NULL,NULL),(1363,'PL15','Unid.',' Abaco mas tabla A',NULL,NULL),(1364,'PL16','Unid.',' Abaco mas tabla B',NULL,NULL),(1365,'PL17','Unid.',' Abaco numeral',NULL,NULL),(1366,'PL18','Unid.',' Abaco vertical A',NULL,NULL),(1367,'PL19','Unid.',' Abaco vertical B',NULL,NULL),(1368,'PL20','Unid.',' Tren didactico',NULL,NULL),(1369,'PL21','Unid.',' Rana Tambor',NULL,NULL),(1370,'PL22','Unid.',' Block armable',NULL,NULL),(1371,'PL23','Unid.','Tamgram',NULL,NULL),(1372,'PO01','unid.',' Set planas orquillas',NULL,NULL),(1373,'PO02','unid.',' Set de orquillas',NULL,NULL),(1374,'PO03','unid.',' Traba A',NULL,NULL),(1375,'PO04','unid.',' Traba B',NULL,NULL),(1376,'PO05','unid.',' Pirana A',NULL,NULL),(1377,'PO06','unid.',' Pirana B',NULL,NULL),(1378,'PO07','unid.',' Pirana C',NULL,NULL),(1379,'PO08','unid.',' Mono para cabello A',NULL,NULL),(1380,'PO09','unid.',' Mono para cabello B',NULL,NULL),(1381,'PO10','unid.',' Mono para cabello C',NULL,NULL),(1382,'PO11','par',' Set Ligas',NULL,NULL),(1383,'PO12','set',' Tiara (matrimonio)',NULL,NULL),(1384,'PO13','unid.',' Red de mono',NULL,NULL),(1385,'PO14','par',' Pili para bebe',NULL,NULL),(1386,'PO15','unid.',' Par de gogo A',NULL,NULL),(1387,'PO17','unid.',' Par de gogo B',NULL,NULL),(1388,'PO18','unid.',' Cinta de agua',NULL,NULL),(1389,'PO19','unid.',' Wincha de raton ',NULL,NULL),(1390,'PO20','unid.',' Wincha de conejo',NULL,NULL),(1391,'PO21','unid.',' Wincha A',NULL,NULL),(1392,'PO22','unid.',' Wincha B',NULL,NULL),(1393,'PO23','unid.',' Mascara Batman',NULL,NULL),(1394,'PO24','unid.',' Lente payaso',NULL,NULL),(1395,'PO25','unid.','Wincha de diablo',NULL,NULL),(1396,'BAT01','unid.',' Bateria 12V',NULL,NULL),(1397,'VA01','unid.',' Cinta doble contacto 1 cm.',NULL,NULL),(1398,'VA02','unid.',' Cinta doble contacto 1.  1/2 cm.',NULL,NULL),(1399,'VA03','unid.',' Cinta doble contacto 2 cm.',NULL,NULL),(1400,'VA04','unid.',' Scoch Tornasol',NULL,NULL),(1401,'VA05','unid.',' Scoch 100 yrd',NULL,NULL),(1402,'VA06','unid.',' Scoch 30 yrd',NULL,NULL),(1403,'VA07','unid.',' Masquin 5 cm.',NULL,NULL),(1404,'VA08','unid.',' Masquin 3.5 cm.',NULL,NULL),(1405,'VA09','unid.',' Masquin 2.5 cm.',NULL,NULL),(1406,'VA10','unid.',' Masquin de 2 cm.',NULL,NULL),(1407,'VA11','unid.',' Masquin de 1 cm.',NULL,NULL),(1408,'VA12','unid.',' Scoch con diseno',NULL,NULL),(1409,'VA13','unid.',' Yurex Tornasol A',NULL,NULL),(1410,'VA14','unid.',' Yurex Tornasol B',NULL,NULL),(1411,'VA15','unid.',' Yurex Tornasol C',NULL,NULL),(1412,'VA16','unid.',' Yurex con diseno A',NULL,NULL),(1413,'VA17','unid.',' Yurex con diseno B',NULL,NULL),(1414,'VA18','unid.',' Yurex A',NULL,NULL),(1415,'VA19','unid.',' Yurex B',NULL,NULL),(1416,'VA20','unid.',' Yurex encaje',NULL,NULL),(1417,'VA21','unid.',' Set Yurex surtido',NULL,NULL),(1418,'VA22','unid.',' Set Silicona en barra glitter',NULL,NULL),(1419,'VA23','unid.',' Silicona en barra',NULL,NULL),(1420,'VA24','unid.',' Abanico',NULL,NULL),(1421,'VA25','unid.',' UHU 8.2 gramos',NULL,NULL),(1422,'VA26','unid.',' UHU 21 gramos',NULL,NULL),(1423,'VA27','unid.',' Isocola 20 gramos',NULL,NULL),(1424,'VA28','unid.',' Isocola 40 gramos',NULL,NULL),(1425,'VA29','unid.',' Isocola 80 gramos',NULL,NULL),(1426,'VA30','unid.',' lana escolar',NULL,NULL),(1427,'VA31','unid.',' quillo de lana',NULL,NULL),(1428,'VA32','unid.',' Cola de Rata',NULL,NULL),(1429,'VA33','unid.',' Toalla A',NULL,NULL),(1430,'VA34','unid.',' Toalla B',NULL,NULL),(1431,'VA35','unid.',' Set de Palitos chinos',NULL,NULL),(1432,'VA36','unid.',' Set de Palitos de helado',NULL,NULL),(1433,'VA37','unid.',' Set de Palitos de helado color',NULL,NULL),(1434,'VA38','unid.',' Cinta Satin 10 mm. (Nro 2)',NULL,NULL),(1435,'VA39','unid.',' Cinta Satin 15 mm.',NULL,NULL),(1436,'VA40','unid.',' Cinta Satin 0.7 mm. (Nro 1)',NULL,NULL),(1437,'VA41','unid.',' Bastidor A',NULL,NULL),(1438,'VA42','unid.',' Bastidor B',NULL,NULL),(1439,'VA43','unid.',' Bastidor C',NULL,NULL),(1440,'VA44','unid.',' Bastidor D',NULL,NULL),(1441,'VA45','unid.',' Bastidor E',NULL,NULL),(1442,'VA46','unid.',' Hilo 500 yds',NULL,NULL),(1443,'VA47','unid.',' Hilo 100 yds',NULL,NULL),(1444,'VA48','unid.',' Hilo de salon',NULL,NULL),(1445,'VA49','unid.',' Mechilla',NULL,NULL),(1446,'VA50','unid.',' Hilo de  pesca',NULL,NULL),(1447,'VA51','unid.',' Cinta metrica',NULL,NULL),(1448,'VA52','unid.',' Clip 33 mm',NULL,NULL),(1449,'VA53','unid.',' Clip 50 mm.',NULL,NULL),(1450,'VA54','set',' Clip mariposa # 1',NULL,NULL),(1451,'VA55','set',' Clip mariposa # 2',NULL,NULL),(1452,'VA56','set',' Set chinche',NULL,NULL),(1453,'VA57','set',' Chinche mariposa',NULL,NULL),(1454,'VA58','set',' Set chinche mariposa',NULL,NULL),(1455,'VA59','unid.',' Set chinche color',NULL,NULL),(1456,'VA60','set',' Set alfiler',NULL,NULL),(1457,'VA61','hojas',' Sticker tatuaje',NULL,NULL),(1458,'VA62','unid.','Encendedor',NULL,NULL),(1459,'VA63','unid.',' Blinder 15 mm',NULL,NULL),(1460,'VA64','unid.',' Blinder 19 mm. (40 pzs)',NULL,NULL),(1461,'VA65','unid.',' Blinder 25 mm. (48 pzs.)',NULL,NULL),(1462,'VA66A','unid.',' Blinder 32 mm. ',NULL,NULL),(1463,'VA66','unid.',' Blinder 41 mm.',NULL,NULL),(1464,'VA67','unid.',' Blinder 51 mm.',NULL,NULL),(1465,'VA68','unid.',' Set cartas',NULL,NULL),(1466,'VA69','unid.',' Espejo cuadrado pequeno',NULL,NULL),(1467,'VA70','unid.',' Espejo redondo pequeno',NULL,NULL),(1468,'VA71','unid.',' Espejo cuadrado grande',NULL,NULL),(1469,'VA72','unid.',' Estilette eco grande ',NULL,NULL),(1470,'VA73','unid.',' Estilette eco pequeno',NULL,NULL),(1471,'VA74','unid.',' Pistola para Silicona',NULL,NULL),(1472,'VA75','unid.',' Super Glue',NULL,NULL),(1473,'VA76','unid.',' Corta unas',NULL,NULL),(1474,'VA77','unid.',' Silbato',NULL,NULL),(1475,'VA78','unid.',' Pinza Negra',NULL,NULL),(1476,'VA79','unid.',' Pinza Metalica',NULL,NULL),(1477,'VA80','unid.',' Mentisan',NULL,NULL),(1478,'VA81','unid.',' Vaselina pequena',NULL,NULL),(1479,'VA82','set',' Set Duracell AA (6 en 1)',NULL,NULL),(1480,'VA83','set',' Set Duracell AAA  (6 en 1)',NULL,NULL),(1481,'VA84','set',' Set Energizer AA (6 en 1)',NULL,NULL),(1482,'VA85','set',' Set Energizer AAA (6 en 1)',NULL,NULL),(1483,'BA86','set',' Set Sony AA (4 en 1)',NULL,NULL),(1484,'VA87','set',' Set Sony AAA (4 en 1)',NULL,NULL),(1485,'VA89','set',' Set Panasonic AA (4 en 1)',NULL,NULL),(1486,'VA90','set',' Set Sony ultra AA (4 en 1)',NULL,NULL),(1487,'VA91','unid.',' Bateria Toshiba',NULL,NULL),(1488,'VA92','set',' set Panasonic  extra AAA (4 en 1)',NULL,NULL),(1489,'VA93','set',' Par Toshiba AAA',NULL,NULL),(1490,'VA94','unid.',' Silicona Liquida Merletto 30 ml.',NULL,NULL),(1491,'VA95','unid.',' Silicona Liquida Merletto 100 ml.',NULL,NULL),(1492,'VA96','unid.',' Silicona Liquida UHU 200 ml.',NULL,NULL),(1493,'VA97','unid.',' Ribecola 1/2 kilo (500 grs)',NULL,NULL),(1494,'VA98','unid.',' Ribecola 250 grs',NULL,NULL),(1495,'VA99','unid.',' Ribecola 80 grs',NULL,NULL),(1496,'VA100','unid.',' Ribecola 40 grs',NULL,NULL),(1497,'VA101','unid.',' Monopol Pomo 300 cc.',NULL,NULL),(1498,'VA102','unid.',' Monopol Pomo 75 ml ',NULL,NULL),(1499,'VA103','unid.',' Monopol con pico 250 ml',NULL,NULL),(1500,'VA104','unid.',' Monopol con pico 90 ml',NULL,NULL),(1501,'VA105','unid.',' Monopol con pico 40 ml',NULL,NULL),(1502,'VA106','unid.',' Acrilex',NULL,NULL),(1503,'VA107','unid.',' Acrilex metalizado',NULL,NULL),(1504,'VA108','unid.',' Glitter para papel',NULL,NULL),(1505,'VA109','unid.',' Glitter para tela',NULL,NULL),(1506,'VA110','unid.',' Tampo dactilar',NULL,NULL),(1507,'VA112','unid.',' Tampo madison',NULL,NULL),(1508,'VA113','unid.',' Barbijo',NULL,NULL),(1509,'VA114','unid.',' Set panuelos dama ',NULL,NULL),(1510,'VA115','unid.',' Panuelo dama',NULL,NULL),(1511,'VA116','unid.',' Set panuelo Varon',NULL,NULL),(1512,'VA117','unid.','  guante quirurgico',NULL,NULL),(1513,'VA118','unid.','  guante de goma (Asatex)',NULL,NULL),(1514,'VA119','unid.',' Portacredencial A',NULL,NULL),(1515,'VA120','unid.',' Portacredencial B',NULL,NULL),(1516,'VA121','unid.',' Almohadilla de madera',NULL,NULL),(1517,'VA122','unid.',' Almohadilla de plastico',NULL,NULL),(1518,'VA123','unid.',' Boton',NULL,NULL),(1519,'VA124','unid.',' Globo',NULL,NULL),(1520,'VA125','unid.',' Tiza',NULL,NULL),(1521,'VA126','unid.','CD princo',NULL,NULL),(1522,'VA127','unid.','Goma Spider Man',NULL,NULL),(1523,'VA128','unid.',' C-D mas funda',NULL,NULL),(1524,'VA129','unid.',' Funda para C- D',NULL,NULL),(1525,'VA130','unid.',' Crema de calzado A',NULL,NULL),(1526,'VA131','unid.',' Crema de calzado B',NULL,NULL),(1527,'VA132','unid.',' Peine pequeno',NULL,NULL),(1528,'VA133','unid.',' Globo con tijera',NULL,NULL),(1529,'VA134','unid.',' Pata Pata',NULL,NULL),(1530,'VA135','unid.',' Soga ',NULL,NULL),(1531,'VA136','unid.',' Par de pompones',NULL,NULL),(1532,'VA137','unid.',' Mandil escolar',NULL,NULL),(1533,'VA138','unid.',' Purpurina',NULL,NULL),(1534,'VA139','unid.',' Lentejuela (cabellos)',NULL,NULL),(1535,'VA140','unid.',' Stickers ',NULL,NULL),(1536,'VA141','unid.',' Stickers 3D',NULL,NULL),(1537,'VA142','unid.',' Gorra Lentejuela',NULL,NULL),(1538,'VA143','unid.',' Pizarra acrilica',NULL,NULL),(1539,'VA144','unid.',' Juego de pincel blanco',NULL,NULL),(1540,'VA145','unid.',' Juego pincel café',NULL,NULL),(1541,'VA146','unid.',' Goma didactico',NULL,NULL),(1542,'VA147','unid.',' Posit en formas',NULL,NULL),(1543,'VA148','unid.',' Posit 3 x 3',NULL,NULL),(1544,'VA149','unid.',' Posit 4 en 1',NULL,NULL),(1545,'VA150','unid.',' Zampona escolar',NULL,NULL),(1546,'VA151','unid.',' Flauta Madison',NULL,NULL),(1547,'VA152','unid.',' Arandela Bic',NULL,NULL),(1548,'VA153','unid.',' Senalador Flecha',NULL,NULL),(1549,'VA154','unid.',' Senalador numeral',NULL,NULL),(1550,'VA155','unid.',' Set pestana de colores',NULL,NULL),(1551,'VA156','unid.',' Pestana plastica',NULL,NULL),(1552,'VA157','unid.',' Regla 50 cm. (Artesco)',NULL,NULL),(1553,'VA158','unid.',' Transportador 360',NULL,NULL),(1554,'VA159','unid.',' Transportador 180',NULL,NULL),(1555,'VA160','unid.','Calculadoras FX-991LAX',NULL,NULL),(1556,'VA161','unid.','Calculadora EX- 82LA',NULL,NULL),(1557,'VA162','unid.','Calculadora MS-20MC-BRD',NULL,NULL),(1558,'VA163','unid.','Tintas Epson 664',NULL,NULL),(1559,'VA164','unid.',' Regla para circulos',NULL,NULL),(1560,'VA165','unid.',' Fastener plastico',NULL,NULL),(1561,'VA166','unid.',' Fastener metalico (Isofit)',NULL,NULL),(1562,'VA167','unid.',' Estuche geometrico 15 cm.',NULL,NULL),(1563,'VA168','unid.',' Set fastener (Velox)',NULL,NULL),(1564,'VA169','unid.',' Paleta A',NULL,NULL),(1565,'VA170','unid.',' Paleta B',NULL,NULL),(1566,'VA171','unid.',' Guato de carpeta',NULL,NULL),(1567,'VA172','unid.',' Calculadora Casio LC-403TV',NULL,NULL),(1568,'VA173','unid.',' Calculadora Casio SL-300NC-RD',NULL,NULL),(1569,'VA174','unid.',' Venesta oficio',NULL,NULL),(1570,'VA175','unid.',' Venesta 30x30',NULL,NULL),(1571,'VA176','unid.',' Venesta 30x40',NULL,NULL),(1572,'VA177','unid.',' Corrector magico',NULL,NULL),(1573,'VA178','unid.',' Micropunta metalizada (Monami)',NULL,NULL),(1574,'VA179','unid.',' Tiralinea',NULL,NULL),(1575,'VA180','unid.',' Boligrafo con goma Pilot',NULL,NULL),(1576,'VA181','unid.',' Boligrafo Pilot',NULL,NULL),(1577,'VA182','unid.',' Boligrafo Mon Ami',NULL,NULL),(1578,'VA183','unid.',' Boligrafo Stabilo Liner',NULL,NULL),(1579,'VA184','unid.',' Protector de Boligrafo',NULL,NULL),(1580,'VA185','unid.',' Compaz MAPED',NULL,NULL),(1581,'VA186','unid.',' Boligrafo Bille',NULL,NULL),(1582,'VA187','unid.',' Puntero Laser',NULL,NULL),(1583,'VA188','unid.',' Marcador agua Stabilo',NULL,NULL),(1584,'VA189','unid.',' Goma de borrar Stabilo',NULL,NULL),(1585,'VA190','unid.',' Grampa 24/6',NULL,NULL),(1586,'VA191','unid.',' Tarjeta con sobre',NULL,NULL),(1587,'VA192','unid.',' metro Yute escolar',NULL,NULL),(1588,'VA193','unid.',' Figurita recortable ',NULL,NULL),(1589,'VA194','unid.',' Mono de regalo A',NULL,NULL),(1590,'VA195','unid.',' Mono de regalo B',NULL,NULL),(1591,'VA196','juego','Set Micropunta Stabilo x 30',NULL,NULL),(1592,'VA197','unid.',' Color Jumbo Stabilo',NULL,NULL),(1593,'VA198','unid.',' Color largo Stabilo',NULL,NULL),(1594,'VA199','unid.',' Marcador TRIO Stabilo',NULL,NULL),(1595,'VA200','set',' Set de color 24 pzs. Faber',NULL,NULL),(1596,'VA201','set',' set de color largo Faber',NULL,NULL),(1597,'VA202','set',' set de marcador Fiesta Faber',NULL,NULL),(1598,'VA203','set',' Set de marcador Grip Faber',NULL,NULL),(1599,'VA204','unid.',' Oleo color negro',NULL,NULL),(1600,'VA205','unid.',' Micropunta Stabilo',NULL,NULL),(1601,'VA206','set',' Set micropunta Stabilo x25pzs',NULL,NULL),(1602,'VA207','unid.',' Porta plano grande',NULL,NULL),(1603,'VA208','unid.',' Pincel tigre Nro 0',NULL,NULL),(1604,'VA209','unid.',' Pincel tigre Nro 2',NULL,NULL),(1605,'VA210','unid.',' Pincel tigre Nro 4',NULL,NULL),(1606,'VA211','unid.','Pincel tigre Nro 6',NULL,NULL),(1607,'VA212','unid.','Pincel tigre Nro 8',NULL,NULL),(1608,'VA213','unid.','Pincel tigre Nro 10',NULL,NULL),(1609,'VA214','unid.','Pincel tigre Nro 12',NULL,NULL),(1610,'VA215','unid.','Algodon',NULL,NULL),(1611,'VA216','unid.','Gancho Grueso',NULL,NULL),(1612,'VA217','unid.','Set de gancho A',NULL,NULL),(1613,'VA218','unid.','Set de gancho b',NULL,NULL),(1614,'VA219','unid.','Set de gancho C',NULL,NULL),(1615,'VA220','unid.','Set de agujas',NULL,NULL),(1616,'VA221','unid.','Par de agujas punta roma',NULL,NULL),(1617,'VA222','unid.','Aguja punta Roma',NULL,NULL),(1618,'VA223','unid.','Aguja Dorada',NULL,NULL),(1619,'VA224','unid.','Aguja Plastica',NULL,NULL),(1620,'VA225','unid.','Palillo',NULL,NULL),(1621,'VA226','unid.','Escalimetro Maped',NULL,NULL),(1622,'VA227','unid.','Cinta Aislante Globe',NULL,NULL),(1623,'VA228','unid.','Cinta Aislante Marutex',NULL,NULL),(1624,'VA229','unid.','Docena lapiz Faber',NULL,NULL),(1625,'VA230','unid.','Lapiz Faber',NULL,NULL),(1626,'VA231','unid.','Filigrama',NULL,NULL),(1627,'VA232','unid.','Cuerpo Humano Armable',NULL,NULL),(1628,'VA233','unid.','Laminas',NULL,NULL),(1629,'VA234','unid.','Etiqueta nombre',NULL,NULL),(1630,'VA235','unid.','Etiqueta Materias',NULL,NULL),(1631,'VA236','unid.','Stiker para nombres',NULL,NULL),(1632,'VA237','unid.','Plastoformo 1cm',NULL,NULL),(1633,'VA238','unid.','plastoformo 1,5cm',NULL,NULL),(1634,'VA239','unid.','Plastoformo 2 cm',NULL,NULL),(1635,'VA240','unid.','Plastoformo 2,5cm',NULL,NULL),(1636,'VA241','unid.','Plastoformo  3cm',NULL,NULL),(1637,'VA242','unid.','Plastoformo 50x50',NULL,NULL),(1638,'P7002','set','Color P7002',NULL,NULL),(1639,'P7000','set','Color P7000',NULL,NULL),(1640,'P5000','set','color P5000',NULL,NULL),(1641,'P7018','set','Color P7018',NULL,NULL),(1642,'P9200','set','Color P9200',NULL,NULL),(1643,'PF9006','set','Color PF9006',NULL,NULL),(1644,'P9090','set','Color P9090',NULL,NULL),(1645,'P889','set','Color P889',NULL,NULL),(1646,'P6000','doc.','Lapiz P6000',NULL,NULL),(1647,'P8006','doc.','Lapiz P8006',NULL,NULL),(1648,'P6002B','doc.','Lapiz p6002B',NULL,NULL),(1649,'PT8006','doc.','Lapiz 8066',NULL,NULL),(1650,'P8002A','unid.','Lapiz p8002',NULL,NULL),(1651,'P9000','unid.','Lapiz p9000',NULL,NULL),(1652,'PT9060','unid.','Lapiz  pt9060',NULL,NULL),(1653,'P9058','unid.','Lapiz p9058',NULL,NULL),(1654,'P9058J','unid.','lapiz p9058j',NULL,NULL),(1655,'1B','unid.','Lapiz 1B',NULL,NULL),(1656,'2B','unid.','Lapiz 2B',NULL,NULL),(1657,'4B','unid.','Lapiz 4B',NULL,NULL),(1658,'5B','unid.','Lapiz 5B',NULL,NULL),(1659,'6B','unid.','Lapiz 6B',NULL,NULL),(1660,'7B','unid.','Lapiz 7B',NULL,NULL),(1661,'8B','unid.','Lapiz 8B',NULL,NULL),(1662,'10B','unid.','Lapiz 10B',NULL,NULL),(1663,'P600G','unid.','Lapiz p600a',NULL,NULL),(1664,'1H','unid.','Lapiz 1H',NULL,NULL),(1665,'3H','unid.','Lapiz 3H',NULL,NULL),(1666,'4H','unid.','Lapiz 4H',NULL,NULL),(1667,'5H','unid.','Lapiz 5H',NULL,NULL),(1668,'6H','unid.','Lapiz 6H',NULL,NULL),(1669,'7H','unid.','Lapiz 7H',NULL,NULL),(1670,'M400S','set','marcador M400s',NULL,NULL),(1671,'M2040','set','marcador M2040',NULL,NULL),(1672,'M2223','set','marcador M2223',NULL,NULL),(1673,'C380','set','marcador C380',NULL,NULL),(1674,'M2037','set','marcador M2037',NULL,NULL),(1675,'M2001','set','marcador M2001',NULL,NULL),(1676,'M2033','set','marcador M2033',NULL,NULL),(1677,'M2034','set','marcador M2034',NULL,NULL),(1678,'M2035','set','marcador M2035',NULL,NULL),(1679,'M2036','set','marcador M2036',NULL,NULL),(1680,'M2020S','set','marcador M2020s',NULL,NULL),(1681,'PU2000S','set','marcador Pu2000s',NULL,NULL),(1682,'5036','unid','marcador 5036',NULL,NULL),(1683,'PU2006','unid','marcador PU2006',NULL,NULL),(1684,'D886','unid','marcador D886',NULL,NULL),(1685,'D328','unid','marcador D328',NULL,NULL),(1686,'8000B','unid','Detector 8000B',NULL,NULL),(1687,'RE325','unid','resaltador RE325',NULL,NULL),(1688,'RE630','unid','resaltador RE630',NULL,NULL),(1689,'2098','unid','resaltador 2098',NULL,NULL),(1690,'RE620S','unid','resaltador RE620s',NULL,NULL),(1691,'RE650','unid','resaltador RE650',NULL,NULL),(1692,'RE330','unid','resaltador RE330',NULL,NULL),(1693,'M5025','unid','marcador M5025',NULL,NULL),(1694,'RP075','unid','repuesto de marcador RP075',NULL,NULL),(1695,'CO30','unid.','corrector ',NULL,NULL),(1696,'C018','unid.','corrector ',NULL,NULL),(1697,'GU040','unid.','pegamento ',NULL,NULL),(1698,'GU021','unid.','pegamento ',NULL,NULL),(1699,'GU008','unid.','pegamento',NULL,NULL),(1700,'P925','unid.','portaminas ',NULL,NULL),(1701,'P309-2','unid.','portaminas ',NULL,NULL),(1702,'P310-2','unid.','poetaminas',NULL,NULL),(1703,'P922-07','unid.','portaminas ',NULL,NULL),(1704,'P6032-07','unid.','portaminas ',NULL,NULL),(1705,'P922-09','unid.','portaminas ',NULL,NULL),(1706,'P909','unid.','portaminas ',NULL,NULL),(1707,'P922-05','unid.','portaminas ',NULL,NULL),(1708,'P901','unid.','portaminas',NULL,NULL),(1709,'P309','unid.','portaminas ',NULL,NULL),(1710,'P310','unid.','portaminas ',NULL,NULL),(1711,'P220','unid.','portaminas ',NULL,NULL),(1712,'P229','unid.','portaminas ',NULL,NULL),(1713,'P6032-05','unid.','portaminas ',NULL,NULL),(1714,'MC02','unid.','minas de colores ',NULL,NULL),(1715,'MI20','unid.','minas ',NULL,NULL),(1716,'RE09A','unid.','minas ',NULL,NULL),(1717,'RE07A','unid.','minas ',NULL,NULL),(1718,'RE05A','unid.','minas ',NULL,NULL),(1719,'P388','unid.','portaminas color ',NULL,NULL),(1720,'101A','unid.','estuche geometrico ',NULL,NULL),(1721,'101','unid.','estuche geometrico ',NULL,NULL),(1722,'668','unid.','Regla ',NULL,NULL),(1723,'673','unid.','Regla ',NULL,NULL),(1724,'666','unid.','Regla ',NULL,NULL),(1725,'660','unid.','Regla',NULL,NULL),(1726,'672','unid.','Regla',NULL,NULL),(1727,'999','unid.','Regla ',NULL,NULL),(1728,'690','unid.','Regla ',NULL,NULL),(1729,'TD318','unid','dispensador ',NULL,NULL),(1730,'TD317','unid','dispensador ',NULL,NULL),(1731,'TD316','unid','dispensador ',NULL,NULL),(1732,'G618','unid','engrampador ',NULL,NULL),(1733,'G613','unid','engrampador ',NULL,NULL),(1734,'G593','unid','engrampador ',NULL,NULL),(1735,'G880','unid','engrampador ',NULL,NULL),(1736,'G553','unid','engrampador ',NULL,NULL),(1737,'G418','unid','engrampador ',NULL,NULL),(1738,'MP240','unid','perforadora',NULL,NULL),(1739,'MP220','unid','perforadora ',NULL,NULL),(1740,'MP250','unid','perforadora ',NULL,NULL),(1741,'MP210','unid','perforadora ',NULL,NULL),(1742,'SS2406','unid','grampa ',NULL,NULL),(1743,'SS2606','unid','grampa ',NULL,NULL),(1744,'SS1000','unid','grampa',NULL,NULL),(1745,'XG833','unid','perforadora ',NULL,NULL),(1746,'XG831','unid','perforadora ',NULL,NULL),(1747,'1016','unid','perforadora ',NULL,NULL),(1748,'DL228','unid','sacagrampa ',NULL,NULL),(1749,'DL328','unid','engrampadora ',NULL,NULL),(1750,'KB001','unid','tijera Kaibo ',NULL,NULL),(1751,'FB2013','unid.','Boligrafo ',NULL,NULL),(1752,'FB2005','unid.','Boligrafo ',NULL,NULL),(1753,'FB6028','unid.','Boligrafo ',NULL,NULL),(1754,'FB2068','unid.','Boligrafo ',NULL,NULL),(1755,'FB2082','unid.','Boligrafo ',NULL,NULL),(1756,'FB2025','unid.','Boligrafo ',NULL,NULL),(1757,'FB588','unid.','Boligrafo ',NULL,NULL),(1758,'FB7308','unid.','Boligrafo ',NULL,NULL),(1759,'FB144','unid.','Boligrafo ',NULL,NULL),(1760,'FB3099','unid.','Boligrafo ',NULL,NULL),(1761,'F6300','unid.','Boligrafo ',NULL,NULL),(1762,'2003','unid.','Boligrafo ',NULL,NULL),(1763,'FB6098C','unid.','Boligrafo',NULL,NULL),(1764,'GL725F','unid','Micropunta',NULL,NULL),(1765,'GL501','unid','Micropunta ',NULL,NULL),(1766,'GL500','unid','Micropunta ',NULL,NULL),(1767,'GL504','unid','Micropunta',NULL,NULL),(1768,'FR520','unid','Micropunta ',NULL,NULL),(1769,'GL947','unid','Micropunta ',NULL,NULL),(1770,'GL936','unid','Micropunta ',NULL,NULL),(1771,'1005','unid','Gel Borrable',NULL,NULL),(1772,'MF498-S','set','Micropunta',NULL,NULL),(1773,'GL512','set','Micropunta ',NULL,NULL),(1774,'GL501MS','set','Micropunta ',NULL,NULL),(1775,'F001','unid','Repuesto de plumas ',NULL,NULL),(1776,'305','unid','Goma ',NULL,NULL),(1777,'304','unid','Goma ',NULL,NULL),(1778,'TR302','unid','Goma ',NULL,NULL),(1779,'TR303','unid','Goma ',NULL,NULL),(1780,'024A','unid','Goma ',NULL,NULL),(1781,'TR505','unid','Goma ',NULL,NULL),(1782,'3010M','unid','Goma ',NULL,NULL),(1783,'008-0','unid','Pincel ',NULL,NULL),(1784,'008-2','unid','Pincel ',NULL,NULL),(1785,'008-4','unid','Pincel',NULL,NULL),(1786,'008-6','unid','Pincel',NULL,NULL),(1787,'008-8','unid','Pincel',NULL,NULL),(1788,'008-10','unid','Pincel',NULL,NULL),(1789,'008-12','unid','Pincel',NULL,NULL),(1790,'008-14','unid','Pincel',NULL,NULL),(1791,'008-16','unid','Pincel',NULL,NULL),(1792,'008-18','unid','Pincel',NULL,NULL),(1793,'008-20','unid','Pincel',NULL,NULL),(1794,'008-22','unid','Pincel',NULL,NULL),(1795,'008-24','unid','Pincel',NULL,NULL),(1796,'006-0','unid','Pincel',NULL,NULL),(1797,'006-00','unid','Pincel',NULL,NULL),(1798,'006-000','unid','Pincel',NULL,NULL),(1799,'006-2','unid','Pincel',NULL,NULL),(1800,'006-4','unid','Pincel',NULL,NULL),(1801,'006-8','unid','Pincel',NULL,NULL),(1802,'006-10','unid','Pincel',NULL,NULL),(1803,'SC098','unid','Tajador',NULL,NULL),(1804,'SC080','unid','Tajador',NULL,NULL),(1805,'SC082','unid','Tajador',NULL,NULL),(1806,'SC083','unid','Tajador',NULL,NULL),(1807,'SC010','unid','Tajador',NULL,NULL),(1808,'SC090','unid','Tajador',NULL,NULL),(1809,'PL12A','set','plastilina',NULL,NULL),(1810,'CYO58','set','crayon',NULL,NULL),(1811,'CY068','set','crayon',NULL,NULL),(1812,'CY022','set','crayon',NULL,NULL),(1813,'TP986','set','pastel',NULL,NULL),(1814,'TM920','set','tempera',NULL,NULL),(1815,'O928','set','oleo',NULL,NULL),(1816,'TM918','set','tempera',NULL,NULL),(1817,'TM930','set','tempera',NULL,NULL),(1818,'PD06','set','pintua',NULL,NULL),(1819,'AC012','set','acuarela',NULL,NULL),(1820,'TJ001','unid.','Tijera',NULL,NULL),(1821,'TJ003','unid.','Tijera',NULL,NULL),(1822,'TJ005','unid.','Tijera',NULL,NULL),(1823,'TJ127','unid.','Tijera',NULL,NULL),(1824,'TJ128','unid.','Tijera',NULL,NULL),(1825,'CT1000','unid.','Estilete',NULL,NULL),(1826,'CT1001','unid.','Estilete',NULL,NULL),(1827,'CT1008','unid.','Estilete',NULL,NULL),(1828,'CP737','unid.','Compaz',NULL,NULL),(1829,'CP838','unid.','Compaz',NULL,NULL),(1830,'C948','unid.','Corrector',NULL,NULL),(1831,'C959','unid.','Corrector',NULL,NULL),(1832,'777','unid.','Cinta adesiva',NULL,NULL),(1833,'BM7724','unid.','Lapiz',NULL,NULL),(1834,'BM7712','unid.','Lapiz',NULL,NULL),(1835,'P54','unid.','Lapiz',NULL,NULL),(1836,'PJR4','unid.','Lapiz',NULL,NULL),(1837,'P3000','unid.','Lapiz',NULL,NULL),(1838,'P3001','unid.','Lapiz',NULL,NULL),(1839,'P3002','unid.','Lapiz',NULL,NULL),(1840,'P3003','unid.','Lapiz',NULL,NULL),(1841,'P3004','unid.','Lapiz',NULL,NULL),(1842,'892-12','set','Marcador',NULL,NULL),(1843,'721-24','set','Marcador',NULL,NULL),(1844,'2395','unid.','Marcador',NULL,NULL),(1845,'7113','unid.','Marcador',NULL,NULL),(1846,'1501','unid.','Marcador',NULL,NULL),(1847,'GB-1','unid.','Boliografo',NULL,NULL),(1848,'XY161','unid.','Boliografo',NULL,NULL),(1849,'4370','unid.','Boliografo',NULL,NULL),(1850,'432M','set','Boliografo',NULL,NULL),(1851,'436-10','set','Boliografo',NULL,NULL),(1852,'TG3462','unid.','Micropunta',NULL,NULL),(1853,'GP2068','unid.','Micropunta',NULL,NULL),(1854,'ZP1103','unid.','Micropunta',NULL,NULL),(1855,'HR1165','unid','Goma',NULL,NULL),(1856,'HR2117','unid','Goma',NULL,NULL),(1857,'HR155','unid','Goma',NULL,NULL),(1858,'HR3930','unid','Goma',NULL,NULL),(1859,'HR113','unid','Goma',NULL,NULL),(1860,'59','unid','Goma',NULL,NULL),(1861,'UC8133','unid.','Tajador',NULL,NULL),(1862,'TT927','unid.','Tajador',NULL,NULL),(1863,'CT608','unid.','Tajador',NULL,NULL),(1864,'6015-12','set','oleo',NULL,NULL),(1865,'516-12','set','Crayon',NULL,NULL),(1866,'2812-A','set','Acuarela',NULL,NULL),(1867,'302','set','Estuche geometrico',NULL,NULL),(1868,'BM661','unid.','Regla',NULL,NULL),(1869,'DL001','unid.','Boligrafo con cadena',NULL,NULL),(1870,'PO001','unid.','Tablero plastico',NULL,NULL),(1871,'701','unid.','Boligrafo con Wato',NULL,NULL),(1872,'MC401','set','Color',NULL,NULL),(1873,'MC402','set','Color',NULL,NULL),(1874,'MC403','set','Color',NULL,NULL),(1875,'MC407','set','Color',NULL,NULL),(1876,'MC408','set','Color',NULL,NULL),(1877,'MC410','set','Color',NULL,NULL),(1878,'MC406','unid.','Lapiz',NULL,NULL),(1879,'MC409','unid.','Lapiz',NULL,NULL),(1880,'MC404','unid.','Lapiz',NULL,NULL),(1881,'MC405','unid.','Lapiz',NULL,NULL),(1882,'MC411','unid.','Lapiz',NULL,NULL),(1883,'MC412','unid.','Lapiz',NULL,NULL),(1884,'MM601','set','Marcador',NULL,NULL),(1885,'MM602','unid.','Marcador',NULL,NULL),(1886,'MM603','unid.','Marcador',NULL,NULL),(1887,'MM604','set','Marcador',NULL,NULL),(1888,'MR201','unid.','Marcador',NULL,NULL),(1889,'MB901','unid','Boligrafo',NULL,NULL),(1890,'MB902-S','set','Boligrafo',NULL,NULL),(1891,'MG801','unid','Micropunta',NULL,NULL),(1892,'MG801-S','set','Micropunta',NULL,NULL),(1893,'MG802','unid','Micropunta',NULL,NULL),(1894,'MG803','unid','Micropunta',NULL,NULL),(1895,'MG804','unid','Micropunta',NULL,NULL),(1896,'MA501','unid','Micropunta',NULL,NULL),(1897,'MA502','unid','Micropunta',NULL,NULL),(1898,'NA500-01','unid','Caja de regalo Navideno grande',NULL,NULL),(1899,'NA500-02','unid','Funda Navidena',NULL,NULL),(1900,'NA500-03','pares','Pareja navidena',NULL,NULL),(1901,'NA500-04','unid','Papanoel musical',NULL,NULL),(1902,'NA500-05','unid','Adorno navideno circular',NULL,NULL),(1903,'NA500-06','unid','bota navidena',NULL,NULL),(1904,'NA500-07','unid','Pie de Arbol',NULL,NULL),(1905,'NA500-08','unid','Corbata navidena',NULL,NULL),(1906,'NA500-09','unid','Adorno navideno goma Eva',NULL,NULL),(1907,'NA500-10','set','Targeta Navidena en set',NULL,NULL),(1908,'NA500-11','unid','Targeta Navidena pequena',NULL,NULL),(1909,'NA500-12','unid','Targeta Navidena ',NULL,NULL),(1910,'NA500-13','unid','Adorno Navideno',NULL,NULL),(1911,'Aaaaa','1cajax20doc.','232323232','232323232',NULL),(1912,'max','1cajax20doc.','ASDASDSADASD','ASDASDSADASD',NULL),(1913,'Final','1cajax20doc.','13123123123','13123123123',NULL);
/*!40000 ALTER TABLE `item` ENABLE KEYS */;
UNLOCK TABLES;

--
-- Table structure for table `item_quantity`
--

DROP TABLE IF EXISTS `item_quantity`;
/*!40101 SET @saved_cs_client     = @@character_set_client */;
 SET character_set_client = utf8mb4 ;
CREATE TABLE `item_quantity` (
  `id` bigint(20) NOT NULL AUTO_INCREMENT,
  `hashcode` varchar(255) DEFAULT NULL,
  `id_company` bigint(20) DEFAULT NULL,
  `id_currency` bigint(20) DEFAULT NULL,
  `id_item` bigint(20) DEFAULT NULL,
  `id_measure` bigint(20) DEFAULT NULL,
  `min_price` double DEFAULT NULL,
  `name` varchar(255) DEFAULT NULL,
  `purchase_price` double DEFAULT NULL,
  `quantity` double DEFAULT NULL,
  `sale_price` double DEFAULT NULL,
  `total` double DEFAULT NULL,
  PRIMARY KEY (`id`)
) ENGINE=InnoDB AUTO_INCREMENT=1917 DEFAULT CHARSET=utf8mb4 COLLATE=utf8mb4_0900_ai_ci;
/*!40101 SET character_set_client = @saved_cs_client */;

--
-- Dumping data for table `item_quantity`
--

LOCK TABLES `item_quantity` WRITE;
/*!40000 ALTER TABLE `item_quantity` DISABLE KEYS */;
INSERT INTO `item_quantity` VALUES (1,'PA101-3_hojas',1,1,1,4,3.45,'Papel cebolla resma',3.45,175,10,NULL),(2,'PA101-2_hojas',1,1,2,4,0.34,'Papel cebolla oficio',0.34,800,2,NULL),(3,'PA100_hojas',1,1,3,4,0.39,'Papel fotografico mate',0.39,250,2.5,NULL),(4,'PA104-1_hojas',1,1,4,4,0.77,'Acetato oficio',0.77,250,3,NULL),(5,'PA104-2_hojas',1,1,5,4,0.71,'Acetato carta',0.71,150,3,NULL),(6,'PA102-1_hojas',1,1,6,4,0.42,'Papel carbonico oficio',0.42,2000,1.5,NULL),(7,'PA103-2_hojas',1,1,7,4,0.13,'Papel marquilla carta  x25',0.13,1000,1.7,NULL),(8,'PA103-1_hojas',1,1,8,4,0.13,'Papel marquilla oficio  x25',0.13,1500,7,NULL),(9,'PA105-3_hojas',1,1,9,4,0.39,'Papel sabana resma',0.39,1000,1,NULL),(10,'PA105-1_hojas',1,1,10,4,0.042,' hojas sabana oficio  x25',0.042,10000,3,NULL),(11,'PA105-2_hojas',1,1,11,4,0.04,' hojas sabana carta  x25',0.04,5000,3,NULL),(12,'PA1050_paq',1,1,12,5,21,' paq. Sabana oficio  ',21,20,30,NULL),(13,'PA105C_paq',1,1,13,5,20,' paq. Sabana carta',20,10,28,NULL),(14,'PA106-3_hojas',1,1,14,4,2.4,' hoja duplex resma',2.4,200,10,NULL),(15,'PA106-1_hojas',1,1,15,4,0.35,' hoja duplex oficio',0.35,200,2,NULL),(16,'PA107-3_hojas',1,1,16,4,2.7,' hoja triplex resma',2.7,200,10,NULL),(17,'PA107-1_hojas',1,1,17,4,0.35,' hoja triplex oficio',0.35,200,2,NULL),(18,'PA108_hojas',1,1,18,4,0.8,' hoja papel adhesivo oficio',0.8,300,2.5,NULL),(19,'CA100-1_hojas',1,1,19,4,0.35,' hoja cartulina hilada oficio',0.35,800,2.5,NULL),(20,'CA100_hojas',1,1,20,4,1.1,' hoja cartulina hilada 30x30',1.1,57,3,NULL),(21,'CA101-3_hojas',1,1,21,4,1.9,' hoja cartulina full color resma',1.9,2989,4,NULL),(22,'CA101-1_hojas',1,1,22,4,0.26,' hoja cartulina full color oficio',0.26,7000,1,NULL),(23,'CA101-2_hojas',1,1,23,4,0.25,' hoja cartulina full color carta',0.25,5000,1,NULL),(24,'CA102-3_hojas',1,1,24,4,1.3,' cartulina resma',1.3,3997,3,NULL),(25,'CA102-1_hojas',1,1,25,4,0.18,' cartulina oficio',0.18,1996,1,NULL),(26,'PA109_hojas',1,1,26,4,1.62,' papel arana',1.62,1275,5,NULL),(27,'PA110_hojas',1,1,27,4,1.5,' papel para forro',1.5,4000,3,NULL),(28,'PA111-A_hojas',1,1,28,4,1.2,' papel de regalo grande',1.2,2984,3,NULL),(29,'PA111-B_hojas',1,1,29,4,0.6,' papel de regalo pequeno',0.6,2999,2,NULL),(30,'PA112_hojas',1,1,30,4,1.6,' papel estanado',1.6,97,4,NULL),(31,'PA113_hojas',1,1,31,4,0.73,' papel lustroso',0.73,2000,2,NULL),(32,'CA103-A_hojas',1,1,32,4,3.83,' carton corrugado con diseno',3.83,200,10,NULL),(33,'CA103-B_hojas',1,1,33,4,3.83,' carton corrugado metalizado',3.83,320,10,NULL),(34,'PA114_hojas',1,1,34,4,2.1,' papel canson A3',2.1,283,6,NULL),(35,'PA115_hojas',1,1,35,4,1.4,' papel 3D',1.4,200,4,NULL),(36,'PA116_hojas',1,1,36,4,0.9,' papel celofan',0.9,300,2,NULL),(37,'PA117_hojas',1,1,37,4,0.4,' papel tornasol',0.4,500,2,NULL),(38,'PA118_hojas',1,1,38,4,1.3,' papel craft',1.3,498,5,NULL),(39,'PA119_hojas',1,1,39,4,2,' papel periodico',2,250,4,NULL),(40,'PA120_hojas',1,1,40,4,1.2,' papel aguayo',1.2,100,4,NULL),(41,'PA121_hojas',1,1,41,4,0.84,' papel madera',0.84,300,2,NULL),(42,'PA122-3_hojas',1,1,42,4,0.37,' papel bond resma',0.37,1996,1,NULL),(43,'PA122-1_paq',1,1,43,5,28.8,' paquete chamex oficio',28.8,481,35,NULL),(44,'PA122-251_hojas',1,1,44,4,0.057,'25 hojas chamex oficio',0.057,475,4,NULL),(45,'PA122-2_paq',1,1,45,5,23.8,' paquete chamex carta',23.8,940,28,NULL),(46,'PA122-252_hojas',1,1,46,4,0.048,'25 hojas chamex carta',0.048,0,3,NULL),(47,'PA122-4A_paq',1,1,47,5,28.13,' paquete chamex A4',28.13,15,38,NULL),(48,'PA122-25A4_hojas',1,1,48,4,0.056,'25 hojas chamex A4',0.056,0,4,NULL),(49,'PA123-1_paq',1,1,49,5,65,'paquete hojas de color oficio',65,199,95,NULL),(50,'PA123-251_hojas',1,1,50,4,0.13,'25 hojas de color oficio',0.13,0,6,NULL),(51,'PA123-2_paq',1,1,51,5,62,'paquete hojas de color carta',62,98,85,NULL),(52,'PA123-252_hojas',1,1,52,4,0.12,'25 hojas de color carta',0.12,50,5,NULL),(53,'PA124-251_hojas',1,1,53,4,0.16,'25 hojas bond doble oficio',0.16,6000,8,NULL),(54,'PA124-252_hojas',1,1,54,4,0.12,'25 hojas bond doble carta',0.12,3500,8,NULL),(55,'CA104-1_hojas',1,1,55,4,0.42,'hoja cartulina doble oficio',0.42,800,2,NULL),(56,'CA104-2_hojas',1,1,56,4,0.42,'hoja cartulina doble carta',0.42,500,2,NULL),(57,'CA105-1_hojas',1,1,57,4,0.7,'hoja cartrulina con brillo oficio',0.7,150,3,NULL),(58,'PA125_paq',1,1,58,5,24,'Hojas traper genesis ',24,2,30,NULL),(59,'PA126-D_hojas',1,1,59,4,0.77,' papel crepe normal',0.77,3078,3,NULL),(60,'PA126-B_Set',1,1,60,6,2.19,' papel crepe con diseno',2.19,400,5,NULL),(61,'PA126-C_hojas',1,1,61,4,2.04,' papel crepe fluorescente',2.04,320,5,NULL),(62,'PA126-A_hojas',1,1,62,4,2.5,' papel crepe metalizado',2.5,149,5,NULL),(63,'PA127_hojas',1,1,63,4,0.2,' papel seda',0.2,4000,1,NULL),(64,'PA128_block',1,1,64,7,8,' block milimetrado',8,125,18,NULL),(65,'PA129-A_paq',1,1,65,5,14,' paq. Hojas traper rayado',14,60,20,NULL),(66,'PA129-B_paq',1,1,66,5,14,' paq. hojas traper cuadriculado',14,200,20,NULL),(67,'PA130-2_block',1,1,67,7,0.63,' block cuadernillo carta',0.63,2000,1.5,NULL),(68,'PA130-1_block',1,1,68,7,0.63,' block cuadernillo oficio',0.63,500,1.5,NULL),(69,'PA130-2E_block',1,1,69,7,0.62,' block cuadernillo Elva carta',0.62,200,2.5,NULL),(70,'PA130-1E_block',1,1,70,7,0.62,' block cuadernillo Elva oficio',0.62,200,2.5,NULL),(71,'PA130_block',1,1,71,7,0.62,' block cuadernillo sin margen oficio',0.62,500,2.5,NULL),(72,'PA131_paq',1,1,72,5,20,' paquete hojas de carpeta normal',20,192,25,NULL),(73,'PA131-25_hojas',1,1,73,4,1,'25 hojas carpeta normal',1,0,2,NULL),(74,'PA131-E_paq',1,1,74,5,20,' paquete hojas de carpeta Elva',20,48,25,NULL),(75,'PA131-25E_hojas',1,1,75,4,2.4,'25 hojas de carpeta Elva',2.4,0,2,NULL),(76,'PA131-B_paq',1,1,76,5,20,' paquete hojas de carpeta blancas',20,48,25,NULL),(77,'PA131-25B_hojas',1,1,77,4,2.4,'25 hojas de carpeta blancas',2.4,0,2,NULL),(78,'PA131-R_paq',1,1,78,5,20,' paquete de hojas rayada',20,48,25,NULL),(79,'PA131-25R_hojas',1,1,79,4,2.4,'25 hojas de carpeta rayada',2.4,0,2,NULL),(80,'PA131-C_paq',1,1,80,5,20,' paquete hojas de carpeta color',20,48,25,NULL),(81,'PA131-25C_hojas',1,1,81,4,2.4,'25 hojas de carpeta color',2.4,0,2,NULL),(82,'PA131-G_paq',1,1,82,5,36,'pq. Hojas de carpeta genesis (500)',36,5,48,NULL),(83,'PA131-25G_hojas',1,1,83,4,1.8,'25 hojas de carpeta Genesis',1.8,0,3,NULL),(84,'PA132_rollos',1,1,84,8,12.18,'papel adhesivo para forro ',12.18,40,25,NULL),(85,'PO100_mts',1,1,85,9,2.5,'metro Vinitan',2.5,50,5,NULL),(86,'PO101_mts',1,1,86,9,1.5,'metro Nylon',1.5,70,3,NULL),(87,'PA133-F_hojas',1,1,87,4,1.24,'papel Fluor',1.24,2500,3,NULL),(88,'PA134-D_rollos',1,1,88,8,21.75,'papel adhesivo con diseno',21.75,10,32,NULL),(89,'CU200-G_unid.',1,1,89,10,7,'Cuaderno Genesis',7,15,15,NULL),(90,'CU202-2T_unid.',1,1,90,10,11.5,' cuaderno carta TOP',11.5,197,18,NULL),(91,'CU202-2LE_unid.',1,1,91,10,10,' cuaderno carta LIDER ECO',10,350,18,NULL),(92,'CU202-2TC_unid.',1,1,92,10,11.5,' cuaderno carta TOP color',11.5,150,18,NULL),(93,'CU202-2G_unid.',1,1,93,10,15,' cuaderno carta GENESIS ',15,100,25,NULL),(94,'CU202-2T3D_unid.',1,1,94,10,12.64,' cuaderno carta TOP 3D',12.64,100,22,NULL),(95,'CU202-2T200_unid.',1,1,95,10,22,' cuaderno carta 200 hojas TOP',22,100,45,NULL),(96,'CU202-2HB_unid.',1,1,96,10,7.25,' cuaderno carta hojas blancas',7.25,60,18,NULL),(97,'CU202-2E_unid.',1,1,97,10,11.08,' cuaderno carta ELVA',11.08,300,18,NULL),(98,'CU202-2R_unid.',1,1,98,10,8.5,' cuaderno carta RAYADO',8.5,60,18,NULL),(99,'CU202-2TR_unid.',1,1,99,10,13,' cuaderno carta rayado TOP',13,50,20,NULL),(100,'CU202-25B_unid.',1,1,100,10,23.3,' cuaderno 5B carta',23.3,200,48,NULL),(101,'CU202-2YC_unid.',1,1,101,10,22.51,' cuaderno YC carta',22.51,200,45,NULL),(102,'CU202-2SBE_unid.',1,1,102,10,11,' cuaderno SBE carta',11,50,30,NULL),(103,'CU202-2CG_unid.',1,1,103,10,11.8,' cuaderno COLLEGE carta',11.8,150,22,NULL),(104,'CU202-1T_unid.',1,1,104,10,12.5,' cuaderno TOP oficio',12.5,30,18,NULL),(105,'CU202-W_unid.',1,1,105,10,7.5,'cuaderno WINNER',7.5,48,10,NULL),(106,'CU202-T_unid.',1,1,106,10,7.5,' cuaderno TOP ',7.5,248,10,NULL),(107,'CU202-LE_unid.',1,1,107,10,6.32,' cuaderno LIDER ECO',6.32,300,10,NULL),(108,'CU202-T200_unid.',1,1,108,10,15,' cuaderno TOP 200 h.',15,60,25,NULL),(109,'CU202-E_unid.',1,1,109,10,4.8,' cuaderno ELVA',4.8,60,10,NULL),(110,'CU202-EL_unid.',1,1,110,10,6.85,' cuaderno ELVA LIDER',6.85,110,10,NULL),(111,'CU202-SB_unid.',1,1,111,10,12.3,' cuaderno SB (clasic)',12.3,100,38,NULL),(112,'CU202-YC_unid.',1,1,112,10,12.5,' cuaderno YC ',12.5,48,35,NULL),(113,'CU202-ES_unid.',1,1,113,10,8,' cuaderno ESTILO',8,238,15,NULL),(114,'CU202-50_unid.',1,1,114,10,1.9,' cuaderno 50 hojas',1.9,498,3.5,NULL),(115,'LB100-SB_unid.',1,1,115,10,9.7,' Libreta SB',9.7,100,30,NULL),(116,'LB100-ABCC_unid.',1,1,116,10,7.5,' Libreta ABC color',7.5,20,20,NULL),(117,'LB100-ABC_unid.',1,1,117,10,4.95,' Libreta ABC ',4.95,30,10,NULL),(118,'CU202-2CL_unid.',1,1,118,10,27.5,'Cuaderno carta Clasic',27.5,3,60,NULL),(119,'CU202-2W_unid.',1,1,119,10,12.6,'Cuaderno carta Winer',12.6,19,18,NULL),(120,'AG00A_unid.',1,1,120,10,18.33,'Agenda A',18.33,6,35,NULL),(121,'AG00B_unid.',1,1,121,10,14,'Agenda B',14,6,30,NULL),(122,'LB100-LE_unid.',1,1,122,10,18.33,'Libreta con lentejuelas',18.33,6,40,NULL),(123,'AG00U_unid.',1,1,123,10,10,' Agenda UNICA ',10,6,20,NULL),(124,'AG00P_unid.',1,1,124,10,20,' Agenda PERPETUA',20,5,30,NULL),(125,'CU202-PE_unid.',1,1,125,10,3.59,' Cuaderno pentagramado',3.59,200,8,NULL),(126,'CU202-DI_unid.',1,1,126,10,5.5,' Cuaderno de dibujo',5.5,50,10,NULL),(127,'CA001_unid.',1,1,127,10,5.5,' Cancionero Patriotico',5.5,500,12,NULL),(128,'CU202-CF_unid.',1,1,128,10,4.5,' Cuaderno de Caligrafia',4.5,25,5,NULL),(129,'LB101-TC_unid.',1,1,129,10,5.8,' Tapa de Carpeta',5.8,250,12,NULL),(130,'LB102-FE_unid.',1,1,130,10,8,' Fabula de Esopo',8,100,15,NULL),(131,'LB103-DS_unid.',1,1,131,10,5.5,' Diccionario Sopena',5.5,100,10,NULL),(132,'LB104-D0_unid.',1,1,132,10,12,' Diccionario Oxford',12,50,25,NULL),(133,'LB105-DA_unid',1,1,133,11,6.5,' Diccionario Aymara',6.5,24,10,NULL),(134,'LB106-TP_unid',1,1,134,11,0.4,' Tabla Periodica',0.4,100,4,NULL),(135,'LB107-TM_unid',1,1,135,11,0.15,' Tabla de Multiplicar',0.15,100,1,NULL),(136,'LB108-HR_unid',1,1,136,11,0.7,' Horario',0.7,100,2,NULL),(137,'LB109-CE_unid',1,1,137,11,1.5,' Calendario Escolar',1.5,50,5,NULL),(138,'SM300-1/21_unid',1,1,138,11,0.19,' Sobre manila 1/2 oficio',0.19,550,2,NULL),(139,'SM300-2_unid',1,1,139,11,0.3,' Sobre manila carta',0.3,550,3,NULL),(140,'SM300-1_unid',1,1,140,11,0.35,' Sobre manila oficio',0.35,550,3,NULL),(141,'SM300-22_unid',1,1,141,11,0.5,' Sobre manila doble carta',0.5,249,5,NULL),(142,'SM300-21_unid',1,1,142,11,0.6,' Sobre manila doble oficio',0.6,249,6,NULL),(143,'CU202-CI_unid',1,1,143,11,4.5,' Cuaderno Inicial',4.5,24,10,NULL),(144,'CU202-PP_unid',1,1,144,11,2.8,' Cuaderno para Pintar',2.8,300,5,NULL),(145,'LB110-FC_unid',1,1,145,11,3.6,' Libro de Fechas Civicas',3.6,12,8,NULL),(146,'LB111-LP_unid',1,1,146,11,3,' Libro de Poemas',3,24,8,NULL),(147,'LB112-DI_unid',1,1,147,11,45,'Dicionario Inteligente',45,10,60,NULL),(148,'LB113-JH_unid',1,1,148,11,36,'Dicionario Inteligente Junior',36,7,50,NULL),(149,'LB114-CA_unid',1,1,149,11,3.8,'Tapa de Carpeta Alquimia',3.8,50,10,NULL),(150,'MO001_bloc',1,1,150,12,3.5,' Mosaico Celofan',3.5,36,6,NULL),(151,'MO04-F12_bloc',1,1,151,12,1.4,' Mosaico Fluorecente 12x12',1.4,125,3,NULL),(152,'MO04-D15_bloc',1,1,152,12,3,' Mosaico con diseno 15x15',3,125,5,NULL),(153,'MO04-12_bloc',1,1,153,12,0.9,' Mosaico 12x12',0.9,1000,1.5,NULL),(154,'MO04-15_bloc',1,1,154,12,1.4,' Mosaico 15x15',1.4,1000,3,NULL),(155,'MO04-20_bloc',1,1,155,12,2.8,' Mosaico 20x20',2.8,125,5,NULL),(156,'MO04-25_bloc',1,1,156,12,2.9,' Mosaico 25x25',2.9,75,5,NULL),(157,'MO04-1_bloc',1,1,157,12,4.2,' Mosaico oficio',4.2,75,7,NULL),(158,'LB115-F1_pq',1,1,158,13,28,' Paquete Fundas Oficio',28,59,45,NULL),(159,'LB116-F2_pq',1,1,159,13,28,' Paquete Fundas Carta',28,15,45,NULL),(160,'BL117-BC_bloc',1,1,160,12,17,' Block Construccion',17,50,18,NULL),(161,'LB118-FH_pq',1,1,161,13,8,' Paquete Ficheros',8,100,15,NULL),(162,'LB119-PR_unid',1,1,162,11,2.3,' Proforma',2.3,10,4,NULL),(163,'LB120-NE_unid',1,1,163,11,2.3,' Nota de Entrega',2.3,10,0,NULL),(164,'LB121-NV_unid',1,1,164,11,2.3,' Nota de Venta',2.3,10,4,NULL),(165,'LB122-SB_unid',1,1,165,11,0.25,' Sobre',0.25,600,1,NULL),(166,'GE400-1B_unid',1,1,166,11,1.7,' Goma Eva con brillo oficio',1.7,1000,4,NULL),(167,'GB400-3BP_unid',1,1,167,11,5.66,' Goma Eva con brillo pliego',5.66,1509,12,NULL),(168,'GB400-1P_unid',1,1,168,11,0.52,' Goma Eva pleno oficio',0.52,1478,2,NULL),(169,'GE400-3P_unid',1,1,169,11,1.96,' Goma Eva pleno pliego',1.96,3080,6,NULL),(170,'GE400-3D_unid',1,1,170,11,6.54,' Goma Eva con diseno pliego',6.54,450,15,NULL),(171,'GE400-3A_unid',1,1,171,11,5.5,' Goma Eva adhesivo pliego',5.5,500,15,NULL),(172,'GE400-3AT_unid',1,1,172,11,6.05,' Goma Eva atoallada pliego',6.05,560,11,NULL),(173,'GE400-FI_set',1,1,173,6,3.92,' Goma Eva en figuras',3.92,96,8,NULL),(174,'GE400-PE_0',1,1,174,14,0,' Goma Eva personajes',0,0,10,NULL),(175,'GE400-1ABC_0',1,1,175,14,1.5,' Goma Eva ABC oficio',1.5,500,6,NULL),(176,'GE400-5MM_0',1,1,176,14,3.14,' Goma Eva 5 mm.',3.14,150,8,NULL),(177,'GE400-FG_0',1,1,177,14,20,' Figura geometrica en Goma Eva',20,3,30,NULL),(178,'FO01_pq',1,1,178,13,33,' Paquete Folder amarillo oficio (100)',33,24,90,NULL),(179,'FO02_unid.',1,1,179,10,0.38,' Folder amarillo oficio',0.38,68,2,NULL),(180,'FO03_pq',1,1,180,13,33,' Paquete folder amarillo carta(100)',33,20,90,NULL),(181,'FO04_unid.',1,1,181,10,0.38,' Folder amarillo carta',0.38,0,2,NULL),(182,'FO05_pq',1,1,182,13,85,' Paquete folder color oficio',85,67,130,NULL),(183,'FO06_unid.',1,1,183,10,0.85,' Folder color oficio',0.85,0,3,NULL),(184,'F007_unid.',1,1,184,10,1.4,' Flip oficio',1.4,100,4,NULL),(185,'FO08_unid.',1,1,185,10,1.2,' Flip 8555A ',1.2,384,3,NULL),(186,'FO09_unid.',1,1,186,10,11.14,' Folder Unicornio',11.14,35,20,NULL),(187,'FO10_unid.',1,1,187,10,27.5,' Maleta Unicornio',27.5,6,50,NULL),(188,'FO11_unid.',1,1,188,10,1.77,' Folder DELLO 1/2 oficio',1.77,15,4,NULL),(189,'FO12_unid.',1,1,189,10,1.5,' Folder E 310',1.5,72,2.5,NULL),(190,'FO13_unid.',1,1,190,10,1.4,' Folder 1888 A',1.4,8,4,NULL),(191,'FO14_unid.',1,1,191,10,2.4,' Folder 1888 F',2.4,6,5,NULL),(192,'FO15_unid.',1,1,192,10,3.75,'  Folder S 56 F',3.75,278,5,NULL),(193,'FO16_unid.',1,1,193,10,7.5,' Folder CE 152 A',7.5,245,12,NULL),(194,'FO17_unid.',1,1,194,10,8.6,' Folder CE 152 F',8.6,144,15,NULL),(195,'FO18_unid.',1,1,195,10,4.1,' Folder DELLO F',4.1,29,10,NULL),(196,'FO19_unid.',1,1,196,10,23,' Folder 4188 F',23,12,30,NULL),(197,'FO20_unid.',1,1,197,10,19,' Folder 4188 A',19,12,25,NULL),(198,'FO21_unid.',1,1,198,10,20,' Folder 4302 F',20,12,35,NULL),(199,'FO22_unid.',1,1,199,10,19.5,' Folder M 405 F',19.5,0,35,NULL),(200,'FO23_unid.',1,1,200,10,19,' Folder M 405 A',19,24,30,NULL),(201,'FO24_unid.',1,1,201,10,19.5,' Folder M 400 F',19.5,51,35,NULL),(202,'F025_unid.',1,1,202,10,19,' Folder M 400 A',19,30,30,NULL),(203,'FO26_unid.',1,1,203,10,13.2,' Folder M  0104 ',13.2,12,22,NULL),(204,'FO27_unid.',1,1,204,10,19,' Folder SN 156 F',19,14,30,NULL),(205,'FO28_unid.',1,1,205,10,15.5,' Folder SN 156 A',15.5,12,25,NULL),(206,'FO29_unid.',1,1,206,10,23,' Folder CW 40 F',23,29,40,NULL),(207,'FO30_unid.',1,1,207,10,19.5,' Folder CW 30 F',19.5,30,35,NULL),(208,'FO31_unid.',1,1,208,10,15.5,' Folder CN 20 A',15.5,-1,25,NULL),(209,'FO32_unid.',1,1,209,10,18,'Folder GC 2-DR30 A',18,1,30,NULL),(210,'FO33_unid.',1,1,210,10,18,' Folder CW 2-DR30 F',18,3,24,NULL),(211,'FO34_unid.',1,1,211,10,18,' Folder GC 3-DR30 F',18,5,30,NULL),(212,'FO35_unid.',1,1,212,10,16,' Archivador CB 108 F',16,100,27,NULL),(213,'FO36_unid.',1,1,213,10,15.6,'Archivador CB 108 A',15.6,47,24,NULL),(214,'FO37_unid.',1,1,214,10,12,' Archivador Palanca TOP F',12,16,27,NULL),(215,'FO38_unid.',1,1,215,10,11,' Archivador Palanca CONDOR F',11,24,27,NULL),(216,'FO39_unid.',1,1,216,10,10.28,' Folder Universitario F',10.28,10,30,NULL),(217,'FO40_unid.',1,1,217,10,12,' Traper carta',12,200,25,NULL),(218,'FO50_unid.',1,1,218,10,7.5,' Traper tamano carpeta',7.5,48,15,NULL),(219,'FO51_unid.',1,1,219,10,41,' Traper con hojas TOP ',41,21,50,NULL),(220,'FO52_unid.',1,1,220,10,10,' Archivador doble carta',10,75,25,NULL),(221,'FO53_unid.',1,1,221,10,15,' Archivador doble oficio',15,100,28,NULL),(222,'FO54_unid.',1,1,222,10,1.17,' Archivador rapido oficio',1.17,550,3.5,NULL),(223,'FO55_unid.',1,1,223,10,1.4,' Archivador rapido carta (100)',1.4,1500,3.5,NULL),(224,'FO56_unid.',1,1,224,10,52.4,' Caja unicornio',52.4,6,100,NULL),(225,'FO57_unid.',1,1,225,10,9,'M 408 A',9,1,0,NULL),(226,'FO58_unid.',1,1,226,10,9.5,'M 408 F',9.5,2,0,NULL),(227,'FO59_unid.',1,1,227,10,23.8,' Traper TOP carta',23.8,24,28,NULL),(228,'MU001_unid',1,1,228,11,45.5,' Mochila MU 001',45.5,35,100,NULL),(229,'MU002_unid',1,1,229,11,56.6,' Mochila MU 002',56.6,40,100,NULL),(230,'MU003_unid',1,1,230,11,56,' Mochila MU 003',56,38,100,NULL),(231,'MU004_unid',1,1,231,11,49,' Mochila MU 004',49,30,100,NULL),(232,'MO05_unid',1,1,232,11,120,' Mochila con relieve',120,6,200,NULL),(233,'MO06_unid',1,1,233,11,100,' Mochila Lego',100,4,150,NULL),(234,'MO07_unid',1,1,234,11,70,' Lonchera con relieve',70,15,120,NULL),(235,'MO08_unid',1,1,235,11,75,'Mochila con brillo',75,12,150,NULL),(236,'MO09_unid',1,1,236,11,70,' Mochila lentejuela carta',70,14,160,NULL),(237,'MO10_unid',1,1,237,11,60,' Mochila lentejuela mediana',60,7,150,NULL),(238,'MO11_unid',1,1,238,11,60,' Mochila Lisa brillosa',60,13,120,NULL),(239,'MO12_unid',1,1,239,11,60,' Mochila Unicornio pequena',60,3,100,NULL),(240,'MO13_unid',1,1,240,11,40,' Maleta Unicornio',40,5,70,NULL),(241,'MO14_unid',1,1,241,11,26,' Estuchera 702- C',26,72,45,NULL),(242,'MO15_unid',1,1,242,11,18,' Estuchera UPB',18,120,35,NULL),(243,'MO16_unid',1,1,243,11,23,' Estuchera lentejuela',23,20,45,NULL),(244,'MO17_unid',1,1,244,11,27,' Estuchera TT-A',27,18,48,NULL),(245,'MO18_unid',1,1,245,11,18,' Estuchera TT-B',18,12,35,NULL),(246,'MO19_unid',1,1,246,11,30,' Estuchera doble',30,3,60,NULL),(247,'MO20_unid',1,1,247,11,6,' Estuchera MO103 ',6,144,10,NULL),(248,'MO21_unid',1,1,248,11,10,' Monedero lentejuela',10,72,20,NULL),(249,'MO22_unid',1,1,249,11,15,' Monedero Mochilita',15,3,30,NULL),(250,'PE0A_unid.',1,1,250,10,100,' Peluche A',100,22,150,NULL),(251,'PE0B_unid.',1,1,251,10,65,' Peluche B',65,22,120,NULL),(252,'PE0C_unid.',1,1,252,10,55,' Peluche C',55,44,100,NULL),(253,'PE0D_unid.',1,1,253,10,45,' Peluche D',45,30,90,NULL),(254,'PE0E_unid.',1,1,254,10,45,' Peluche E',45,24,85,NULL),(255,'PE0F_unid.',1,1,255,10,35,' Peluche F',35,51,70,NULL),(256,'PE0G_unid.',1,1,256,10,30,' Peluche G',30,25,60,NULL),(257,'PE0H_unid.',1,1,257,10,30,' Peluche H',30,20,50,NULL),(258,'PE0I_unid.',1,1,258,10,27,' Peluche I',27,20,45,NULL),(259,'JU01_unid.',1,1,259,10,370,' Tonka grande',370,1,430,NULL),(260,'JU02_unid.',1,1,260,10,210,' Tonka classic',210,1,245,NULL),(261,'JU03_unid.',1,1,261,10,250,' Tonka Frond Loader',250,1,290,NULL),(262,'JU04_unid.',1,1,262,10,87.5,' Mapiuka',87.5,2,100,NULL),(263,'JU05_unid.',1,1,263,10,268,' Baby Alive grande',268,2,310,NULL),(264,'JU06_unid.',1,1,264,10,100,' Baby Alive pequena',100,2,116,NULL),(265,'JU07_unid.',1,1,265,10,225,' Muneco playa',225,1,260,NULL),(266,'JU08_unid.',1,1,266,10,315,' Muneco primer chupete',315,1,365,NULL),(267,'JU09_unid.',1,1,267,10,204,' Muneco mellizos',204,1,280,NULL),(268,'JU10_unid.',1,1,268,10,196,' Oso (masha)',196,2,230,NULL),(269,'JU11_unid.',1,1,269,10,230,' Wonder Woman (mujer maravilla)',230,1,270,NULL),(270,'JU12_unid.',1,1,270,10,382.5,' Jack Jack con sonido',382.5,2,444,NULL),(271,'JU13_unid.',1,1,271,10,170,' Mister Increible',170,1,200,NULL),(272,'JU14_unid.',1,1,272,10,204,' Jack Jack sin sonido',204,1,237,NULL),(273,'JU15_unid.',1,1,273,10,187,' Capsula LOL rosada',187,2,220,NULL),(274,'JU16_unid.',1,1,274,10,89.63,' Muneca Sirena',89.63,7,110,NULL),(275,'JU17_unid.',1,1,275,10,108,' Pelota LOL A ',108,12,110,NULL),(276,'JU18_unid.',1,1,276,10,75,' Doctora Juguete',75,1,120,NULL),(277,'JU19_unid.',1,1,277,10,30,' Pelota LOL C',30,12,42,NULL),(278,'JU20_unid.',1,1,278,10,65,' Soldier Forse chico',65,1,130,NULL),(279,'JU21_unid.',1,1,279,10,60,' Dinosaurio de goma grande',60,1,300,NULL),(280,'JU22_unid.',1,1,280,10,65,'Almuada  Unicornio A ',65,7,120,NULL),(281,'JU23_unid.',1,1,281,10,22.5,'Almuada  Unicornio B ',22.5,3,60,NULL),(282,'JU24_unid.',1,1,282,10,15,'Tambor ',15,3,25,NULL),(283,'JU25_unid.',1,1,283,10,25,'Fun Auto 7 en 1',25,3,45,NULL),(284,'JU26_unid.',1,1,284,10,15,'Olaf',15,3,30,NULL),(285,'JU27_unid.',1,1,285,10,16,'Truck Abeja',16,3,30,NULL),(286,'JU28_unid.',1,1,286,10,80,'Soldier Force grande',80,1,150,NULL),(287,'JU29_unid.',1,1,287,10,110,'Buddy ',110,1,160,NULL),(288,'JU30_unid.',1,1,288,10,365.4,'Nenucos',365.4,7,350,NULL),(289,'JU31_unid.',1,1,289,10,20,' Pelota A ',20,3,50,NULL),(290,'JU32_unid.',1,1,290,10,12,' Pelota B',12,24,35,NULL),(291,'JU33_unid.',1,1,291,10,9,' Pelota C',9,18,25,NULL),(292,'JU34_unid.',1,1,292,10,5,' Pelota D',5,12,12,NULL),(293,'JU35_unid.',1,1,293,10,267,' Juguete de Coleccion',267,4,310,NULL),(294,'JU36_unid.',1,1,294,10,385,' Muneco Assassin Greed',385,1,450,NULL),(295,'JU37_unid.',1,1,295,10,35,' Lego A',35,3,90,NULL),(296,'JU38_unid.',1,1,296,10,25,' Lego B',25,6,65,NULL),(297,'JU39_unid.',1,1,297,10,54.51,' Coleccion Dragon Boll',54.51,7,120,NULL),(298,'JU40_unid.',1,1,298,10,174,' Camion Huina',174,7,185,NULL),(299,'JU41_unid.',1,1,299,10,40,' Camion Truck',40,3,70,NULL),(300,'JU42M_unid.',1,1,300,10,18.5,' Auto  Metalico pequeno',18.5,4,40,NULL),(301,'JU42_unid.',1,1,301,10,12.5,' Auto Cars 6 en 1',12.5,6,25,NULL),(302,'JU43_unid.',1,1,302,10,10,' Auto Avengers 5 en 1',10,6,25,NULL),(303,'JU44_unid.',1,1,303,10,20,' Truck 3 en 1',20,2,35,NULL),(304,'JU45_unid.',1,1,304,10,25,' Hombre Arana mediano ',25,3,60,NULL),(305,'JU46_unid.',1,1,305,10,25.36,' Avengers en exibidor',25.36,7,60,NULL),(306,'JU47_unid.',1,1,306,10,30,' Transformers en exibidor',30,3,65,NULL),(307,'JU48_unid.',1,1,307,10,104.4,'Super Mario coleccion',104.4,5,180,NULL),(308,'JU49_unid.',1,1,308,10,15,' Juego de Pistolas',15,6,30,NULL),(309,'JU50_unid.',1,1,309,10,15,' Juego de Herramientas',15,3,25,NULL),(310,'JU51_unid.',1,1,310,10,13.5,' Flecha',13.5,3,25,NULL),(311,'JU52_unid.',1,1,311,10,10,' Cuadratrack didactico',10,5,25,NULL),(312,'JU53_unid.',1,1,312,10,15,' Soldados',15,3,25,NULL),(313,'JU54_unid.',1,1,313,10,20.83,' Soy Luna A',20.83,23,35,NULL),(314,'JU55_unid.',1,1,314,10,14.49,' Soy Luna B',14.49,21,25,NULL),(315,'JU56_unid.',1,1,315,10,20,' juego Tazas',20,2,45,NULL),(316,'JU57_unid.',1,1,316,10,35,' Barby Musical',35,6,60,NULL),(317,'JU58_unid.',1,1,317,10,32,' Sirena Mermai',32,6,55,NULL),(318,'JU59_unid.',1,1,318,10,12.5,' Muneca Frozzen B',12.5,24,25,NULL),(319,'JU60_unid.',1,1,319,10,16,' Muneca Sunny Girl',16,12,35,NULL),(320,'JU61_unid.',1,1,320,10,27.54,' Pony en caja',27.54,15,60,NULL),(321,'JU62_unid.',1,1,321,10,10,'Pescados',10,3,25,NULL),(322,'JU63_unid.',1,1,322,10,8.33,'Tambores',8.33,3,20,NULL),(323,'JU64_unid.',1,1,323,10,20.29,'soy Luna Paleta',20.29,6,40,NULL),(324,'JU65_unid.',1,1,324,10,20,'Cartera',20,2,30,NULL),(325,'JU66_unid.',1,1,325,10,5,'Cajas Unicornio pequeno',5,12,15,NULL),(326,'JU67_unid.',1,1,326,10,80,'Pistolas Avengers',80,3,160,NULL),(327,'JU68_unid.',1,1,327,10,109,'Baby Alive C',109,2,120,NULL),(328,'JU69_unid.',1,1,328,10,30,' Pelota LOL B',30,41,40,NULL),(329,'JU70_unid.',1,1,329,10,47.41,' LOL Snack Car',47.41,5,80,NULL),(330,'JU71_unid.',1,1,330,10,20,' Muneca Model  Angel',20,2,35,NULL),(331,'JU72_unid.',1,1,331,10,12.5,' Pepa Pig',12.5,4,25,NULL),(332,'RE01_unid.',1,1,332,10,25,' Caja de regalo carton 3 en 1',25,1,60,NULL),(333,'RE02_unid.',1,1,333,10,12.5,' Caja de regalo metal 3 en 1',12.5,14,25,NULL),(334,'RE03_unid.',1,1,334,10,4,' Joyero Metalico',4,24,15,NULL),(335,'RE04_unid.',1,1,335,10,20,' Portalapicero metalico',20,3,35,NULL),(336,'RE05_unid.',1,1,336,10,10,' Torre de Paris',10,3,25,NULL),(337,'RE06_unid.',1,1,337,10,25,' Organizador  Armable',25,9,60,NULL),(338,'RE07_unid.',1,1,338,10,17,' Corbata en Caja',17,3,40,NULL),(339,'RE08_unid.',1,1,339,10,20,' Vaso de Futbol',20,25,50,NULL),(340,'RE09_unid.',1,1,340,10,100,' Billetera Dama A',100,1,200,NULL),(341,'RE10_unid.',1,1,341,10,35,' Billetera Dama B',35,5,80,NULL),(342,'RE11_unid.',1,1,342,10,27,' Billetera Dama C',27,10,50,NULL),(343,'RE12_unid.',1,1,343,10,125,' Billetera Varon A',125,6,200,NULL),(344,'RE13_unid.',1,1,344,10,50,' Billetera Varon B',50,10,100,NULL),(345,'RE14_unid.',1,1,345,10,18.33,' Billetera Varon C',18.33,10,45,NULL),(346,'RE15_unid.',1,1,346,10,80,' Cinturon',80,4,150,NULL),(347,'RE16_unid.',1,1,347,10,9.2,' Espejo doble',9.2,17,15,NULL),(348,'RE17_unid.',1,1,348,10,25,' Plancha GV-118',25,6,35,NULL),(349,'RE18_unid.',1,1,349,10,90,' Juego de Llaveros',90,2,150,NULL),(350,'RE19_unid.',1,1,350,10,28.5,' Juego de Cortaunas',28.5,5,45,NULL),(351,'RE20_unid.',1,1,351,10,1.5,' Adorno Baby Showers',1.5,12,5,NULL),(352,'RE21_unid.',1,1,352,10,25,' Portaretrato A',25,5,50,NULL),(353,'RE22_unid.',1,1,353,10,25,' Portaretrato B',25,17,40,NULL),(354,'RE23_unid.',1,1,354,10,12.5,' Portaretrato C',12.5,12,30,NULL),(355,'RE24_unid.',1,1,355,10,11.6,' Portaretrato D',11.6,24,20,NULL),(356,'RE25_unid.',1,1,356,10,50,' Album A',50,3,90,NULL),(357,'RE26_unid.',1,1,357,10,40,' Album B',40,3,70,NULL),(358,'RE27_unid.',1,1,358,10,20,' Album C',20,12,40,NULL),(359,'RE28_unid.',1,1,359,10,83.5,'Auto LOL',83.5,3,83,NULL),(360,'RE28A_unid.',1,1,360,10,32,'Muneca Ada',32,3,60,NULL),(361,'RE29_unid.',1,1,361,10,30,'Toma Todo MM',30,5,60,NULL),(362,'RE30_unid.',1,1,362,10,35,'Maseteros',35,2,60,NULL),(363,'RE31_unid.',1,1,363,10,15,'Album cerrado',15,6,25,NULL),(364,'RE32_unid.',1,1,364,10,35,' Album armable A',35,6,60,NULL),(365,'RE33_unid.',1,1,365,10,35,' Album armable B',35,5,50,NULL),(366,'RE34_unid.',1,1,366,10,25,' Album armable C',25,5,40,NULL),(367,'RE35_unid.',1,1,367,10,13,' Reloj de pared',13,9,25,NULL),(368,'RE36_unid.',1,1,368,10,50,' Reloj Buho',50,1,80,NULL),(369,'RE37_unid.',1,1,369,10,11.67,' Cuadro de adorno',11.67,7,25,NULL),(370,'RE38_unid.',1,1,370,10,40,' Moto de madera',40,6,60,NULL),(371,'RE39_unid.',1,1,371,10,75,' Vela Electrica ',75,6,140,NULL),(372,'RE40_unid.',1,1,372,10,25,' Vela Aromatica',25,6,50,NULL),(373,'RE41_unid.',1,1,373,10,30,' Alcancia Star Wars',30,6,60,NULL),(374,'RE42_unid.',1,1,374,10,35,' Mapa Mundi',35,6,60,NULL),(375,'RE43_unid.',1,1,375,10,40,' Alcancia Soldado',40,6,70,NULL),(376,'RE44_unid.',1,1,376,10,30,' Alcancia infantil',30,10,50,NULL),(377,'RE45_unid.',1,1,377,10,30,' Portalapicero Oso',30,2,50,NULL),(378,'RE46_unid.',1,1,378,10,60,' Lampara Infantil',60,6,100,NULL),(379,'RE47_unid.',1,1,379,10,40,' Lampara ',40,5,100,NULL),(380,'RE48_unid.',1,1,380,10,35,' Audifonos Emojis',35,4,60,NULL),(381,'RE49_unid.',1,1,381,10,4.6,' Bolsa de regalo A',4.6,67,15,NULL),(382,'RE50_unid.',1,1,382,10,3.75,' Bolsa de regalo B',3.75,34,10,NULL),(383,'RE51_unid.',1,1,383,10,2.75,' Bolsa de regalo C',2.75,390,6,NULL),(384,'RE52_unid.',1,1,384,10,5.5,' Prendedor',5.5,18,10,NULL),(385,'RE53_unid.',1,1,385,10,1,' Canicas de Iman',1,20,5,NULL),(386,'RE54_unid.',1,1,386,10,8.33,' Sujetador de celular',8.33,12,25,NULL),(387,'RE55_unid.',1,1,387,10,35,' Llavero A',35,7,65,NULL),(388,'RE56_unid.',1,1,388,10,20,' Llavero B',20,5,60,NULL),(389,'RE57_unid.',1,1,389,10,10,' Llavero C',10,11,20,NULL),(390,'RE58_unid.',1,1,390,10,6.66,' Llavero D',6.66,24,10,NULL),(391,'RE59_unid.',1,1,391,10,2.5,'Llaveros E',2.5,20,5,NULL),(392,'RE60_unid.',1,1,392,10,2.1,'Slam (asquimuco)',2.1,17,5,NULL),(393,'RE61_unid.',1,1,393,10,7,'Collar con Arete',7,9,15,NULL),(394,'PL01_Unid.',1,1,394,10,17,' Rompecabeza A',17,3,30,NULL),(395,'PL02_Unid.',1,1,395,10,10,' Rompecabeza B',10,23,20,NULL),(396,'PL03_Unid.',1,1,396,10,7.5,' Rompecabeza C',7.5,26,15,NULL),(397,'PL04_Unid.',1,1,397,10,20,' Reloj didactico',20,1,40,NULL),(398,'PL05_Unid.',1,1,398,10,35,' Yenga 5 en 1',35,4,55,NULL),(399,'PL06_Unid.',1,1,399,10,25,' Ajedrez 8 en 1',25,5,40,NULL),(400,'PL07_Unid.',1,1,400,10,73,' Bus didactico',73,3,98,NULL),(401,'PL08_Unid.',1,1,401,10,32,' Zapato didactico',32,2,55,NULL),(402,'PL09_Unid.',1,1,402,10,40,' Numeros en caja',40,2,70,NULL),(403,'PL10_Unid.',1,1,403,10,22,' Numeros de madera',22,2,45,NULL),(404,'PL11_Unid.',1,1,404,10,27,' ABC de madera',27,12,45,NULL),(405,'PL12_Unid.',1,1,405,10,30,' Figura geometrica de madera',30,3,55,NULL),(406,'PL13_Unid.',1,1,406,10,95,' Abaco Caracol',95,2,130,NULL),(407,'PL14_Unid.',1,1,407,10,65,' Abaco Jirafa',65,3,90,NULL),(408,'PL15_Unid.',1,1,408,10,25,' Abaco mas tabla A',25,12,48,NULL),(409,'PL16_Unid.',1,1,409,10,15.53,' Abaco mas tabla B',15.53,60,25,NULL),(410,'PL17_Unid.',1,1,410,10,20,' Abaco numeral',20,2,35,NULL),(411,'PL18_Unid.',1,1,411,10,35,' Abaco vertical A',35,3,58,NULL),(412,'PL19_Unid.',1,1,412,10,10,' Abaco vertical B',10,70,20,NULL),(413,'PL20_Unid.',1,1,413,10,38,' Tren didactico',38,3,60,NULL),(414,'PL21_Unid.',1,1,414,10,20,' Rana Tambor',20,2,45,NULL),(415,'PL22_Unid.',1,1,415,10,16,' Block armable',16,3,80,NULL),(416,'PL23_Unid.',1,1,416,10,10,'Tamgram',10,3,35,NULL),(417,'PO01_unid.',1,1,417,10,4,' Set planas orquillas',4,12,10,NULL),(418,'PO02_unid.',1,1,418,10,0.2,' Set de orquillas',0.2,72,0.5,NULL),(419,'PO03_unid.',1,1,419,10,3.5,' Traba A',3.5,12,10,NULL),(420,'PO04_unid.',1,1,420,10,3.33,' Traba B',3.33,120,8,NULL),(421,'PO05_unid.',1,1,421,10,3.5,' Pirana A',3.5,6,10,NULL),(422,'PO06_unid.',1,1,422,10,2.1,' Pirana B',2.1,63,8,NULL),(423,'PO07_unid.',1,1,423,10,2.1,' Pirana C',2.1,92,5,NULL),(424,'PO08_unid.',1,1,424,10,3,' Mono para cabello A',3,70,10,NULL),(425,'PO09_unid.',1,1,425,10,1.5,' Mono para cabello B',1.5,47,5,NULL),(426,'PO10_unid.',1,1,426,10,1,' Mono para cabello C',1,600,2.5,NULL),(427,'PO11_par',1,1,427,15,1.25,' Set Ligas',1.25,22,5,NULL),(428,'PO12_set',1,1,428,6,55,' Tiara (matrimonio)',55,2,100,NULL),(429,'PO13_unid.',1,1,429,10,1.6,' Red de mono',1.6,12,3,NULL),(430,'PO14_par',1,1,430,15,2.86,' Pili para bebe',2.86,234,8,NULL),(431,'PO15_unid.',1,1,431,10,3,' Par de gogo A',3,357,15,NULL),(432,'PO17_unid.',1,1,432,10,3,' Par de gogo B',3,110,10,NULL),(433,'PO18_unid.',1,1,433,10,5.6,' Cinta de agua',5.6,48,10,NULL),(434,'PO19_unid.',1,1,434,10,7,' Wincha de raton ',7,9,20,NULL),(435,'PO20_unid.',1,1,435,10,10,' Wincha de conejo',10,6,20,NULL),(436,'PO21_unid.',1,1,436,10,10,' Wincha A',10,43,15,NULL),(437,'PO22_unid.',1,1,437,10,5,' Wincha B',5,24,12,NULL),(438,'PO23_unid.',1,1,438,10,6.25,' Mascara Batman',6.25,3,15,NULL),(439,'PO24_unid.',1,1,439,10,5.83,' Lente payaso',5.83,3,15,NULL),(440,'PO25_unid.',1,1,440,10,3.75,'Wincha de diablo',3.75,6,15,NULL),(441,'BAT01_unid.',1,1,441,10,4,' Bateria 12V',4,5,10,NULL),(442,'VA01_unid.',1,1,442,10,5,' Cinta doble contacto 1 cm.',5,12,10,NULL),(443,'VA02_unid.',1,1,443,10,5.83,' Cinta doble contacto 1.  1/2 cm.',5.83,12,13,NULL),(444,'VA03_unid.',1,1,444,10,6.66,' Cinta doble contacto 2 cm.',6.66,12,15,NULL),(445,'VA04_unid.',1,1,445,10,4.16,' Scoch Tornasol',4.16,12,8,NULL),(446,'VA05_unid.',1,1,446,10,5,' Scoch 100 yrd',5,128,10,NULL),(447,'VA06_unid.',1,1,447,10,2.33,' Scoch 30 yrd',2.33,66,6,NULL),(448,'VA07_unid.',1,1,448,10,7.5,' Masquin 5 cm.',7.5,11,15,NULL),(449,'VA08_unid.',1,1,449,10,5.8,' Masquin 3.5 cm.',5.8,8,13,NULL),(450,'VA09_unid.',1,1,450,10,4,' Masquin 2.5 cm.',4,36,10,NULL),(451,'VA10_unid.',1,1,451,10,3.16,' Masquin de 2 cm.',3.16,36,7,NULL),(452,'VA11_unid.',1,1,452,10,2.16,' Masquin de 1 cm.',2.16,36,5,NULL),(453,'VA12_unid.',1,1,453,10,9.16,' Scoch con diseno',9.16,24,15,NULL),(454,'VA13_unid.',1,1,454,10,1.16,' Yurex Tornasol A',1.16,144,5,NULL),(455,'VA14_unid.',1,1,455,10,1,' Yurex Tornasol B',1,144,3,NULL),(456,'VA15_unid.',1,1,456,10,0.58,' Yurex Tornasol C',0.58,288,1.5,NULL),(457,'VA16_unid.',1,1,457,10,2.2,' Yurex con diseno A',2.2,50,5,NULL),(458,'VA17_unid.',1,1,458,10,0.43,' Yurex con diseno B',0.43,288,2,NULL),(459,'VA18_unid.',1,1,459,10,0.8,' Yurex A',0.8,120,2.5,NULL),(460,'VA19_unid.',1,1,460,10,0.66,' Yurex B',0.66,284,1.5,NULL),(461,'VA20_unid.',1,1,461,10,2,' Yurex encaje',2,12,5,NULL),(462,'VA21_unid.',1,1,462,10,5,' Set Yurex surtido',5,12,10,NULL),(463,'VA22_unid.',1,1,463,10,5,' Set Silicona en barra glitter',5,12,10,NULL),(464,'VA23_unid.',1,1,464,10,0.4,' Silicona en barra',0.4,1050,1,NULL),(465,'VA24_unid.',1,1,465,10,2.5,' Abanico',2.5,5,6,NULL),(466,'VA25_unid.',1,1,466,10,5,' UHU 8.2 gramos',5,212,5,NULL),(467,'VA26_unid.',1,1,467,10,6.5,' UHU 21 gramos',6.5,127,9,NULL),(468,'VA27_unid.',1,1,468,10,1.44,' Isocola 20 gramos',1.44,240,2.5,NULL),(469,'VA28_unid.',1,1,469,10,2.24,' Isocola 40 gramos',2.24,288,4,NULL),(470,'VA29_unid.',1,1,470,10,3.4,' Isocola 80 gramos',3.4,144,8,NULL),(471,'VA30_unid.',1,1,471,10,2.5,' lana escolar',2.5,250,6,NULL),(472,'VA31_unid.',1,1,472,10,0.8,' quillo de lana',0.8,200,2,NULL),(473,'VA32_unid.',1,1,473,10,4.4,' Cola de Rata',4.4,55,8,NULL),(474,'VA33_unid.',1,1,474,10,3.33,' Toalla A',3.33,72,8,NULL),(475,'VA34_unid.',1,1,475,10,1.66,' Toalla B',1.66,72,5,NULL),(476,'VA35_unid.',1,1,476,10,4.5,' Set de Palitos chinos',4.5,400,10,NULL),(477,'VA36_unid.',1,1,477,10,2.1,' Set de Palitos de helado',2.1,2,3,NULL),(478,'VA37_unid.',1,1,478,10,1.7,' Set de Palitos de helado color',1.7,1200,5,NULL),(479,'VA38_unid.',1,1,479,10,2.1,' Cinta Satin 10 mm. (Nro 2)',2.1,109,8,NULL),(480,'VA39_unid.',1,1,480,10,3.7,' Cinta Satin 15 mm.',3.7,67,9,NULL),(481,'VA40_unid.',1,1,481,10,1.5,' Cinta Satin 0.7 mm. (Nro 1)',1.5,488,5,NULL),(482,'VA41_unid.',1,1,482,10,4.8,' Bastidor A',4.8,10,15,NULL),(483,'VA42_unid.',1,1,483,10,4.8,' Bastidor B',4.8,10,12,NULL),(484,'VA43_unid.',1,1,484,10,4.8,' Bastidor C',4.8,10,10,NULL),(485,'VA44_unid.',1,1,485,10,4.8,' Bastidor D',4.8,10,7,NULL),(486,'VA45_unid.',1,1,486,10,4.8,' Bastidor E',4.8,10,5,NULL),(487,'VA46_unid.',1,1,487,10,1.2,' Hilo 500 yds',1.2,24,5,NULL),(488,'VA47_unid.',1,1,488,10,0.71,' Hilo 100 yds',0.71,408,2.5,NULL),(489,'VA48_unid.',1,1,489,10,1.3,' Hilo de salon',1.3,500,3,NULL),(490,'VA49_unid.',1,1,490,10,0.35,' Mechilla',0.35,3600,1,NULL),(491,'VA50_unid.',1,1,491,10,3.5,' Hilo de  pesca',3.5,9,10,NULL),(492,'VA51_unid.',1,1,492,10,1.5,' Cinta metrica',1.5,24,3,NULL),(493,'VA52_unid.',1,1,493,10,1.5,' Clip 33 mm',1.5,68,2,NULL),(494,'VA53_unid.',1,1,494,10,5,' Clip 50 mm.',5,23,8,NULL),(495,'VA54_set',1,1,495,6,7.5,' Clip mariposa # 1',7.5,10,10,NULL),(496,'VA55_set',1,1,496,6,8.5,' Clip mariposa # 2',8.5,10,10,NULL),(497,'VA56_set',1,1,497,6,0.75,' Set chinche',0.75,228,2,NULL),(498,'VA57_set',1,1,498,6,2,' Chinche mariposa',2,20,0.25,NULL),(499,'VA58_set',1,1,499,6,6,' Set chinche mariposa',6,10,15,NULL),(500,'VA59_unid.',1,1,500,10,2.92,' Set chinche color',2.92,23,8,NULL),(501,'VA60_set',1,1,501,6,2.8,' Set alfiler',2.8,20,4,NULL),(502,'VA61_hojas',1,1,502,4,2.5,' Sticker tatuaje',2.5,28,6,NULL),(503,'VA62_unid.',1,1,503,10,0.6,'Encendedor',0.6,49,2,NULL),(504,'VA63_unid.',1,1,504,10,0.17,' Blinder 15 mm',0.17,48,0.5,NULL),(505,'VA64_unid.',1,1,505,10,0.18,' Blinder 19 mm. (40 pzs)',0.18,64,0.75,NULL),(506,'VA65_unid.',1,1,506,10,0.26,' Blinder 25 mm. (48 pzs.)',0.26,72,1,NULL),(507,'VA66A_unid.',1,1,507,10,0.38,' Blinder 32 mm. ',0.38,48,2,NULL),(508,'VA66_unid.',1,1,508,10,0.53,' Blinder 41 mm.',0.53,48,2.5,NULL),(509,'VA67_unid.',1,1,509,10,0.9,' Blinder 51 mm.',0.9,48,3,NULL),(510,'VA68_unid.',1,1,510,10,5,' Set cartas',5,12,10,NULL),(511,'VA69_unid.',1,1,511,10,0.5,' Espejo cuadrado pequeno',0.5,12,1,NULL),(512,'VA70_unid.',1,1,512,10,0.83,' Espejo redondo pequeno',0.83,12,2,NULL),(513,'VA71_unid.',1,1,513,10,0.66,' Espejo cuadrado grande',0.66,12,2,NULL),(514,'VA72_unid.',1,1,514,10,1.2,' Estilette eco grande ',1.2,72,3,NULL),(515,'VA73_unid.',1,1,515,10,0.58,' Estilette eco pequeno',0.58,72,2,NULL),(516,'VA74_unid.',1,1,516,10,16.66,' Pistola para Silicona',16.66,48,30,NULL),(517,'VA75_unid.',1,1,517,10,0.66,' Super Glue',0.66,150,2,NULL),(518,'VA76_unid.',1,1,518,10,3.33,' Corta unas',3.33,24,6,NULL),(519,'VA77_unid.',1,1,519,10,1.25,' Silbato',1.25,23,3,NULL),(520,'VA78_unid.',1,1,520,10,2.16,' Pinza Negra',2.16,71,5,NULL),(521,'VA79_unid.',1,1,521,10,0.62,' Pinza Metalica',0.62,24,2,NULL),(522,'VA80_unid.',1,1,522,10,5,' Mentisan',5,12,8,NULL),(523,'VA81_unid.',1,1,523,10,1.33,' Vaselina pequena',1.33,72,3,NULL),(524,'VA82_set',1,1,524,6,21,' Set Duracell AA (6 en 1)',21,6,30,NULL),(525,'VA83_set',1,1,525,6,21.33,' Set Duracell AAA  (6 en 1)',21.33,6,30,NULL),(526,'VA84_set',1,1,526,6,18,' Set Energizer AA (6 en 1)',18,6,25,NULL),(527,'VA85_set',1,1,527,6,18,' Set Energizer AAA (6 en 1)',18,6,25,NULL),(528,'BA86_set',1,1,528,6,8.33,' Set Sony AA (4 en 1)',8.33,6,15,NULL),(529,'VA87_set',1,1,529,6,8.33,' Set Sony AAA (4 en 1)',8.33,6,15,NULL),(530,'VA89_set',1,1,530,6,3.6,' Set Panasonic AA (4 en 1)',3.6,15,7,NULL),(531,'VA90_set',1,1,531,6,3,' Set Sony ultra AA (4 en 1)',3,10,7,NULL),(532,'VA91_unid.',1,1,532,10,3,' Bateria Toshiba',3,8,6,NULL),(533,'VA92_set',1,1,533,6,2.4,' set Panasonic  extra AAA (4 en 1)',2.4,10,6,NULL),(534,'VA93_set',1,1,534,6,1.2,' Par Toshiba AAA',1.2,20,3,NULL),(535,'VA94_unid.',1,1,535,10,1.87,' Silicona Liquida Merletto 30 ml.',1.87,287,4,NULL),(536,'VA95_unid.',1,1,536,10,6.25,' Silicona Liquida Merletto 100 ml.',6.25,72,10,NULL),(537,'VA96_unid.',1,1,537,10,4.13,' Silicona Liquida UHU 200 ml.',4.13,6,10,NULL),(538,'VA97_unid.',1,1,538,10,12.9,' Ribecola 1/2 kilo (500 grs)',12.9,24,22,NULL),(539,'VA98_unid.',1,1,539,10,6.16,' Ribecola 250 grs',6.16,18,18,NULL),(540,'VA99_unid.',1,1,540,10,2.75,' Ribecola 80 grs',2.75,17,10,NULL),(541,'VA100_unid.',1,1,541,10,1.85,' Ribecola 40 grs',1.85,18,5,NULL),(542,'VA101_unid.',1,1,542,10,10.33,' Monopol Pomo 300 cc.',10.33,150,18,NULL),(543,'VA102_unid.',1,1,543,10,3.75,' Monopol Pomo 75 ml ',3.75,80,8,NULL),(544,'VA103_unid.',1,1,544,10,7.3,' Monopol con pico 250 ml',7.3,96,13,NULL),(545,'VA104_unid.',1,1,545,10,4,' Monopol con pico 90 ml',4,240,10,NULL),(546,'VA105_unid.',1,1,546,10,3.1,' Monopol con pico 40 ml',3.1,240,6,NULL),(547,'VA106_unid.',1,1,547,10,3.7,' Acrilex',3.7,632,5,NULL),(548,'VA107_unid.',1,1,548,10,6.38,' Acrilex metalizado',6.38,60,12,NULL),(549,'VA108_unid.',1,1,549,10,2.84,' Glitter para papel',2.84,192,6,NULL),(550,'VA109_unid.',1,1,550,10,8.55,' Glitter para tela',8.55,120,16,NULL),(551,'VA110_unid.',1,1,551,10,4.79,' Tampo dactilar',4.79,34,10,NULL),(552,'VA112_unid.',1,1,552,10,5.5,' Tampo madison',5.5,12,10,NULL),(553,'VA113_unid.',1,1,553,10,0.3,' Barbijo',0.3,200,1,NULL),(554,'VA114_unid.',1,1,554,10,10,' Set panuelos dama ',10,16,17,NULL),(555,'VA115_unid.',1,1,555,10,2.83,' Panuelo dama',2.83,24,5,NULL),(556,'VA116_unid.',1,1,556,10,15,' Set panuelo Varon',15,4,20,NULL),(557,'VA117_unid.',1,1,557,10,0.71,'  guante quirurgico',0.71,100,1.5,NULL),(558,'VA118_unid.',1,1,558,10,5.25,'  guante de goma (Asatex)',5.25,10,10,NULL),(559,'VA119_unid.',1,1,559,10,2,' Portacredencial A',2,100,6,NULL),(560,'VA120_unid.',1,1,560,10,1.5,' Portacredencial B',1.5,100,4,NULL),(561,'VA121_unid.',1,1,561,10,8.33,' Almohadilla de madera',8.33,6,15,NULL),(562,'VA122_unid.',1,1,562,10,7,' Almohadilla de plastico',7,12,14,NULL),(563,'VA123_unid.',1,1,563,10,0.3,' Boton',0.3,24,1,NULL),(564,'VA124_unid.',1,1,564,10,0.2,' Globo',0.2,300,0.5,NULL),(565,'VA125_unid.',1,1,565,10,0.08,' Tiza',0.08,144,0.5,NULL),(566,'VA126_unid.',1,1,566,10,1.5,'CD princo',1.5,532,1.5,NULL),(567,'VA127_unid.',1,1,567,10,2.5,'Goma Spider Man',2.5,6,10,NULL),(568,'VA128_unid.',1,1,568,10,1.15,' C-D mas funda',1.15,1000,2.5,NULL),(569,'VA129_unid.',1,1,569,10,0.15,' Funda para C- D',0.15,700,1,NULL),(570,'VA130_unid.',1,1,570,10,4,' Crema de calzado A',4,12,10,NULL),(571,'VA131_unid.',1,1,571,10,2,' Crema de calzado B',2,24,5,NULL),(572,'VA132_unid.',1,1,572,10,0.44,' Peine pequeno',0.44,72,1,NULL),(573,'VA133_unid.',1,1,573,10,3,' Globo con tijera',3,12,5,NULL),(574,'VA134_unid.',1,1,574,10,4,' Pata Pata',4,12,10,NULL),(575,'VA135_unid.',1,1,575,10,3.75,' Soga ',3.75,24,10,NULL),(576,'VA136_unid.',1,1,576,10,4.6,' Par de pompones',4.6,24,10,NULL),(577,'VA137_unid.',1,1,577,10,14.45,' Mandil escolar',14.45,40,38,NULL),(578,'VA138_unid.',1,1,578,10,0.42,' Purpurina',0.42,100,1,NULL),(579,'VA139_unid.',1,1,579,10,0.42,' Lentejuela (cabellos)',0.42,350,1,NULL),(580,'VA140_unid.',1,1,580,10,0.65,' Stickers ',0.65,115,1,NULL),(581,'VA141_unid.',1,1,581,10,4.16,' Stickers 3D',4.16,42,10,NULL),(582,'VA142_unid.',1,1,582,10,40,' Gorra Lentejuela',40,6,60,NULL),(583,'VA143_unid.',1,1,583,10,10,' Pizarra acrilica',10,12,20,NULL),(584,'VA144_unid.',1,1,584,10,30,' Juego de pincel blanco',30,2,80,NULL),(585,'VA145_unid.',1,1,585,10,25,' Juego pincel café',25,4,70,NULL),(586,'VA146_unid.',1,1,586,10,1.25,' Goma didactico',1.25,36,5,NULL),(587,'VA147_unid.',1,1,587,10,4,' Posit en formas',4,12,7,NULL),(588,'VA148_unid.',1,1,588,10,2.5,' Posit 3 x 3',2.5,68,5,NULL),(589,'VA149_unid.',1,1,589,10,3.75,' Posit 4 en 1',3.75,24,10,NULL),(590,'VA150_unid.',1,1,590,10,23,' Zampona escolar',23,60,35,NULL),(591,'VA151_unid.',1,1,591,10,11.13,' Flauta Madison',11.13,120,22,NULL),(592,'VA152_unid.',1,1,592,10,5,' Arandela Bic',5,24,8,NULL),(593,'VA153_unid.',1,1,593,10,3.33,' Senalador Flecha',3.33,170,5,NULL),(594,'VA154_unid.',1,1,594,10,3,' Senalador numeral',3,48,5,NULL),(595,'VA155_unid.',1,1,595,10,1.75,' Set pestana de colores',1.75,72,5,NULL),(596,'VA156_unid.',1,1,596,10,0.9,' Pestana plastica',0.9,120,2,NULL),(597,'VA157_unid.',1,1,597,10,5.41,' Regla 50 cm. (Artesco)',5.41,36,10,NULL),(598,'VA158_unid.',1,1,598,10,2.72,' Transportador 360',2.72,25,5,NULL),(599,'VA159_unid.',1,1,599,10,1.52,' Transportador 180',1.52,25,3,NULL),(600,'VA160_unid.',1,1,600,10,125,'Calculadoras FX-991LAX',125,3,170,NULL),(601,'VA161_unid.',1,1,601,10,70,'Calculadora EX- 82LA',70,3,120,NULL),(602,'VA162_unid.',1,1,602,10,50,'Calculadora MS-20MC-BRD',50,1,70,NULL),(603,'VA163_unid.',1,1,603,10,57,'Tintas Epson 664',57,48,70,NULL),(604,'VA164_unid.',1,1,604,10,2,' Regla para circulos',2,36,2.5,NULL),(605,'VA165_unid.',1,1,605,10,0.7,' Fastener plastico',0.7,100,2,NULL),(606,'VA166_unid.',1,1,606,10,0.16,' Fastener metalico (Isofit)',0.16,100,1,NULL),(607,'VA167_unid.',1,1,607,10,2.5,' Estuche geometrico 15 cm.',2.5,88,5,NULL),(608,'VA168_unid.',1,1,608,10,5.5,' Set fastener (Velox)',5.5,20,10,NULL),(609,'VA169_unid.',1,1,609,10,3.83,' Paleta A',3.83,11,10,NULL),(610,'VA170_unid.',1,1,610,10,3.33,' Paleta B',3.33,6,6,NULL),(611,'VA171_unid.',1,1,611,10,0.2,' Guato de carpeta',0.2,288,0.75,NULL),(612,'VA172_unid.',1,1,612,10,28,' Calculadora Casio LC-403TV',28,3,40,NULL),(613,'VA173_unid.',1,1,613,10,30,' Calculadora Casio SL-300NC-RD',30,3,45,NULL),(614,'VA174_unid.',1,1,614,10,4.16,' Venesta oficio',4.16,12,8,NULL),(615,'VA175_unid.',1,1,615,10,4.5,' Venesta 30x30',4.5,12,9,NULL),(616,'VA176_unid.',1,1,616,10,5.16,' Venesta 30x40',5.16,12,10,NULL),(617,'VA177_unid.',1,1,617,10,2.31,' Corrector magico',2.31,140,5,NULL),(618,'VA178_unid.',1,1,618,10,3,' Micropunta metalizada (Monami)',3,144,7,NULL),(619,'VA179_unid.',1,1,619,10,4.17,' Tiralinea',4.17,336,8,NULL),(620,'VA180_unid.',1,1,620,10,12.5,' Boligrafo con goma Pilot',12.5,36,20,NULL),(621,'VA181_unid.',1,1,621,10,3.33,' Boligrafo Pilot',3.33,271,5,NULL),(622,'VA182_unid.',1,1,622,10,0.83,' Boligrafo Mon Ami',0.83,288,1.5,NULL),(623,'VA183_unid.',1,1,623,10,1.31,' Boligrafo Stabilo Liner',1.31,132,3.5,NULL),(624,'VA184_unid.',1,1,624,10,0.3,' Protector de Boligrafo',0.3,100,1,NULL),(625,'VA185_unid.',1,1,625,10,30,' Compaz MAPED',30,20,40,NULL),(626,'VA186_unid.',1,1,626,10,2.83,' Boligrafo Bille',2.83,70,6,NULL),(627,'VA187_unid.',1,1,627,10,6.66,' Puntero Laser',6.66,24,20,NULL),(628,'VA188_unid.',1,1,628,10,3.29,' Marcador agua Stabilo',3.29,80,6,NULL),(629,'VA189_unid.',1,1,629,10,1.8,' Goma de borrar Stabilo',1.8,60,5,NULL),(630,'VA190_unid.',1,1,630,10,1,' Grampa 24/6',1,100,3,NULL),(631,'VA191_unid.',1,1,631,10,0.9,' Tarjeta con sobre',0.9,100,3,NULL),(632,'VA192_unid.',1,1,632,10,7.3,' metro Yute escolar',7.3,279,16,NULL),(633,'VA193_unid.',1,1,633,10,16,' Figurita recortable ',16,20,30,NULL),(634,'VA194_unid.',1,1,634,10,0.9,' Mono de regalo A',0.9,200,3,NULL),(635,'VA195_unid.',1,1,635,10,0.5,' Mono de regalo B',0.5,100,2,NULL),(636,'VA196_juego',1,1,636,16,116.6,'Set Micropunta Stabilo x 30',116.6,40,120,NULL),(637,'VA197_unid.',1,1,637,10,27.84,' Color Jumbo Stabilo',27.84,6,39,NULL),(638,'VA198_unid.',1,1,638,10,10.96,' Color largo Stabilo',10.96,26,15,NULL),(639,'VA199_unid.',1,1,639,10,16.27,' Marcador TRIO Stabilo',16.27,18,27,NULL),(640,'VA200_set',1,1,640,6,25.2,' Set de color 24 pzs. Faber',25.2,24,35,NULL),(641,'VA201_set',1,1,641,6,10.5,' set de color largo Faber',10.5,36,15,NULL),(642,'VA202_set',1,1,642,6,9,' set de marcador Fiesta Faber',9,96,12,NULL),(643,'VA203_set',1,1,643,6,10.3,' Set de marcador Grip Faber',10.3,83,15,NULL),(644,'VA204_unid.',1,1,644,10,1.2,' Oleo color negro',1.2,60,2.5,NULL),(645,'VA205_unid.',1,1,645,10,3,' Micropunta Stabilo',3,370,5,NULL),(646,'VA206_set',1,1,646,6,96.57,' Set micropunta Stabilo x25pzs',96.57,4,120,NULL),(647,'VA207_unid.',1,1,647,10,32.67,' Porta plano grande',32.67,8,60,NULL),(648,'VA208_unid.',1,1,648,10,1.82,' Pincel tigre Nro 0',1.82,30,3.5,NULL),(649,'VA209_unid.',1,1,649,10,1.88,' Pincel tigre Nro 2',1.88,30,4.5,NULL),(650,'VA210_unid.',1,1,650,10,2.18,' Pincel tigre Nro 4',2.18,30,5,NULL),(651,'VA211_unid.',1,1,651,10,2.42,'Pincel tigre Nro 6',2.42,30,5.5,NULL),(652,'VA212_unid.',1,1,652,10,2.73,'Pincel tigre Nro 8',2.73,30,6,NULL),(653,'VA213_unid.',1,1,653,10,3.2,'Pincel tigre Nro 10',3.2,30,7,NULL),(654,'VA214_unid.',1,1,654,10,3.42,'Pincel tigre Nro 12',3.42,30,8,NULL),(655,'VA215_unid.',1,1,655,10,0.9,'Algodon',0.9,50,2.5,NULL),(656,'VA216_unid.',1,1,656,10,0.23,'Gancho Grueso',0.23,142,1,NULL),(657,'VA217_unid.',1,1,657,10,0.62,'Set de gancho A',0.62,37,3,NULL),(658,'VA218_unid.',1,1,658,10,0.3,'Set de gancho b',0.3,72,1.5,NULL),(659,'VA219_unid.',1,1,659,10,0.29,'Set de gancho C',0.29,216,1,NULL),(660,'VA220_unid.',1,1,660,10,1.25,'Set de agujas',1.25,24,3,NULL),(661,'VA221_unid.',1,1,661,10,2.9,'Par de agujas punta roma',2.9,24,5,NULL),(662,'VA222_unid.',1,1,662,10,1.25,'Aguja punta Roma',1.25,24,3,NULL),(663,'VA223_unid.',1,1,663,10,0.16,'Aguja Dorada',0.16,255,1,NULL),(664,'VA224_unid.',1,1,664,10,0.1,'Aguja Plastica',0.1,50,0.5,NULL),(665,'VA225_unid.',1,1,665,10,1.83,'Palillo',1.83,24,5,NULL),(666,'VA226_unid.',1,1,666,10,16.66,'Escalimetro Maped',16.66,6,25,NULL),(667,'VA227_unid.',1,1,667,10,1.8,'Cinta Aislante Globe',1.8,28,5,NULL),(668,'VA228_unid.',1,1,668,10,0.83,'Cinta Aislante Marutex',0.83,36,2.5,NULL),(669,'VA229_unid.',1,1,669,10,10.8,'Docena lapiz Faber',10.8,72,20,NULL),(670,'VA230_unid.',1,1,670,10,0.9,'Lapiz Faber',0.9,1,2,NULL),(671,'VA231_unid.',1,1,671,10,8.33,'Filigrama',8.33,6,20,NULL),(672,'VA232_unid.',1,1,672,10,18,'Cuerpo Humano Armable',18,7,45,NULL),(673,'VA233_unid.',1,1,673,10,0.5,'Laminas',0.5,5000,1,NULL),(674,'VA234_unid.',1,1,674,10,1.2,'Etiqueta nombre',1.2,127,2.5,NULL),(675,'VA235_unid.',1,1,675,10,2.2,'Etiqueta Materias',2.2,225,5,NULL),(676,'VA236_unid.',1,1,676,10,1.2,'Stiker para nombres',1.2,75,3,NULL),(677,'VA237_unid.',1,1,677,10,2.5,'Plastoformo 1cm',2.5,50,5,NULL),(678,'VA238_unid.',1,1,678,10,3.67,'plastoformo 1,5cm',3.67,34,7,NULL),(679,'VA239_unid.',1,1,679,10,5,'Plastoformo 2 cm',5,25,9,NULL),(680,'VA240_unid.',1,1,680,10,6.25,'Plastoformo 2,5cm',6.25,20,10,NULL),(681,'VA241_unid.',1,1,681,10,7.81,'Plastoformo  3cm',7.81,16,12,NULL),(682,'VA242_unid.',1,1,682,10,2.6,'Plastoformo 50x50',2.6,48,5,NULL),(683,'P7002_set',1,1,683,6,5.41,'Color P7002',5.41,84,7,NULL),(684,'P7000_set',1,1,684,6,9.58,'Color P7000',9.58,144,13,NULL),(685,'P5000_set',1,1,685,6,11.25,'color P5000',11.25,84,15,NULL),(686,'P7018_set',1,1,686,6,12.08,'Color P7018',12.08,84,18,NULL),(687,'P9200_set',1,1,687,6,11.66,'Color P9200',11.66,60,16,NULL),(688,'PF9006_set',1,1,688,6,7.5,'Color PF9006',7.5,72,12,NULL),(689,'P9090_set',1,1,689,6,25,'Color P9090',25,120,35,NULL),(690,'P889_set',1,1,690,6,26.6,'Color P889',26.6,22,30,NULL),(691,'P6000_doc.',1,1,691,17,6.25,'Lapiz P6000',6.25,110,10,NULL),(692,'P8006_doc.',1,1,692,17,6.25,'Lapiz P8006',6.25,120,10,NULL),(693,'P6002B_doc.',1,1,693,17,10,'Lapiz p6002B',10,48,20,NULL),(694,'PT8006_doc.',1,1,694,17,10,'Lapiz 8066',10,67,20,NULL),(695,'P8002A_unid.',1,1,695,10,0.93,'Lapiz p8002',0.93,1425,2.5,NULL),(696,'P9000_unid.',1,1,696,10,0.97,'Lapiz p9000',0.97,576,2.5,NULL),(697,'PT9060_unid.',1,1,697,10,0.83,'Lapiz  pt9060',0.83,864,2.5,NULL),(698,'P9058_unid.',1,1,698,10,0.97,'Lapiz p9058',0.97,1726,2.5,NULL),(699,'P9058J_unid.',1,1,699,10,2.5,'lapiz p9058j',2.5,72,5,NULL),(700,'1B_unid.',1,1,700,10,0.97,'Lapiz 1B',0.97,144,2,NULL),(701,'2B_unid.',1,1,701,10,0.97,'Lapiz 2B',0.97,144,2,NULL),(702,'4B_unid.',1,1,702,10,1.04,'Lapiz 4B',1.04,144,2.5,NULL),(703,'5B_unid.',1,1,703,10,1.11,'Lapiz 5B',1.11,144,3,NULL),(704,'6B_unid.',1,1,704,10,1.11,'Lapiz 6B',1.11,144,3,NULL),(705,'7B_unid.',1,1,705,10,1.18,'Lapiz 7B',1.18,144,3.5,NULL),(706,'8B_unid.',1,1,706,10,1.18,'Lapiz 8B',1.18,144,3.5,NULL),(707,'10B_unid.',1,1,707,10,1.25,'Lapiz 10B',1.25,144,4,NULL),(708,'P600G_unid.',1,1,708,10,20,'Lapiz p600a',20,2,30,NULL),(709,'1H_unid.',1,1,709,10,1.08,'Lapiz 1H',1.08,24,2,NULL),(710,'3H_unid.',1,1,710,10,1.25,'Lapiz 3H',1.25,24,2.5,NULL),(711,'4H_unid.',1,1,711,10,1.3,'Lapiz 4H',1.3,24,3,NULL),(712,'5H_unid.',1,1,712,10,1.33,'Lapiz 5H',1.33,24,3,NULL),(713,'6H_unid.',1,1,713,10,1.33,'Lapiz 6H',1.33,24,3.5,NULL),(714,'7H_unid.',1,1,714,10,1.41,'Lapiz 7H',1.41,24,4,NULL),(715,'M400S_set',1,1,715,6,16.25,'marcador M400s',16.25,12,20,NULL),(716,'M2040_set',1,1,716,6,15.41,'marcador M2040',15.41,298,20,NULL),(717,'M2223_set',1,1,717,6,20.83,'marcador M2223',20.83,144,25,NULL),(718,'C380_set',1,1,718,6,20,'marcador C380',20,111,25,NULL),(719,'M2037_set',1,1,719,6,15,'marcador M2037',15,24,20,NULL),(720,'M2001_set',1,1,720,6,5.16,'marcador M2001',5.16,168,8,NULL),(721,'M2033_set',1,1,721,6,19.16,'marcador M2033',19.16,156,25,NULL),(722,'M2034_set',1,1,722,6,19.16,'marcador M2034',19.16,155,25,NULL),(723,'M2035_set',1,1,723,6,15.83,'marcador M2035',15.83,155,20,NULL),(724,'M2036_set',1,1,724,6,19.16,'marcador M2036',19.16,152,25,NULL),(725,'M2020S_set',1,1,725,6,15.83,'marcador M2020s',15.83,192,20,NULL),(726,'PU2000S_set',1,1,726,6,0.8,'marcador Pu2000s',0.8,150,1.5,NULL),(727,'5036_unid',1,1,727,11,2.33,'marcador 5036',2.33,512,4,NULL),(728,'PU2006_unid',1,1,728,11,1.6,'marcador PU2006',1.6,446,3,NULL),(729,'D886_unid',1,1,729,11,2,'marcador D886',2,712,5,NULL),(730,'D328_unid',1,1,730,11,1.41,'marcador D328',1.41,504,3,NULL),(731,'8000B_unid',1,1,731,11,3.75,'Detector 8000B',3.75,24,5,NULL),(732,'RE325_unid',1,1,732,11,2.1,'resaltador RE325',2.1,422,3.5,NULL),(733,'RE630_unid',1,1,733,11,2,'resaltador RE630',2,487,3,NULL),(734,'2098_unid',1,1,734,11,1.5,'resaltador 2098',1.5,168,2.5,NULL),(735,'RE620S_unid',1,1,735,11,15.83,'resaltador RE620s',15.83,95,20,NULL),(736,'RE650_unid',1,1,736,11,15.83,'resaltador RE650',15.83,95,20,NULL),(737,'RE330_unid',1,1,737,11,9.6,'resaltador RE330',9.6,107,15,NULL),(738,'M5025_unid',1,1,738,11,2.5,'marcador M5025',2.5,72,5,NULL),(739,'RP075_unid',1,1,739,11,2.1,'repuesto de marcador RP075',2.1,36,2.5,NULL),(740,'CO30_unid.',1,1,740,10,3.83,'corrector ',3.83,67,8,NULL),(741,'C018_unid.',1,1,741,10,3.5,'corrector ',3.5,71,6,NULL),(742,'GU040_unid.',1,1,742,10,8.75,'pegamento ',8.75,83,12,NULL),(743,'GU021_unid.',1,1,743,10,4.37,'pegamento ',4.37,282,8,NULL),(744,'GU008_unid.',1,1,744,10,2.41,'pegamento',2.41,336,4,NULL),(745,'P925_unid.',1,1,745,10,3.66,'portaminas ',3.66,48,10,NULL),(746,'P309-2_unid.',1,1,746,10,3.66,'portaminas ',3.66,48,8,NULL),(747,'P310-2_unid.',1,1,747,10,3.66,'poetaminas',3.66,48,8,NULL),(748,'P922-07_unid.',1,1,748,10,3.66,'portaminas ',3.66,48,8,NULL),(749,'P6032-07_unid.',1,1,749,10,3.66,'portaminas ',3.66,48,5,NULL),(750,'P922-09_unid.',1,1,750,10,3.66,'portaminas ',3.66,48,10,NULL),(751,'P909_unid.',1,1,751,10,5.83,'portaminas ',5.83,44,15,NULL),(752,'P922-05_unid.',1,1,752,10,3.66,'portaminas ',3.66,48,8,NULL),(753,'P901_unid.',1,1,753,10,3.66,'portaminas',3.66,48,8,NULL),(754,'P309_unid.',1,1,754,10,3.66,'portaminas ',3.66,47,8,NULL),(755,'P310_unid.',1,1,755,10,3.66,'portaminas ',3.66,48,8,NULL),(756,'P220_unid.',1,1,756,10,1.58,'portaminas ',1.58,48,5,NULL),(757,'P229_unid.',1,1,757,10,2,'portaminas ',2,48,5,NULL),(758,'P6032-05_unid.',1,1,758,10,1.58,'portaminas ',1.58,48,5,NULL),(759,'MC02_unid.',1,1,759,10,1.87,'minas de colores ',1.87,72,6,NULL),(760,'MI20_unid.',1,1,760,10,2.41,'minas ',2.41,144,6,NULL),(761,'RE09A_unid.',1,1,761,10,1.37,'minas ',1.37,48,3,NULL),(762,'RE07A_unid.',1,1,762,10,1.37,'minas ',1.37,48,3,NULL),(763,'RE05A_unid.',1,1,763,10,1.37,'minas ',1.37,144,3,NULL),(764,'P388_unid.',1,1,764,10,20,'portaminas color ',20,33,25,NULL),(765,'101A_unid.',1,1,765,10,9.58,'estuche geometrico ',9.58,144,15,NULL),(766,'101_unid.',1,1,766,10,7.66,'estuche geometrico ',7.66,144,10,NULL),(767,'668_unid.',1,1,767,10,3,'Regla ',3,657,5,NULL),(768,'673_unid.',1,1,768,10,2.91,'Regla ',2.91,192,5,NULL),(769,'666_unid.',1,1,769,10,2.16,'Regla ',2.16,360,3,NULL),(770,'660_unid.',1,1,770,10,2.5,'Regla',2.5,144,4,NULL),(771,'672_unid.',1,1,771,10,2.83,'Regla',2.83,240,3,NULL),(772,'999_unid.',1,1,772,10,1.41,'Regla ',1.41,484,2.5,NULL),(773,'690_unid.',1,1,773,10,4.58,'Regla ',4.58,36,10,NULL),(774,'TD318_unid',1,1,774,11,26.6,'dispensador ',26.6,6,35,NULL),(775,'TD317_unid',1,1,775,11,15,'dispensador ',15,12,25,NULL),(776,'TD316_unid',1,1,776,11,9.58,'dispensador ',9.58,32,15,NULL),(777,'G618_unid',1,1,777,11,85,'engrampador ',85,2,100,NULL),(778,'G613_unid',1,1,778,11,22.5,'engrampador ',22.5,23,35,NULL),(779,'G593_unid',1,1,779,11,21.61,'engrampador ',21.61,11,25,NULL),(780,'G880_unid',1,1,780,11,16.6,'engrampador ',16.6,12,25,NULL),(781,'G553_unid',1,1,781,11,6.66,'engrampador ',6.66,192,10,NULL),(782,'G418_unid',1,1,782,11,11.66,'engrampador ',11.66,24,17,NULL),(783,'MP240_unid',1,1,783,11,44.16,'perforadora',44.16,5,50,NULL),(784,'MP220_unid',1,1,784,11,23.3,'perforadora ',23.3,10,30,NULL),(785,'MP250_unid',1,1,785,11,21.61,'perforadora ',21.61,36,30,NULL),(786,'MP210_unid',1,1,786,11,4.79,'perforadora ',4.79,75,15,NULL),(787,'SS2406_unid',1,1,787,11,2,'grampa ',2,39,4,NULL),(788,'SS2606_unid',1,1,788,11,2,'grampa ',2,20,3,NULL),(789,'SS1000_unid',1,1,789,11,1.3,'grampa',1.3,20,3,NULL),(790,'XG833_unid',1,1,790,11,34,'perforadora ',34,12,40,NULL),(791,'XG831_unid',1,1,791,11,25,'perforadora ',25,30,30,NULL),(792,'1016_unid',1,1,792,11,5,'perforadora ',5,23,10,NULL),(793,'DL228_unid',1,1,793,11,3,'sacagrampa ',3,17,5,NULL),(794,'DL328_unid',1,1,794,11,3.75,'engrampadora ',3.75,24,7,NULL),(795,'KB001_unid',1,1,795,11,35,'tijera Kaibo ',35,12,40,NULL),(796,'FB2013_unid.',1,1,796,10,1.04,'Boligrafo ',1.04,1955,1.5,NULL),(797,'FB2005_unid.',1,1,797,10,1,'Boligrafo ',1,1198,2,NULL),(798,'FB6028_unid.',1,1,798,10,0.5,'Boligrafo ',0.5,1437,1,NULL),(799,'FB2068_unid.',1,1,799,10,2.1,'Boligrafo ',2.1,252,5,NULL),(800,'FB2082_unid.',1,1,800,10,1.6,'Boligrafo ',1.6,253,5,NULL),(801,'FB2025_unid.',1,1,801,10,2.5,'Boligrafo ',2.5,118,5,NULL),(802,'FB588_unid.',1,1,802,10,5,'Boligrafo ',5,72,5,NULL),(803,'FB7308_unid.',1,1,803,10,2.83,'Boligrafo ',2.83,48,8,NULL),(804,'FB144_unid.',1,1,804,10,2.33,'Boligrafo ',2.33,360,5,NULL),(805,'FB3099_unid.',1,1,805,10,5.83,'Boligrafo ',5.83,95,4,NULL),(806,'F6300_unid.',1,1,806,10,5,'Boligrafo ',5,70,15,NULL),(807,'2003_unid.',1,1,807,10,0.46,'Boligrafo ',0.46,1750,1,NULL),(808,'FB6098C_unid.',1,1,808,10,8,'Boligrafo',8,144,12,NULL),(809,'GL725F_unid',1,1,809,11,0.83,'Micropunta',0.83,960,3,NULL),(810,'GL501_unid',1,1,810,11,1.9,'Micropunta ',1.9,864,5,NULL),(811,'GL500_unid',1,1,811,11,2.83,'Micropunta ',2.83,864,5,NULL),(812,'GL504_unid',1,1,812,11,2.83,'Micropunta',2.83,432,5,NULL),(813,'FR520_unid',1,1,813,11,3.16,'Micropunta ',3.16,861,5,NULL),(814,'GL947_unid',1,1,814,11,3.25,'Micropunta ',3.25,864,8,NULL),(815,'GL936_unid',1,1,815,11,3.25,'Micropunta ',3.25,143,8,NULL),(816,'1005_unid',1,1,816,11,5.41,'Gel Borrable',5.41,168,12,NULL),(817,'MF498-S_set',1,1,817,6,20,'Micropunta',20,141,28,NULL),(818,'GL512_set',1,1,818,6,19.16,'Micropunta ',19.16,166,25,NULL),(819,'GL501MS_set',1,1,819,6,19.16,'Micropunta ',19.16,63,25,NULL),(820,'F001_unid',1,1,820,11,1.8,'Repuesto de plumas ',1.8,98,12,NULL),(821,'305_unid',1,1,821,11,0.3,'Goma ',0.3,360,0.5,NULL),(822,'304_unid',1,1,822,11,0.6,'Goma ',0.6,480,1,NULL),(823,'TR302_unid',1,1,823,11,0.63,'Goma ',0.63,972,1,NULL),(824,'TR303_unid',1,1,824,11,1,'Goma ',1,768,2,NULL),(825,'024A_unid',1,1,825,11,1,'Goma ',1,380,2,NULL),(826,'TR505_unid',1,1,826,11,1.05,'Goma ',1.05,575,2,NULL),(827,'3010M_unid',1,1,827,11,0.83,'Goma ',0.83,180,1,NULL),(828,'008-0_unid',1,1,828,11,1,'Pincel ',1,72,2,NULL),(829,'008-2_unid',1,1,829,11,1.1,'Pincel ',1.1,71,2,NULL),(830,'008-4_unid',1,1,830,11,1.33,'Pincel',1.33,72,2.5,NULL),(831,'008-6_unid',1,1,831,11,1.41,'Pincel',1.41,72,3,NULL),(832,'008-8_unid',1,1,832,11,1.58,'Pincel',1.58,72,4,NULL),(833,'008-10_unid',1,1,833,11,1.75,'Pincel',1.75,72,4,NULL),(834,'008-12_unid',1,1,834,11,1.91,'Pincel',1.91,72,5,NULL),(835,'008-14_unid',1,1,835,11,2.08,'Pincel',2.08,24,5,NULL),(836,'008-16_unid',1,1,836,11,2.33,'Pincel',2.33,24,7,NULL),(837,'008-18_unid',1,1,837,11,2.41,'Pincel',2.41,24,7,NULL),(838,'008-20_unid',1,1,838,11,2.91,'Pincel',2.91,24,9,NULL),(839,'008-22_unid',1,1,839,11,3.25,'Pincel',3.25,24,9,NULL),(840,'008-24_unid',1,1,840,11,3.58,'Pincel',3.58,22,10,NULL),(841,'006-0_unid',1,1,841,11,1.16,'Pincel',1.16,24,2,NULL),(842,'006-00_unid',1,1,842,11,1.16,'Pincel',1.16,24,2,NULL),(843,'006-000_unid',1,1,843,11,1.16,'Pincel',1.16,24,2,NULL),(844,'006-2_unid',1,1,844,11,1.16,'Pincel',1.16,24,3,NULL),(845,'006-4_unid',1,1,845,11,1.5,'Pincel',1.5,24,3,NULL),(846,'006-8_unid',1,1,846,11,1.75,'Pincel',1.75,24,4,NULL),(847,'006-10_unid',1,1,847,11,1.75,'Pincel',1.75,24,4,NULL),(848,'SC098_unid',1,1,848,11,40,'Tajador',40,35,70,NULL),(849,'SC080_unid',1,1,849,11,1.58,'Tajador',1.58,384,3,NULL),(850,'SC082_unid',1,1,850,11,2.58,'Tajador',2.58,384,5,NULL),(851,'SC083_unid',1,1,851,11,3.5,'Tajador',3.5,384,6,NULL),(852,'SC010_unid',1,1,852,11,0.3,'Tajador',0.3,660,0.5,NULL),(853,'SC090_unid',1,1,853,11,1.41,'Tajador',1.41,376,3,NULL),(854,'PL12A_set',1,1,854,6,7.5,'plastilina',7.5,115,12,NULL),(855,'CYO58_set',1,1,855,6,6.66,'crayon',6.66,216,12,NULL),(856,'CY068_set',1,1,856,6,14.16,'crayon',14.16,144,20,NULL),(857,'CY022_set',1,1,857,6,4.1,'crayon',4.1,75,5,NULL),(858,'TP986_set',1,1,858,6,7.5,'pastel',7.5,168,12,NULL),(859,'TM920_set',1,1,859,6,21.66,'tempera',21.66,34,30,NULL),(860,'O928_set',1,1,860,6,26.6,'oleo',26.6,35,30,NULL),(861,'TM918_set',1,1,861,6,15.41,'tempera',15.41,94,20,NULL),(862,'TM930_set',1,1,862,6,22,'tempera',22,36,38,NULL),(863,'PD06_set',1,1,863,6,15.41,'pintua',15.41,235,20,NULL),(864,'AC012_set',1,1,864,6,9.58,'acuarela',9.58,90,15,NULL),(865,'TJ001_unid.',1,1,865,10,4.33,'Tijera',4.33,624,7,NULL),(866,'TJ003_unid.',1,1,866,10,6.5,'Tijera',6.5,480,10,NULL),(867,'TJ005_unid.',1,1,867,10,6.5,'Tijera',6.5,188,10,NULL),(868,'TJ127_unid.',1,1,868,10,10.83,'Tijera',10.83,33,15,NULL),(869,'TJ128_unid.',1,1,869,10,13.33,'Tijera',13.33,35,20,NULL),(870,'CT1000_unid.',1,1,870,10,5.83,'Estilete',5.83,35,10,NULL),(871,'CT1001_unid.',1,1,871,10,8.33,'Estilete',8.33,68,15,NULL),(872,'CT1008_unid.',1,1,872,10,5,'Estilete',5,93,7,NULL),(873,'CP737_unid.',1,1,873,10,4.66,'Compaz',4.66,288,8,NULL),(874,'CP838_unid.',1,1,874,10,14.58,'Compaz',14.58,24,20,NULL),(875,'C948_unid.',1,1,875,10,4.83,'Corrector',4.83,135,8,NULL),(876,'C959_unid.',1,1,876,10,7.9,'Corrector',7.9,72,15,NULL),(877,'777_unid.',1,1,877,10,4.83,'Cinta adesiva',4.83,576,12,NULL),(878,'BM7724_unid.',1,1,878,10,16.6,'Lapiz',16.6,72,25,NULL),(879,'BM7712_unid.',1,1,879,10,16.6,'Lapiz',16.6,69,25,NULL),(880,'P54_unid.',1,1,880,10,2,'Lapiz',2,398,5,NULL),(881,'PJR4_unid.',1,1,881,10,2,'Lapiz',2,400,5,NULL),(882,'P3000_unid.',1,1,882,10,0.6,'Lapiz',0.6,567,1.5,NULL),(883,'P3001_unid.',1,1,883,10,0.6,'Lapiz',0.6,864,1.5,NULL),(884,'P3002_unid.',1,1,884,10,0.6,'Lapiz',0.6,864,1.5,NULL),(885,'P3003_unid.',1,1,885,10,0.6,'Lapiz',0.6,852,1.5,NULL),(886,'P3004_unid.',1,1,886,10,0.6,'Lapiz',0.6,288,1.5,NULL),(887,'892-12_set',1,1,887,6,10,'Marcador',10,168,15,NULL),(888,'721-24_set',1,1,888,6,25,'Marcador',25,107,35,NULL),(889,'2395_unid.',1,1,889,10,2,'Marcador',2,468,4,NULL),(890,'7113_unid.',1,1,890,10,1.5,'Marcador',1.5,576,3,NULL),(891,'1501_unid.',1,1,891,10,5.41,'Marcador',5.41,72,12,NULL),(892,'GB-1_unid.',1,1,892,10,0.79,'Boliografo',0.79,892,2,NULL),(893,'XY161_unid.',1,1,893,10,0.58,'Boliografo',0.58,843,1.5,NULL),(894,'4370_unid.',1,1,894,10,3.75,'Boliografo',3.75,864,7,NULL),(895,'432M_set',1,1,895,6,7.5,'Boliografo',7.5,201,12,NULL),(896,'436-10_set',1,1,896,6,7.5,'Boliografo',7.5,140,15,NULL),(897,'TG3462_unid.',1,1,897,10,1.91,'Micropunta',1.91,864,5,NULL),(898,'GP2068_unid.',1,1,898,10,1.2,'Micropunta',1.2,864,2.5,NULL),(899,'ZP1103_unid.',1,1,899,10,6.25,'Micropunta',6.25,71,15,NULL),(900,'HR1165_unid',1,1,900,11,1.04,'Goma',1.04,384,2,NULL),(901,'HR2117_unid',1,1,901,11,1,'Goma',1,384,2,NULL),(902,'HR155_unid',1,1,902,11,0.88,'Goma',0.88,576,2,NULL),(903,'HR3930_unid',1,1,903,11,1.45,'Goma',1.45,384,3,NULL),(904,'HR113_unid',1,1,904,11,1.5,'Goma',1.5,383,4,NULL),(905,'59_unid',1,1,905,11,1.66,'Goma',1.66,216,2.5,NULL),(906,'UC8133_unid.',1,1,906,10,2.83,'Tajador',2.83,503,5,NULL),(907,'TT927_unid.',1,1,907,10,0.72,'Tajador',0.72,240,2,NULL),(908,'CT608_unid.',1,1,908,10,4.16,'Tajador',4.16,48,6,NULL),(909,'6015-12_set',1,1,909,6,7.4,'oleo',7.4,144,12,NULL),(910,'516-12_set',1,1,910,6,6,'Crayon',6,144,10,NULL),(911,'2812-A_set',1,1,911,6,6.25,'Acuarela',6.25,12,12,NULL),(912,'302_set',1,1,912,6,5,'Estuche geometrico',5,168,7,NULL),(913,'BM661_unid.',1,1,913,10,1.8,'Regla',1.8,600,3,NULL),(914,'DL001_unid.',1,1,914,10,16.6,'Boligrafo con cadena',16.6,12,25,NULL),(915,'PO001_unid.',1,1,915,10,16.6,'Tablero plastico',16.6,20,25,NULL),(916,'701_unid.',1,1,916,10,2,'Boligrafo con Wato',2,100,5,NULL),(917,'MC401_set',1,1,917,6,5.66,'Color',5.66,288,8,NULL),(918,'MC402_set',1,1,918,6,12.33,'Color',12.33,286,15,NULL),(919,'MC403_set',1,1,919,6,12.33,'Color',12.33,288,15,NULL),(920,'MC407_set',1,1,920,6,38.33,'Color',38.33,72,70,NULL),(921,'MC408_set',1,1,921,6,26.66,'Color',26.66,143,35,NULL),(922,'MC410_set',1,1,922,6,14.16,'Color',14.16,287,22,NULL),(923,'MC406_unid.',1,1,923,10,0.83,'Lapiz',0.83,3456,2,NULL),(924,'MC409_unid.',1,1,924,10,0.9,'Lapiz',0.9,144,2,NULL),(925,'MC404_unid.',1,1,925,10,1.11,'Lapiz',1.11,3456,3,NULL),(926,'MC405_unid.',1,1,926,10,1.11,'Lapiz',1.11,3456,3,NULL),(927,'MC411_unid.',1,1,927,10,3,'Lapiz',3,144,6,NULL),(928,'MC412_unid.',1,1,928,10,3,'Lapiz',3,144,6,NULL),(929,'MM601_set',1,1,929,6,8.16,'Marcador',8.16,240,15,NULL),(930,'MM602_unid.',1,1,930,10,1.66,'Marcador',1.66,140,3,NULL),(931,'MM603_unid.',1,1,931,10,2.16,'Marcador',2.16,624,4,NULL),(932,'MM604_set',1,1,932,6,38.33,'Marcador',38.33,24,45,NULL),(933,'MR201_unid.',1,1,933,10,2.33,'Marcador',2.33,418,4,NULL),(934,'MB901_unid',1,1,934,11,0.75,'Boligrafo',0.75,648,1.5,NULL),(935,'MB902-S_set',1,1,935,6,9.16,'Boligrafo',9.16,119,15,NULL),(936,'MG801_unid',1,1,936,11,2.25,'Micropunta',2.25,863,5,NULL),(937,'MG801-S_set',1,1,937,6,25,'Micropunta',25,166,30,NULL),(938,'MG802_unid',1,1,938,11,3,'Micropunta',3,824,8,NULL),(939,'MG803_unid',1,1,939,11,3,'Micropunta',3,1008,8,NULL),(940,'MG804_unid',1,1,940,11,2.08,'Micropunta',2.08,432,5,NULL),(941,'MA501_unid',1,1,941,11,8.16,'Micropunta',8.16,72,12,NULL),(942,'MA502_unid',1,1,942,11,5,'Micropunta',5,144,8,NULL),(943,'NA500-01_unid',1,1,943,11,11.7,'Caja de regalo Navideno grande',11.7,12,25,NULL),(944,'NA500-02_unid',1,1,944,11,40,'Funda Navidena',40,10,80,NULL),(945,'NA500-03_pares',1,1,945,18,140,'Pareja navidena',140,3,220,NULL),(946,'NA500-04_unid',1,1,946,11,180,'Papanoel musical',180,3,250,NULL),(947,'NA500-05_unid',1,1,947,11,48,'Adorno navideno circular',48,3,70,NULL),(948,'NA500-06_unid',1,1,948,11,32,'bota navidena',32,12,60,NULL),(949,'NA500-07_unid',1,1,949,11,130,'Pie de Arbol',130,3,200,NULL),(950,'NA500-08_unid',1,1,950,11,22,'Corbata navidena',22,12,40,NULL),(951,'NA500-09_unid',1,1,951,11,1.7,'Adorno navideno goma Eva',1.7,63,3,NULL),(952,'NA500-10_set',1,1,952,6,3,'Targeta Navidena en set',3,9,5,NULL),(953,'NA500-11_unid',1,1,953,11,0.9,'Targeta Navidena pequena',0.9,100,3,NULL),(954,'NA500-12_unid',1,1,954,11,5.5,'Targeta Navidena ',5.5,48,5,NULL),(955,'NA500-13_unid',1,1,955,11,2.9,'Adorno Navideno',2.9,36,5,NULL),(956,'PA101-3_hojas',1,1,956,4,3.45,'Papel cebolla resma',3.45,175,10,NULL),(957,'PA101-2_hojas',1,1,957,4,0.34,'Papel cebolla oficio',0.34,800,2,NULL),(958,'PA100_hojas',1,1,958,4,0.39,'Papel fotografico mate',0.39,250,2.5,NULL),(959,'PA104-1_hojas',1,1,959,4,0.77,'Acetato oficio',0.77,250,3,NULL),(960,'PA104-2_hojas',1,1,960,4,0.71,'Acetato carta',0.71,150,3,NULL),(961,'PA102-1_hojas',1,1,961,4,0.42,'Papel carbonico oficio',0.42,2000,1.5,NULL),(962,'PA103-2_hojas',1,1,962,4,0.13,'Papel marquilla carta  x25',0.13,1000,1.7,NULL),(963,'PA103-1_hojas',1,1,963,4,0.13,'Papel marquilla oficio  x25',0.13,1500,7,NULL),(964,'PA105-3_hojas',1,1,964,4,0.39,'Papel sabana resma',0.39,1000,1,NULL),(965,'PA105-1_hojas',1,1,965,4,0.042,' hojas sabana oficio  x25',0.042,10000,3,NULL),(966,'PA105-2_hojas',1,1,966,4,0.04,' hojas sabana carta  x25',0.04,5000,3,NULL),(967,'PA1050_paq',1,1,967,5,21,' paq. Sabana oficio  ',21,20,30,NULL),(968,'PA105C_paq',1,1,968,5,20,' paq. Sabana carta',20,10,28,NULL),(969,'PA106-3_hojas',1,1,969,4,2.4,' hoja duplex resma',2.4,200,10,NULL),(970,'PA106-1_hojas',1,1,970,4,0.35,' hoja duplex oficio',0.35,200,2,NULL),(971,'PA107-3_hojas',1,1,971,4,2.7,' hoja triplex resma',2.7,200,10,NULL),(972,'PA107-1_hojas',1,1,972,4,0.35,' hoja triplex oficio',0.35,200,2,NULL),(973,'PA108_hojas',1,1,973,4,0.8,' hoja papel adhesivo oficio',0.8,300,2.5,NULL),(974,'CA100-1_hojas',1,1,974,4,0.35,' hoja cartulina hilada oficio',0.35,800,2.5,NULL),(975,'CA100_hojas',1,1,975,4,1.1,' hoja cartulina hilada 30x30',1.1,57,3,NULL),(976,'CA101-3_hojas',1,1,976,4,1.9,' hoja cartulina full color resma',1.9,2989,4,NULL),(977,'CA101-1_hojas',1,1,977,4,0.26,' hoja cartulina full color oficio',0.26,7000,1,NULL),(978,'CA101-2_hojas',1,1,978,4,0.25,' hoja cartulina full color carta',0.25,5000,1,NULL),(979,'CA102-3_hojas',1,1,979,4,1.3,' cartulina resma',1.3,3997,3,NULL),(980,'CA102-1_hojas',1,1,980,4,0.18,' cartulina oficio',0.18,1996,1,NULL),(981,'PA109_hojas',1,1,981,4,1.62,' papel arana',1.62,1275,5,NULL),(982,'PA110_hojas',1,1,982,4,1.5,' papel para forro',1.5,4000,3,NULL),(983,'PA111-A_hojas',1,1,983,4,1.2,' papel de regalo grande',1.2,2984,3,NULL),(984,'PA111-B_hojas',1,1,984,4,0.6,' papel de regalo pequeno',0.6,2999,2,NULL),(985,'PA112_hojas',1,1,985,4,1.6,' papel estanado',1.6,97,4,NULL),(986,'PA113_hojas',1,1,986,4,0.73,' papel lustroso',0.73,2000,2,NULL),(987,'CA103-A_hojas',1,1,987,4,3.83,' carton corrugado con diseno',3.83,200,10,NULL),(988,'CA103-B_hojas',1,1,988,4,3.83,' carton corrugado metalizado',3.83,320,10,NULL),(989,'PA114_hojas',1,1,989,4,2.1,' papel canson A3',2.1,283,6,NULL),(990,'PA115_hojas',1,1,990,4,1.4,' papel 3D',1.4,200,4,NULL),(991,'PA116_hojas',1,1,991,4,0.9,' papel celofan',0.9,300,2,NULL),(992,'PA117_hojas',1,1,992,4,0.4,' papel tornasol',0.4,500,2,NULL),(993,'PA118_hojas',1,1,993,4,1.3,' papel craft',1.3,498,5,NULL),(994,'PA119_hojas',1,1,994,4,2,' papel periodico',2,250,4,NULL),(995,'PA120_hojas',1,1,995,4,1.2,' papel aguayo',1.2,100,4,NULL),(996,'PA121_hojas',1,1,996,4,0.84,' papel madera',0.84,300,2,NULL),(997,'PA122-3_hojas',1,1,997,4,0.37,' papel bond resma',0.37,1996,1,NULL),(998,'PA122-1_paq',1,1,998,5,28.8,' paquete chamex oficio',28.8,481,35,NULL),(999,'PA122-251_hojas',1,1,999,4,0.057,'25 hojas chamex oficio',0.057,475,4,NULL),(1000,'PA122-2_paq',1,1,1000,5,23.8,' paquete chamex carta',23.8,940,28,NULL),(1001,'PA122-252_hojas',1,1,1001,4,0.048,'25 hojas chamex carta',0.048,0,3,NULL),(1002,'PA122-4A_paq',1,1,1002,5,28.13,' paquete chamex A4',28.13,15,38,NULL),(1003,'PA122-25A4_hojas',1,1,1003,4,0.056,'25 hojas chamex A4',0.056,0,4,NULL),(1004,'PA123-1_paq',1,1,1004,5,65,'paquete hojas de color oficio',65,199,95,NULL),(1005,'PA123-251_hojas',1,1,1005,4,0.13,'25 hojas de color oficio',0.13,0,6,NULL),(1006,'PA123-2_paq',1,1,1006,5,62,'paquete hojas de color carta',62,98,85,NULL),(1007,'PA123-252_hojas',1,1,1007,4,0.12,'25 hojas de color carta',0.12,50,5,NULL),(1008,'PA124-251_hojas',1,1,1008,4,0.16,'25 hojas bond doble oficio',0.16,6000,8,NULL),(1009,'PA124-252_hojas',1,1,1009,4,0.12,'25 hojas bond doble carta',0.12,3500,8,NULL),(1010,'CA104-1_hojas',1,1,1010,4,0.42,'hoja cartulina doble oficio',0.42,800,2,NULL),(1011,'CA104-2_hojas',1,1,1011,4,0.42,'hoja cartulina doble carta',0.42,500,2,NULL),(1012,'CA105-1_hojas',1,1,1012,4,0.7,'hoja cartrulina con brillo oficio',0.7,150,3,NULL),(1013,'PA125_paq',1,1,1013,5,24,'Hojas traper genesis ',24,2,30,NULL),(1014,'PA126-D_hojas',1,1,1014,4,0.77,' papel crepe normal',0.77,3078,3,NULL),(1015,'PA126-B_Set',1,1,1015,6,2.19,' papel crepe con diseno',2.19,400,5,NULL),(1016,'PA126-C_hojas',1,1,1016,4,2.04,' papel crepe fluorescente',2.04,320,5,NULL),(1017,'PA126-A_hojas',1,1,1017,4,2.5,' papel crepe metalizado',2.5,149,5,NULL),(1018,'PA127_hojas',1,1,1018,4,0.2,' papel seda',0.2,4000,1,NULL),(1019,'PA128_block',1,1,1019,7,8,' block milimetrado',8,125,18,NULL),(1020,'PA129-A_paq',1,1,1020,5,14,' paq. Hojas traper rayado',14,60,20,NULL),(1021,'PA129-B_paq',1,1,1021,5,14,' paq. hojas traper cuadriculado',14,200,20,NULL),(1022,'PA130-2_block',1,1,1022,7,0.63,' block cuadernillo carta',0.63,2000,1.5,NULL),(1023,'PA130-1_block',1,1,1023,7,0.63,' block cuadernillo oficio',0.63,500,1.5,NULL),(1024,'PA130-2E_block',1,1,1024,7,0.62,' block cuadernillo Elva carta',0.62,200,2.5,NULL),(1025,'PA130-1E_block',1,1,1025,7,0.62,' block cuadernillo Elva oficio',0.62,200,2.5,NULL),(1026,'PA130_block',1,1,1026,7,0.62,' block cuadernillo sin margen oficio',0.62,500,2.5,NULL),(1027,'PA131_paq',1,1,1027,5,20,' paquete hojas de carpeta normal',20,192,25,NULL),(1028,'PA131-25_hojas',1,1,1028,4,1,'25 hojas carpeta normal',1,0,2,NULL),(1029,'PA131-E_paq',1,1,1029,5,20,' paquete hojas de carpeta Elva',20,48,25,NULL),(1030,'PA131-25E_hojas',1,1,1030,4,2.4,'25 hojas de carpeta Elva',2.4,0,2,NULL),(1031,'PA131-B_paq',1,1,1031,5,20,' paquete hojas de carpeta blancas',20,48,25,NULL),(1032,'PA131-25B_hojas',1,1,1032,4,2.4,'25 hojas de carpeta blancas',2.4,0,2,NULL),(1033,'PA131-R_paq',1,1,1033,5,20,' paquete de hojas rayada',20,48,25,NULL),(1034,'PA131-25R_hojas',1,1,1034,4,2.4,'25 hojas de carpeta rayada',2.4,0,2,NULL),(1035,'PA131-C_paq',1,1,1035,5,20,' paquete hojas de carpeta color',20,48,25,NULL),(1036,'PA131-25C_hojas',1,1,1036,4,2.4,'25 hojas de carpeta color',2.4,0,2,NULL),(1037,'PA131-G_paq',1,1,1037,5,36,'pq. Hojas de carpeta genesis (500)',36,5,48,NULL),(1038,'PA131-25G_hojas',1,1,1038,4,1.8,'25 hojas de carpeta Genesis',1.8,0,3,NULL),(1039,'PA132_rollos',1,1,1039,8,12.18,'papel adhesivo para forro ',12.18,40,25,NULL),(1040,'PO100_mts',1,1,1040,9,2.5,'metro Vinitan',2.5,50,5,NULL),(1041,'PO101_mts',1,1,1041,9,1.5,'metro Nylon',1.5,70,3,NULL),(1042,'PA133-F_hojas',1,1,1042,4,1.24,'papel Fluor',1.24,2500,3,NULL),(1043,'PA134-D_rollos',1,1,1043,8,21.75,'papel adhesivo con diseno',21.75,10,32,NULL),(1044,'CU200-G_unid.',1,1,1044,10,7,'Cuaderno Genesis',7,15,15,NULL),(1045,'CU202-2T_unid.',1,1,1045,10,11.5,' cuaderno carta TOP',11.5,197,18,NULL),(1046,'CU202-2LE_unid.',1,1,1046,10,10,' cuaderno carta LIDER ECO',10,350,18,NULL),(1047,'CU202-2TC_unid.',1,1,1047,10,11.5,' cuaderno carta TOP color',11.5,150,18,NULL),(1048,'CU202-2G_unid.',1,1,1048,10,15,' cuaderno carta GENESIS ',15,100,25,NULL),(1049,'CU202-2T3D_unid.',1,1,1049,10,12.64,' cuaderno carta TOP 3D',12.64,100,22,NULL),(1050,'CU202-2T200_unid.',1,1,1050,10,22,' cuaderno carta 200 hojas TOP',22,100,45,NULL),(1051,'CU202-2HB_unid.',1,1,1051,10,7.25,' cuaderno carta hojas blancas',7.25,60,18,NULL),(1052,'CU202-2E_unid.',1,1,1052,10,11.08,' cuaderno carta ELVA',11.08,300,18,NULL),(1053,'CU202-2R_unid.',1,1,1053,10,8.5,' cuaderno carta RAYADO',8.5,60,18,NULL),(1054,'CU202-2TR_unid.',1,1,1054,10,13,' cuaderno carta rayado TOP',13,50,20,NULL),(1055,'CU202-25B_unid.',1,1,1055,10,23.3,' cuaderno 5B carta',23.3,200,48,NULL),(1056,'CU202-2YC_unid.',1,1,1056,10,22.51,' cuaderno YC carta',22.51,200,45,NULL),(1057,'CU202-2SBE_unid.',1,1,1057,10,11,' cuaderno SBE carta',11,50,30,NULL),(1058,'CU202-2CG_unid.',1,1,1058,10,11.8,' cuaderno COLLEGE carta',11.8,150,22,NULL),(1059,'CU202-1T_unid.',1,1,1059,10,12.5,' cuaderno TOP oficio',12.5,30,18,NULL),(1060,'CU202-W_unid.',1,1,1060,10,7.5,'cuaderno WINNER',7.5,48,10,NULL),(1061,'CU202-T_unid.',1,1,1061,10,7.5,' cuaderno TOP ',7.5,248,10,NULL),(1062,'CU202-LE_unid.',1,1,1062,10,6.32,' cuaderno LIDER ECO',6.32,300,10,NULL),(1063,'CU202-T200_unid.',1,1,1063,10,15,' cuaderno TOP 200 h.',15,60,25,NULL),(1064,'CU202-E_unid.',1,1,1064,10,4.8,' cuaderno ELVA',4.8,60,10,NULL),(1065,'CU202-EL_unid.',1,1,1065,10,6.85,' cuaderno ELVA LIDER',6.85,110,10,NULL),(1066,'CU202-SB_unid.',1,1,1066,10,12.3,' cuaderno SB (clasic)',12.3,100,38,NULL),(1067,'CU202-YC_unid.',1,1,1067,10,12.5,' cuaderno YC ',12.5,48,35,NULL),(1068,'CU202-ES_unid.',1,1,1068,10,8,' cuaderno ESTILO',8,240,15,NULL),(1069,'CU202-50_unid.',1,1,1069,10,1.9,' cuaderno 50 hojas',1.9,498,3.5,NULL),(1070,'LB100-SB_unid.',1,1,1070,10,9.7,' Libreta SB',9.7,100,30,NULL),(1071,'LB100-ABCC_unid.',1,1,1071,10,7.5,' Libreta ABC color',7.5,20,20,NULL),(1072,'LB100-ABC_unid.',1,1,1072,10,4.95,' Libreta ABC ',4.95,30,10,NULL),(1073,'CU202-2CL_unid.',1,1,1073,10,27.5,'Cuaderno carta Clasic',27.5,3,60,NULL),(1074,'CU202-2W_unid.',1,1,1074,10,12.6,'Cuaderno carta Winer',12.6,19,18,NULL),(1075,'AG00A_unid.',1,1,1075,10,18.33,'Agenda A',18.33,6,35,NULL),(1076,'AG00B_unid.',1,1,1076,10,14,'Agenda B',14,6,30,NULL),(1077,'LB100-LE_unid.',1,1,1077,10,18.33,'Libreta con lentejuelas',18.33,6,40,NULL),(1078,'AG00U_unid.',1,1,1078,10,10,' Agenda UNICA ',10,6,20,NULL),(1079,'AG00P_unid.',1,1,1079,10,20,' Agenda PERPETUA',20,5,30,NULL),(1080,'CU202-PE_unid.',1,1,1080,10,3.59,' Cuaderno pentagramado',3.59,200,8,NULL),(1081,'CU202-DI_unid.',1,1,1081,10,5.5,' Cuaderno de dibujo',5.5,50,10,NULL),(1082,'CA001_unid.',1,1,1082,10,5.5,' Cancionero Patriotico',5.5,500,12,NULL),(1083,'CU202-CF_unid.',1,1,1083,10,4.5,' Cuaderno de Caligrafia',4.5,25,5,NULL),(1084,'LB101-TC_unid.',1,1,1084,10,5.8,' Tapa de Carpeta',5.8,250,12,NULL),(1085,'LB102-FE_unid.',1,1,1085,10,8,' Fabula de Esopo',8,100,15,NULL),(1086,'LB103-DS_unid.',1,1,1086,10,5.5,' Diccionario Sopena',5.5,100,10,NULL),(1087,'LB104-D0_unid.',1,1,1087,10,12,' Diccionario Oxford',12,50,25,NULL),(1088,'LB105-DA_unid',1,1,1088,11,6.5,' Diccionario Aymara',6.5,24,10,NULL),(1089,'LB106-TP_unid',1,1,1089,11,0.4,' Tabla Periodica',0.4,100,4,NULL),(1090,'LB107-TM_unid',1,1,1090,11,0.15,' Tabla de Multiplicar',0.15,100,1,NULL),(1091,'LB108-HR_unid',1,1,1091,11,0.7,' Horario',0.7,100,2,NULL),(1092,'LB109-CE_unid',1,1,1092,11,1.5,' Calendario Escolar',1.5,50,5,NULL),(1093,'SM300-1/21_unid',1,1,1093,11,0.19,' Sobre manila 1/2 oficio',0.19,550,2,NULL),(1094,'SM300-2_unid',1,1,1094,11,0.3,' Sobre manila carta',0.3,550,3,NULL),(1095,'SM300-1_unid',1,1,1095,11,0.35,' Sobre manila oficio',0.35,550,3,NULL),(1096,'SM300-22_unid',1,1,1096,11,0.5,' Sobre manila doble carta',0.5,249,5,NULL),(1097,'SM300-21_unid',1,1,1097,11,0.6,' Sobre manila doble oficio',0.6,249,6,NULL),(1098,'CU202-CI_unid',1,1,1098,11,4.5,' Cuaderno Inicial',4.5,24,10,NULL),(1099,'CU202-PP_unid',1,1,1099,11,2.8,' Cuaderno para Pintar',2.8,300,5,NULL),(1100,'LB110-FC_unid',1,1,1100,11,3.6,' Libro de Fechas Civicas',3.6,12,8,NULL),(1101,'LB111-LP_unid',1,1,1101,11,3,' Libro de Poemas',3,24,8,NULL),(1102,'LB112-DI_unid',1,1,1102,11,45,'Dicionario Inteligente',45,10,60,NULL),(1103,'LB113-JH_unid',1,1,1103,11,36,'Dicionario Inteligente Junior',36,7,50,NULL),(1104,'LB114-CA_unid',1,1,1104,11,3.8,'Tapa de Carpeta Alquimia',3.8,50,10,NULL),(1105,'MO001_bloc',1,1,1105,12,3.5,' Mosaico Celofan',3.5,36,6,NULL),(1106,'MO04-F12_bloc',1,1,1106,12,1.4,' Mosaico Fluorecente 12x12',1.4,125,3,NULL),(1107,'MO04-D15_bloc',1,1,1107,12,3,' Mosaico con diseno 15x15',3,125,5,NULL),(1108,'MO04-12_bloc',1,1,1108,12,0.9,' Mosaico 12x12',0.9,1000,1.5,NULL),(1109,'MO04-15_bloc',1,1,1109,12,1.4,' Mosaico 15x15',1.4,1000,3,NULL),(1110,'MO04-20_bloc',1,1,1110,12,2.8,' Mosaico 20x20',2.8,125,5,NULL),(1111,'MO04-25_bloc',1,1,1111,12,2.9,' Mosaico 25x25',2.9,75,5,NULL),(1112,'MO04-1_bloc',1,1,1112,12,4.2,' Mosaico oficio',4.2,75,7,NULL),(1113,'LB115-F1_pq',1,1,1113,13,28,' Paquete Fundas Oficio',28,59,45,NULL),(1114,'LB116-F2_pq',1,1,1114,13,28,' Paquete Fundas Carta',28,15,45,NULL),(1115,'BL117-BC_bloc',1,1,1115,12,17,' Block Construccion',17,50,18,NULL),(1116,'LB118-FH_pq',1,1,1116,13,8,' Paquete Ficheros',8,100,15,NULL),(1117,'LB119-PR_unid',1,1,1117,11,2.3,' Proforma',2.3,10,4,NULL),(1118,'LB120-NE_unid',1,1,1118,11,2.3,' Nota de Entrega',2.3,10,0,NULL),(1119,'LB121-NV_unid',1,1,1119,11,2.3,' Nota de Venta',2.3,10,4,NULL),(1120,'LB122-SB_unid',1,1,1120,11,0.25,' Sobre',0.25,600,1,NULL),(1121,'GE400-1B_unid',1,1,1121,11,1.7,' Goma Eva con brillo oficio',1.7,1000,4,NULL),(1122,'GB400-3BP_unid',1,1,1122,11,5.66,' Goma Eva con brillo pliego',5.66,1509,12,NULL),(1123,'GB400-1P_unid',1,1,1123,11,0.52,' Goma Eva pleno oficio',0.52,1478,2,NULL),(1124,'GE400-3P_unid',1,1,1124,11,1.96,' Goma Eva pleno pliego',1.96,3080,6,NULL),(1125,'GE400-3D_unid',1,1,1125,11,6.54,' Goma Eva con diseno pliego',6.54,450,15,NULL),(1126,'GE400-3A_unid',1,1,1126,11,5.5,' Goma Eva adhesivo pliego',5.5,500,15,NULL),(1127,'GE400-3AT_unid',1,1,1127,11,6.05,' Goma Eva atoallada pliego',6.05,560,11,NULL),(1128,'GE400-FI_set',1,1,1128,6,3.92,' Goma Eva en figuras',3.92,96,8,NULL),(1129,'GE400-PE_0',1,1,1129,14,0,' Goma Eva personajes',0,0,10,NULL),(1130,'GE400-1ABC_0',1,1,1130,14,1.5,' Goma Eva ABC oficio',1.5,500,6,NULL),(1131,'GE400-5MM_0',1,1,1131,14,3.14,' Goma Eva 5 mm.',3.14,150,8,NULL),(1132,'GE400-FG_0',1,1,1132,14,20,' Figura geometrica en Goma Eva',20,3,30,NULL),(1133,'FO01_pq',1,1,1133,13,33,' Paquete Folder amarillo oficio (100)',33,24,90,NULL),(1134,'FO02_unid.',1,1,1134,10,0.38,' Folder amarillo oficio',0.38,68,2,NULL),(1135,'FO03_pq',1,1,1135,13,33,' Paquete folder amarillo carta(100)',33,20,90,NULL),(1136,'FO04_unid.',1,1,1136,10,0.38,' Folder amarillo carta',0.38,0,2,NULL),(1137,'FO05_pq',1,1,1137,13,85,' Paquete folder color oficio',85,67,130,NULL),(1138,'FO06_unid.',1,1,1138,10,0.85,' Folder color oficio',0.85,0,3,NULL),(1139,'F007_unid.',1,1,1139,10,1.4,' Flip oficio',1.4,100,4,NULL),(1140,'FO08_unid.',1,1,1140,10,1.2,' Flip 8555A ',1.2,384,3,NULL),(1141,'FO09_unid.',1,1,1141,10,11.14,' Folder Unicornio',11.14,35,20,NULL),(1142,'FO10_unid.',1,1,1142,10,27.5,' Maleta Unicornio',27.5,6,50,NULL),(1143,'FO11_unid.',1,1,1143,10,1.77,' Folder DELLO 1/2 oficio',1.77,15,4,NULL),(1144,'FO12_unid.',1,1,1144,10,1.5,' Folder E 310',1.5,72,2.5,NULL),(1145,'FO13_unid.',1,1,1145,10,1.4,' Folder 1888 A',1.4,8,4,NULL),(1146,'FO14_unid.',1,1,1146,10,2.4,' Folder 1888 F',2.4,6,5,NULL),(1147,'FO15_unid.',1,1,1147,10,3.75,'  Folder S 56 F',3.75,278,5,NULL),(1148,'FO16_unid.',1,1,1148,10,7.5,' Folder CE 152 A',7.5,245,12,NULL),(1149,'FO17_unid.',1,1,1149,10,8.6,' Folder CE 152 F',8.6,144,15,NULL),(1150,'FO18_unid.',1,1,1150,10,4.1,' Folder DELLO F',4.1,29,10,NULL),(1151,'FO19_unid.',1,1,1151,10,23,' Folder 4188 F',23,12,30,NULL),(1152,'FO20_unid.',1,1,1152,10,19,' Folder 4188 A',19,12,25,NULL),(1153,'FO21_unid.',1,1,1153,10,20,' Folder 4302 F',20,12,35,NULL),(1154,'FO22_unid.',1,1,1154,10,19.5,' Folder M 405 F',19.5,0,35,NULL),(1155,'FO23_unid.',1,1,1155,10,19,' Folder M 405 A',19,24,30,NULL),(1156,'FO24_unid.',1,1,1156,10,19.5,' Folder M 400 F',19.5,51,35,NULL),(1157,'F025_unid.',1,1,1157,10,19,' Folder M 400 A',19,30,30,NULL),(1158,'FO26_unid.',1,1,1158,10,13.2,' Folder M  0104 ',13.2,12,22,NULL),(1159,'FO27_unid.',1,1,1159,10,19,' Folder SN 156 F',19,14,30,NULL),(1160,'FO28_unid.',1,1,1160,10,15.5,' Folder SN 156 A',15.5,12,25,NULL),(1161,'FO29_unid.',1,1,1161,10,23,' Folder CW 40 F',23,29,40,NULL),(1162,'FO30_unid.',1,1,1162,10,19.5,' Folder CW 30 F',19.5,30,35,NULL),(1163,'FO31_unid.',1,1,1163,10,15.5,' Folder CN 20 A',15.5,2,25,NULL),(1164,'FO32_unid.',1,1,1164,10,18,'Folder GC 2-DR30 A',18,1,30,NULL),(1165,'FO33_unid.',1,1,1165,10,18,' Folder CW 2-DR30 F',18,3,24,NULL),(1166,'FO34_unid.',1,1,1166,10,18,' Folder GC 3-DR30 F',18,5,30,NULL),(1167,'FO35_unid.',1,1,1167,10,16,' Archivador CB 108 F',16,100,27,NULL),(1168,'FO36_unid.',1,1,1168,10,15.6,'Archivador CB 108 A',15.6,47,24,NULL),(1169,'FO37_unid.',1,1,1169,10,12,' Archivador Palanca TOP F',12,16,27,NULL),(1170,'FO38_unid.',1,1,1170,10,11,' Archivador Palanca CONDOR F',11,24,27,NULL),(1171,'FO39_unid.',1,1,1171,10,10.28,' Folder Universitario F',10.28,10,30,NULL),(1172,'FO40_unid.',1,1,1172,10,12,' Traper carta',12,200,25,NULL),(1173,'FO50_unid.',1,1,1173,10,7.5,' Traper tamano carpeta',7.5,48,15,NULL),(1174,'FO51_unid.',1,1,1174,10,41,' Traper con hojas TOP ',41,21,50,NULL),(1175,'FO52_unid.',1,1,1175,10,10,' Archivador doble carta',10,75,25,NULL),(1176,'FO53_unid.',1,1,1176,10,15,' Archivador doble oficio',15,100,28,NULL),(1177,'FO54_unid.',1,1,1177,10,1.17,' Archivador rapido oficio',1.17,550,3.5,NULL),(1178,'FO55_unid.',1,1,1178,10,1.4,' Archivador rapido carta (100)',1.4,1500,3.5,NULL),(1179,'FO56_unid.',1,1,1179,10,52.4,' Caja unicornio',52.4,6,100,NULL),(1180,'FO57_unid.',1,1,1180,10,9,'M 408 A',9,1,0,NULL),(1181,'FO58_unid.',1,1,1181,10,9.5,'M 408 F',9.5,2,0,NULL),(1182,'FO59_unid.',1,1,1182,10,23.8,' Traper TOP carta',23.8,24,28,NULL),(1183,'MU001_unid',1,1,1183,11,45.5,' Mochila MU 001',45.5,35,100,NULL),(1184,'MU002_unid',1,1,1184,11,56.6,' Mochila MU 002',56.6,40,100,NULL),(1185,'MU003_unid',1,1,1185,11,56,' Mochila MU 003',56,38,100,NULL),(1186,'MU004_unid',1,1,1186,11,49,' Mochila MU 004',49,30,100,NULL),(1187,'MO05_unid',1,1,1187,11,120,' Mochila con relieve',120,6,200,NULL),(1188,'MO06_unid',1,1,1188,11,100,' Mochila Lego',100,4,150,NULL),(1189,'MO07_unid',1,1,1189,11,70,' Lonchera con relieve',70,15,120,NULL),(1190,'MO08_unid',1,1,1190,11,75,'Mochila con brillo',75,12,150,NULL),(1191,'MO09_unid',1,1,1191,11,70,' Mochila lentejuela carta',70,14,160,NULL),(1192,'MO10_unid',1,1,1192,11,60,' Mochila lentejuela mediana',60,7,150,NULL),(1193,'MO11_unid',1,1,1193,11,60,' Mochila Lisa brillosa',60,13,120,NULL),(1194,'MO12_unid',1,1,1194,11,60,' Mochila Unicornio pequena',60,3,100,NULL),(1195,'MO13_unid',1,1,1195,11,40,' Maleta Unicornio',40,5,70,NULL),(1196,'MO14_unid',1,1,1196,11,26,' Estuchera 702- C',26,72,45,NULL),(1197,'MO15_unid',1,1,1197,11,18,' Estuchera UPB',18,120,35,NULL),(1198,'MO16_unid',1,1,1198,11,23,' Estuchera lentejuela',23,20,45,NULL),(1199,'MO17_unid',1,1,1199,11,27,' Estuchera TT-A',27,18,48,NULL),(1200,'MO18_unid',1,1,1200,11,18,' Estuchera TT-B',18,12,35,NULL),(1201,'MO19_unid',1,1,1201,11,30,' Estuchera doble',30,3,60,NULL),(1202,'MO20_unid',1,1,1202,11,6,' Estuchera MO103 ',6,144,10,NULL),(1203,'MO21_unid',1,1,1203,11,10,' Monedero lentejuela',10,72,20,NULL),(1204,'MO22_unid',1,1,1204,11,15,' Monedero Mochilita',15,3,30,NULL),(1205,'PE0A_unid.',1,1,1205,10,100,' Peluche A',100,22,150,NULL),(1206,'PE0B_unid.',1,1,1206,10,65,' Peluche B',65,22,120,NULL),(1207,'PE0C_unid.',1,1,1207,10,55,' Peluche C',55,44,100,NULL),(1208,'PE0D_unid.',1,1,1208,10,45,' Peluche D',45,30,90,NULL),(1209,'PE0E_unid.',1,1,1209,10,45,' Peluche E',45,24,85,NULL),(1210,'PE0F_unid.',1,1,1210,10,35,' Peluche F',35,51,70,NULL),(1211,'PE0G_unid.',1,1,1211,10,30,' Peluche G',30,25,60,NULL),(1212,'PE0H_unid.',1,1,1212,10,30,' Peluche H',30,20,50,NULL),(1213,'PE0I_unid.',1,1,1213,10,27,' Peluche I',27,20,45,NULL),(1214,'JU01_unid.',1,1,1214,10,370,' Tonka grande',370,1,430,NULL),(1215,'JU02_unid.',1,1,1215,10,210,' Tonka classic',210,1,245,NULL),(1216,'JU03_unid.',1,1,1216,10,250,' Tonka Frond Loader',250,1,290,NULL),(1217,'JU04_unid.',1,1,1217,10,87.5,' Mapiuka',87.5,2,100,NULL),(1218,'JU05_unid.',1,1,1218,10,268,' Baby Alive grande',268,2,310,NULL),(1219,'JU06_unid.',1,1,1219,10,100,' Baby Alive pequena',100,2,116,NULL),(1220,'JU07_unid.',1,1,1220,10,225,' Muneco playa',225,1,260,NULL),(1221,'JU08_unid.',1,1,1221,10,315,' Muneco primer chupete',315,1,365,NULL),(1222,'JU09_unid.',1,1,1222,10,204,' Muneco mellizos',204,1,280,NULL),(1223,'JU10_unid.',1,1,1223,10,196,' Oso (masha)',196,2,230,NULL),(1224,'JU11_unid.',1,1,1224,10,230,' Wonder Woman (mujer maravilla)',230,1,270,NULL),(1225,'JU12_unid.',1,1,1225,10,382.5,' Jack Jack con sonido',382.5,2,444,NULL),(1226,'JU13_unid.',1,1,1226,10,170,' Mister Increible',170,1,200,NULL),(1227,'JU14_unid.',1,1,1227,10,204,' Jack Jack sin sonido',204,1,237,NULL),(1228,'JU15_unid.',1,1,1228,10,187,' Capsula LOL rosada',187,2,220,NULL),(1229,'JU16_unid.',1,1,1229,10,89.63,' Muneca Sirena',89.63,7,110,NULL),(1230,'JU17_unid.',1,1,1230,10,108,' Pelota LOL A ',108,12,110,NULL),(1231,'JU18_unid.',1,1,1231,10,75,' Doctora Juguete',75,1,120,NULL),(1232,'JU19_unid.',1,1,1232,10,30,' Pelota LOL C',30,12,42,NULL),(1233,'JU20_unid.',1,1,1233,10,65,' Soldier Forse chico',65,1,130,NULL),(1234,'JU21_unid.',1,1,1234,10,60,' Dinosaurio de goma grande',60,1,300,NULL),(1235,'JU22_unid.',1,1,1235,10,65,'Almuada  Unicornio A ',65,7,120,NULL),(1236,'JU23_unid.',1,1,1236,10,22.5,'Almuada  Unicornio B ',22.5,3,60,NULL),(1237,'JU24_unid.',1,1,1237,10,15,'Tambor ',15,3,25,NULL),(1238,'JU25_unid.',1,1,1238,10,25,'Fun Auto 7 en 1',25,3,45,NULL),(1239,'JU26_unid.',1,1,1239,10,15,'Olaf',15,3,30,NULL),(1240,'JU27_unid.',1,1,1240,10,16,'Truck Abeja',16,3,30,NULL),(1241,'JU28_unid.',1,1,1241,10,80,'Soldier Force grande',80,1,150,NULL),(1242,'JU29_unid.',1,1,1242,10,110,'Buddy ',110,1,160,NULL),(1243,'JU30_unid.',1,1,1243,10,365.4,'Nenucos',365.4,7,350,NULL),(1244,'JU31_unid.',1,1,1244,10,20,' Pelota A ',20,3,50,NULL),(1245,'JU32_unid.',1,1,1245,10,12,' Pelota B',12,24,35,NULL),(1246,'JU33_unid.',1,1,1246,10,9,' Pelota C',9,18,25,NULL),(1247,'JU34_unid.',1,1,1247,10,5,' Pelota D',5,12,12,NULL),(1248,'JU35_unid.',1,1,1248,10,267,' Juguete de Coleccion',267,4,310,NULL),(1249,'JU36_unid.',1,1,1249,10,385,' Muneco Assassin Greed',385,1,450,NULL),(1250,'JU37_unid.',1,1,1250,10,35,' Lego A',35,3,90,NULL),(1251,'JU38_unid.',1,1,1251,10,25,' Lego B',25,6,65,NULL),(1252,'JU39_unid.',1,1,1252,10,54.51,' Coleccion Dragon Boll',54.51,7,120,NULL),(1253,'JU40_unid.',1,1,1253,10,174,' Camion Huina',174,7,185,NULL),(1254,'JU41_unid.',1,1,1254,10,40,' Camion Truck',40,3,70,NULL),(1255,'JU42M_unid.',1,1,1255,10,18.5,' Auto  Metalico pequeno',18.5,4,40,NULL),(1256,'JU42_unid.',1,1,1256,10,12.5,' Auto Cars 6 en 1',12.5,6,25,NULL),(1257,'JU43_unid.',1,1,1257,10,10,' Auto Avengers 5 en 1',10,6,25,NULL),(1258,'JU44_unid.',1,1,1258,10,20,' Truck 3 en 1',20,2,35,NULL),(1259,'JU45_unid.',1,1,1259,10,25,' Hombre Arana mediano ',25,3,60,NULL),(1260,'JU46_unid.',1,1,1260,10,25.36,' Avengers en exibidor',25.36,7,60,NULL),(1261,'JU47_unid.',1,1,1261,10,30,' Transformers en exibidor',30,3,65,NULL),(1262,'JU48_unid.',1,1,1262,10,104.4,'Super Mario coleccion',104.4,5,180,NULL),(1263,'JU49_unid.',1,1,1263,10,15,' Juego de Pistolas',15,6,30,NULL),(1264,'JU50_unid.',1,1,1264,10,15,' Juego de Herramientas',15,3,25,NULL),(1265,'JU51_unid.',1,1,1265,10,13.5,' Flecha',13.5,3,25,NULL),(1266,'JU52_unid.',1,1,1266,10,10,' Cuadratrack didactico',10,5,25,NULL),(1267,'JU53_unid.',1,1,1267,10,15,' Soldados',15,3,25,NULL),(1268,'JU54_unid.',1,1,1268,10,20.83,' Soy Luna A',20.83,23,35,NULL),(1269,'JU55_unid.',1,1,1269,10,14.49,' Soy Luna B',14.49,21,25,NULL),(1270,'JU56_unid.',1,1,1270,10,20,' juego Tazas',20,2,45,NULL),(1271,'JU57_unid.',1,1,1271,10,35,' Barby Musical',35,6,60,NULL),(1272,'JU58_unid.',1,1,1272,10,32,' Sirena Mermai',32,6,55,NULL),(1273,'JU59_unid.',1,1,1273,10,12.5,' Muneca Frozzen B',12.5,24,25,NULL),(1274,'JU60_unid.',1,1,1274,10,16,' Muneca Sunny Girl',16,12,35,NULL),(1275,'JU61_unid.',1,1,1275,10,27.54,' Pony en caja',27.54,15,60,NULL),(1276,'JU62_unid.',1,1,1276,10,10,'Pescados',10,3,25,NULL),(1277,'JU63_unid.',1,1,1277,10,8.33,'Tambores',8.33,3,20,NULL),(1278,'JU64_unid.',1,1,1278,10,20.29,'soy Luna Paleta',20.29,6,40,NULL),(1279,'JU65_unid.',1,1,1279,10,20,'Cartera',20,2,30,NULL),(1280,'JU66_unid.',1,1,1280,10,5,'Cajas Unicornio pequeno',5,12,15,NULL),(1281,'JU67_unid.',1,1,1281,10,80,'Pistolas Avengers',80,3,160,NULL),(1282,'JU68_unid.',1,1,1282,10,109,'Baby Alive C',109,2,120,NULL),(1283,'JU69_unid.',1,1,1283,10,30,' Pelota LOL B',30,41,40,NULL),(1284,'JU70_unid.',1,1,1284,10,47.41,' LOL Snack Car',47.41,5,80,NULL),(1285,'JU71_unid.',1,1,1285,10,20,' Muneca Model  Angel',20,2,35,NULL),(1286,'JU72_unid.',1,1,1286,10,12.5,' Pepa Pig',12.5,4,25,NULL),(1287,'RE01_unid.',1,1,1287,10,25,' Caja de regalo carton 3 en 1',25,1,60,NULL),(1288,'RE02_unid.',1,1,1288,10,12.5,' Caja de regalo metal 3 en 1',12.5,14,25,NULL),(1289,'RE03_unid.',1,1,1289,10,4,' Joyero Metalico',4,24,15,NULL),(1290,'RE04_unid.',1,1,1290,10,20,' Portalapicero metalico',20,3,35,NULL),(1291,'RE05_unid.',1,1,1291,10,10,' Torre de Paris',10,3,25,NULL),(1292,'RE06_unid.',1,1,1292,10,25,' Organizador  Armable',25,9,60,NULL),(1293,'RE07_unid.',1,1,1293,10,17,' Corbata en Caja',17,3,40,NULL),(1294,'RE08_unid.',1,1,1294,10,20,' Vaso de Futbol',20,25,50,NULL),(1295,'RE09_unid.',1,1,1295,10,100,' Billetera Dama A',100,1,200,NULL),(1296,'RE10_unid.',1,1,1296,10,35,' Billetera Dama B',35,5,80,NULL),(1297,'RE11_unid.',1,1,1297,10,27,' Billetera Dama C',27,10,50,NULL),(1298,'RE12_unid.',1,1,1298,10,125,' Billetera Varon A',125,6,200,NULL),(1299,'RE13_unid.',1,1,1299,10,50,' Billetera Varon B',50,10,100,NULL),(1300,'RE14_unid.',1,1,1300,10,18.33,' Billetera Varon C',18.33,10,45,NULL),(1301,'RE15_unid.',1,1,1301,10,80,' Cinturon',80,4,150,NULL),(1302,'RE16_unid.',1,1,1302,10,9.2,' Espejo doble',9.2,17,15,NULL),(1303,'RE17_unid.',1,1,1303,10,25,' Plancha GV-118',25,6,35,NULL),(1304,'RE18_unid.',1,1,1304,10,90,' Juego de Llaveros',90,2,150,NULL),(1305,'RE19_unid.',1,1,1305,10,28.5,' Juego de Cortaunas',28.5,5,45,NULL),(1306,'RE20_unid.',1,1,1306,10,1.5,' Adorno Baby Showers',1.5,12,5,NULL),(1307,'RE21_unid.',1,1,1307,10,25,' Portaretrato A',25,5,50,NULL),(1308,'RE22_unid.',1,1,1308,10,25,' Portaretrato B',25,17,40,NULL),(1309,'RE23_unid.',1,1,1309,10,12.5,' Portaretrato C',12.5,12,30,NULL),(1310,'RE24_unid.',1,1,1310,10,11.6,' Portaretrato D',11.6,24,20,NULL),(1311,'RE25_unid.',1,1,1311,10,50,' Album A',50,3,90,NULL),(1312,'RE26_unid.',1,1,1312,10,40,' Album B',40,3,70,NULL),(1313,'RE27_unid.',1,1,1313,10,20,' Album C',20,12,40,NULL),(1314,'RE28_unid.',1,1,1314,10,83.5,'Auto LOL',83.5,3,83,NULL),(1315,'RE28A_unid.',1,1,1315,10,32,'Muneca Ada',32,3,60,NULL),(1316,'RE29_unid.',1,1,1316,10,30,'Toma Todo MM',30,5,60,NULL),(1317,'RE30_unid.',1,1,1317,10,35,'Maseteros',35,2,60,NULL),(1318,'RE31_unid.',1,1,1318,10,15,'Album cerrado',15,6,25,NULL),(1319,'RE32_unid.',1,1,1319,10,35,' Album armable A',35,6,60,NULL),(1320,'RE33_unid.',1,1,1320,10,35,' Album armable B',35,5,50,NULL),(1321,'RE34_unid.',1,1,1321,10,25,' Album armable C',25,5,40,NULL),(1322,'RE35_unid.',1,1,1322,10,13,' Reloj de pared',13,9,25,NULL),(1323,'RE36_unid.',1,1,1323,10,50,' Reloj Buho',50,1,80,NULL),(1324,'RE37_unid.',1,1,1324,10,11.67,' Cuadro de adorno',11.67,7,25,NULL),(1325,'RE38_unid.',1,1,1325,10,40,' Moto de madera',40,6,60,NULL),(1326,'RE39_unid.',1,1,1326,10,75,' Vela Electrica ',75,6,140,NULL),(1327,'RE40_unid.',1,1,1327,10,25,' Vela Aromatica',25,6,50,NULL),(1328,'RE41_unid.',1,1,1328,10,30,' Alcancia Star Wars',30,6,60,NULL),(1329,'RE42_unid.',1,1,1329,10,35,' Mapa Mundi',35,6,60,NULL),(1330,'RE43_unid.',1,1,1330,10,40,' Alcancia Soldado',40,6,70,NULL),(1331,'RE44_unid.',1,1,1331,10,30,' Alcancia infantil',30,10,50,NULL),(1332,'RE45_unid.',1,1,1332,10,30,' Portalapicero Oso',30,2,50,NULL),(1333,'RE46_unid.',1,1,1333,10,60,' Lampara Infantil',60,6,100,NULL),(1334,'RE47_unid.',1,1,1334,10,40,' Lampara ',40,5,100,NULL),(1335,'RE48_unid.',1,1,1335,10,35,' Audifonos Emojis',35,4,60,NULL),(1336,'RE49_unid.',1,1,1336,10,4.6,' Bolsa de regalo A',4.6,67,15,NULL),(1337,'RE50_unid.',1,1,1337,10,3.75,' Bolsa de regalo B',3.75,34,10,NULL),(1338,'RE51_unid.',1,1,1338,10,2.75,' Bolsa de regalo C',2.75,390,6,NULL),(1339,'RE52_unid.',1,1,1339,10,5.5,' Prendedor',5.5,18,10,NULL),(1340,'RE53_unid.',1,1,1340,10,1,' Canicas de Iman',1,20,5,NULL),(1341,'RE54_unid.',1,1,1341,10,8.33,' Sujetador de celular',8.33,12,25,NULL),(1342,'RE55_unid.',1,1,1342,10,35,' Llavero A',35,7,65,NULL),(1343,'RE56_unid.',1,1,1343,10,20,' Llavero B',20,5,60,NULL),(1344,'RE57_unid.',1,1,1344,10,10,' Llavero C',10,11,20,NULL),(1345,'RE58_unid.',1,1,1345,10,6.66,' Llavero D',6.66,24,10,NULL),(1346,'RE59_unid.',1,1,1346,10,2.5,'Llaveros E',2.5,20,5,NULL),(1347,'RE60_unid.',1,1,1347,10,2.1,'Slam (asquimuco)',2.1,17,5,NULL),(1348,'RE61_unid.',1,1,1348,10,7,'Collar con Arete',7,9,15,NULL),(1349,'PL01_Unid.',1,1,1349,10,17,' Rompecabeza A',17,3,30,NULL),(1350,'PL02_Unid.',1,1,1350,10,10,' Rompecabeza B',10,23,20,NULL),(1351,'PL03_Unid.',1,1,1351,10,7.5,' Rompecabeza C',7.5,26,15,NULL),(1352,'PL04_Unid.',1,1,1352,10,20,' Reloj didactico',20,1,40,NULL),(1353,'PL05_Unid.',1,1,1353,10,35,' Yenga 5 en 1',35,4,55,NULL),(1354,'PL06_Unid.',1,1,1354,10,25,' Ajedrez 8 en 1',25,5,40,NULL),(1355,'PL07_Unid.',1,1,1355,10,73,' Bus didactico',73,3,98,NULL),(1356,'PL08_Unid.',1,1,1356,10,32,' Zapato didactico',32,2,55,NULL),(1357,'PL09_Unid.',1,1,1357,10,40,' Numeros en caja',40,2,70,NULL),(1358,'PL10_Unid.',1,1,1358,10,22,' Numeros de madera',22,2,45,NULL),(1359,'PL11_Unid.',1,1,1359,10,27,' ABC de madera',27,12,45,NULL),(1360,'PL12_Unid.',1,1,1360,10,30,' Figura geometrica de madera',30,3,55,NULL),(1361,'PL13_Unid.',1,1,1361,10,95,' Abaco Caracol',95,2,130,NULL),(1362,'PL14_Unid.',1,1,1362,10,65,' Abaco Jirafa',65,3,90,NULL),(1363,'PL15_Unid.',1,1,1363,10,25,' Abaco mas tabla A',25,12,48,NULL),(1364,'PL16_Unid.',1,1,1364,10,15.53,' Abaco mas tabla B',15.53,60,25,NULL),(1365,'PL17_Unid.',1,1,1365,10,20,' Abaco numeral',20,2,35,NULL),(1366,'PL18_Unid.',1,1,1366,10,35,' Abaco vertical A',35,3,58,NULL),(1367,'PL19_Unid.',1,1,1367,10,10,' Abaco vertical B',10,70,20,NULL),(1368,'PL20_Unid.',1,1,1368,10,38,' Tren didactico',38,3,60,NULL),(1369,'PL21_Unid.',1,1,1369,10,20,' Rana Tambor',20,2,45,NULL),(1370,'PL22_Unid.',1,1,1370,10,16,' Block armable',16,3,80,NULL),(1371,'PL23_Unid.',1,1,1371,10,10,'Tamgram',10,3,35,NULL),(1372,'PO01_unid.',1,1,1372,10,4,' Set planas orquillas',4,12,10,NULL),(1373,'PO02_unid.',1,1,1373,10,0.2,' Set de orquillas',0.2,72,0.5,NULL),(1374,'PO03_unid.',1,1,1374,10,3.5,' Traba A',3.5,12,10,NULL),(1375,'PO04_unid.',1,1,1375,10,3.33,' Traba B',3.33,120,8,NULL),(1376,'PO05_unid.',1,1,1376,10,3.5,' Pirana A',3.5,6,10,NULL),(1377,'PO06_unid.',1,1,1377,10,2.1,' Pirana B',2.1,63,8,NULL),(1378,'PO07_unid.',1,1,1378,10,2.1,' Pirana C',2.1,92,5,NULL),(1379,'PO08_unid.',1,1,1379,10,3,' Mono para cabello A',3,70,10,NULL),(1380,'PO09_unid.',1,1,1380,10,1.5,' Mono para cabello B',1.5,47,5,NULL),(1381,'PO10_unid.',1,1,1381,10,1,' Mono para cabello C',1,600,2.5,NULL),(1382,'PO11_par',1,1,1382,15,1.25,' Set Ligas',1.25,22,5,NULL),(1383,'PO12_set',1,1,1383,6,55,' Tiara (matrimonio)',55,2,100,NULL),(1384,'PO13_unid.',1,1,1384,10,1.6,' Red de mono',1.6,12,3,NULL),(1385,'PO14_par',1,1,1385,15,2.86,' Pili para bebe',2.86,234,8,NULL),(1386,'PO15_unid.',1,1,1386,10,3,' Par de gogo A',3,357,15,NULL),(1387,'PO17_unid.',1,1,1387,10,3,' Par de gogo B',3,110,10,NULL),(1388,'PO18_unid.',1,1,1388,10,5.6,' Cinta de agua',5.6,48,10,NULL),(1389,'PO19_unid.',1,1,1389,10,7,' Wincha de raton ',7,9,20,NULL),(1390,'PO20_unid.',1,1,1390,10,10,' Wincha de conejo',10,6,20,NULL),(1391,'PO21_unid.',1,1,1391,10,10,' Wincha A',10,43,15,NULL),(1392,'PO22_unid.',1,1,1392,10,5,' Wincha B',5,24,12,NULL),(1393,'PO23_unid.',1,1,1393,10,6.25,' Mascara Batman',6.25,3,15,NULL),(1394,'PO24_unid.',1,1,1394,10,5.83,' Lente payaso',5.83,3,15,NULL),(1395,'PO25_unid.',1,1,1395,10,3.75,'Wincha de diablo',3.75,6,15,NULL),(1396,'BAT01_unid.',1,1,1396,10,4,' Bateria 12V',4,5,10,NULL),(1397,'VA01_unid.',1,1,1397,10,5,' Cinta doble contacto 1 cm.',5,12,10,NULL),(1398,'VA02_unid.',1,1,1398,10,5.83,' Cinta doble contacto 1.  1/2 cm.',5.83,12,13,NULL),(1399,'VA03_unid.',1,1,1399,10,6.66,' Cinta doble contacto 2 cm.',6.66,12,15,NULL),(1400,'VA04_unid.',1,1,1400,10,4.16,' Scoch Tornasol',4.16,12,8,NULL),(1401,'VA05_unid.',1,1,1401,10,5,' Scoch 100 yrd',5,128,10,NULL),(1402,'VA06_unid.',1,1,1402,10,2.33,' Scoch 30 yrd',2.33,66,6,NULL),(1403,'VA07_unid.',1,1,1403,10,7.5,' Masquin 5 cm.',7.5,11,15,NULL),(1404,'VA08_unid.',1,1,1404,10,5.8,' Masquin 3.5 cm.',5.8,8,13,NULL),(1405,'VA09_unid.',1,1,1405,10,4,' Masquin 2.5 cm.',4,36,10,NULL),(1406,'VA10_unid.',1,1,1406,10,3.16,' Masquin de 2 cm.',3.16,36,7,NULL),(1407,'VA11_unid.',1,1,1407,10,2.16,' Masquin de 1 cm.',2.16,36,5,NULL),(1408,'VA12_unid.',1,1,1408,10,9.16,' Scoch con diseno',9.16,24,15,NULL),(1409,'VA13_unid.',1,1,1409,10,1.16,' Yurex Tornasol A',1.16,144,5,NULL),(1410,'VA14_unid.',1,1,1410,10,1,' Yurex Tornasol B',1,144,3,NULL),(1411,'VA15_unid.',1,1,1411,10,0.58,' Yurex Tornasol C',0.58,288,1.5,NULL),(1412,'VA16_unid.',1,1,1412,10,2.2,' Yurex con diseno A',2.2,50,5,NULL),(1413,'VA17_unid.',1,1,1413,10,0.43,' Yurex con diseno B',0.43,288,2,NULL),(1414,'VA18_unid.',1,1,1414,10,0.8,' Yurex A',0.8,120,2.5,NULL),(1415,'VA19_unid.',1,1,1415,10,0.66,' Yurex B',0.66,284,1.5,NULL),(1416,'VA20_unid.',1,1,1416,10,2,' Yurex encaje',2,12,5,NULL),(1417,'VA21_unid.',1,1,1417,10,5,' Set Yurex surtido',5,12,10,NULL),(1418,'VA22_unid.',1,1,1418,10,5,' Set Silicona en barra glitter',5,12,10,NULL),(1419,'VA23_unid.',1,1,1419,10,0.4,' Silicona en barra',0.4,1050,1,NULL),(1420,'VA24_unid.',1,1,1420,10,2.5,' Abanico',2.5,5,6,NULL),(1421,'VA25_unid.',1,1,1421,10,5,' UHU 8.2 gramos',5,212,5,NULL),(1422,'VA26_unid.',1,1,1422,10,6.5,' UHU 21 gramos',6.5,127,9,NULL),(1423,'VA27_unid.',1,1,1423,10,1.44,' Isocola 20 gramos',1.44,240,2.5,NULL),(1424,'VA28_unid.',1,1,1424,10,2.24,' Isocola 40 gramos',2.24,288,4,NULL),(1425,'VA29_unid.',1,1,1425,10,3.4,' Isocola 80 gramos',3.4,144,8,NULL),(1426,'VA30_unid.',1,1,1426,10,2.5,' lana escolar',2.5,250,6,NULL),(1427,'VA31_unid.',1,1,1427,10,0.8,' quillo de lana',0.8,200,2,NULL),(1428,'VA32_unid.',1,1,1428,10,4.4,' Cola de Rata',4.4,55,8,NULL),(1429,'VA33_unid.',1,1,1429,10,3.33,' Toalla A',3.33,72,8,NULL),(1430,'VA34_unid.',1,1,1430,10,1.66,' Toalla B',1.66,72,5,NULL),(1431,'VA35_unid.',1,1,1431,10,4.5,' Set de Palitos chinos',4.5,400,10,NULL),(1432,'VA36_unid.',1,1,1432,10,2.1,' Set de Palitos de helado',2.1,2,3,NULL),(1433,'VA37_unid.',1,1,1433,10,1.7,' Set de Palitos de helado color',1.7,1200,5,NULL),(1434,'VA38_unid.',1,1,1434,10,2.1,' Cinta Satin 10 mm. (Nro 2)',2.1,109,8,NULL),(1435,'VA39_unid.',1,1,1435,10,3.7,' Cinta Satin 15 mm.',3.7,67,9,NULL),(1436,'VA40_unid.',1,1,1436,10,1.5,' Cinta Satin 0.7 mm. (Nro 1)',1.5,488,5,NULL),(1437,'VA41_unid.',1,1,1437,10,4.8,' Bastidor A',4.8,10,15,NULL),(1438,'VA42_unid.',1,1,1438,10,4.8,' Bastidor B',4.8,10,12,NULL),(1439,'VA43_unid.',1,1,1439,10,4.8,' Bastidor C',4.8,10,10,NULL),(1440,'VA44_unid.',1,1,1440,10,4.8,' Bastidor D',4.8,10,7,NULL),(1441,'VA45_unid.',1,1,1441,10,4.8,' Bastidor E',4.8,10,5,NULL),(1442,'VA46_unid.',1,1,1442,10,1.2,' Hilo 500 yds',1.2,24,5,NULL),(1443,'VA47_unid.',1,1,1443,10,0.71,' Hilo 100 yds',0.71,408,2.5,NULL),(1444,'VA48_unid.',1,1,1444,10,1.3,' Hilo de salon',1.3,500,3,NULL),(1445,'VA49_unid.',1,1,1445,10,0.35,' Mechilla',0.35,3600,1,NULL),(1446,'VA50_unid.',1,1,1446,10,3.5,' Hilo de  pesca',3.5,9,10,NULL),(1447,'VA51_unid.',1,1,1447,10,1.5,' Cinta metrica',1.5,24,3,NULL),(1448,'VA52_unid.',1,1,1448,10,1.5,' Clip 33 mm',1.5,68,2,NULL),(1449,'VA53_unid.',1,1,1449,10,5,' Clip 50 mm.',5,23,8,NULL),(1450,'VA54_set',1,1,1450,6,7.5,' Clip mariposa # 1',7.5,10,10,NULL),(1451,'VA55_set',1,1,1451,6,8.5,' Clip mariposa # 2',8.5,10,10,NULL),(1452,'VA56_set',1,1,1452,6,0.75,' Set chinche',0.75,228,2,NULL),(1453,'VA57_set',1,1,1453,6,2,' Chinche mariposa',2,20,0.25,NULL),(1454,'VA58_set',1,1,1454,6,6,' Set chinche mariposa',6,10,15,NULL),(1455,'VA59_unid.',1,1,1455,10,2.92,' Set chinche color',2.92,23,8,NULL),(1456,'VA60_set',1,1,1456,6,2.8,' Set alfiler',2.8,20,4,NULL),(1457,'VA61_hojas',1,1,1457,4,2.5,' Sticker tatuaje',2.5,28,6,NULL),(1458,'VA62_unid.',1,1,1458,10,0.6,'Encendedor',0.6,49,2,NULL),(1459,'VA63_unid.',1,1,1459,10,0.17,' Blinder 15 mm',0.17,48,0.5,NULL),(1460,'VA64_unid.',1,1,1460,10,0.18,' Blinder 19 mm. (40 pzs)',0.18,64,0.75,NULL),(1461,'VA65_unid.',1,1,1461,10,0.26,' Blinder 25 mm. (48 pzs.)',0.26,72,1,NULL),(1462,'VA66A_unid.',1,1,1462,10,0.38,' Blinder 32 mm. ',0.38,48,2,NULL),(1463,'VA66_unid.',1,1,1463,10,0.53,' Blinder 41 mm.',0.53,48,2.5,NULL),(1464,'VA67_unid.',1,1,1464,10,0.9,' Blinder 51 mm.',0.9,48,3,NULL),(1465,'VA68_unid.',1,1,1465,10,5,' Set cartas',5,12,10,NULL),(1466,'VA69_unid.',1,1,1466,10,0.5,' Espejo cuadrado pequeno',0.5,12,1,NULL),(1467,'VA70_unid.',1,1,1467,10,0.83,' Espejo redondo pequeno',0.83,12,2,NULL),(1468,'VA71_unid.',1,1,1468,10,0.66,' Espejo cuadrado grande',0.66,12,2,NULL),(1469,'VA72_unid.',1,1,1469,10,1.2,' Estilette eco grande ',1.2,72,3,NULL),(1470,'VA73_unid.',1,1,1470,10,0.58,' Estilette eco pequeno',0.58,72,2,NULL),(1471,'VA74_unid.',1,1,1471,10,16.66,' Pistola para Silicona',16.66,48,30,NULL),(1472,'VA75_unid.',1,1,1472,10,0.66,' Super Glue',0.66,150,2,NULL),(1473,'VA76_unid.',1,1,1473,10,3.33,' Corta unas',3.33,24,6,NULL),(1474,'VA77_unid.',1,1,1474,10,1.25,' Silbato',1.25,23,3,NULL),(1475,'VA78_unid.',1,1,1475,10,2.16,' Pinza Negra',2.16,71,5,NULL),(1476,'VA79_unid.',1,1,1476,10,0.62,' Pinza Metalica',0.62,24,2,NULL),(1477,'VA80_unid.',1,1,1477,10,5,' Mentisan',5,12,8,NULL),(1478,'VA81_unid.',1,1,1478,10,1.33,' Vaselina pequena',1.33,72,3,NULL),(1479,'VA82_set',1,1,1479,6,21,' Set Duracell AA (6 en 1)',21,6,30,NULL),(1480,'VA83_set',1,1,1480,6,21.33,' Set Duracell AAA  (6 en 1)',21.33,6,30,NULL),(1481,'VA84_set',1,1,1481,6,18,' Set Energizer AA (6 en 1)',18,6,25,NULL),(1482,'VA85_set',1,1,1482,6,18,' Set Energizer AAA (6 en 1)',18,6,25,NULL),(1483,'BA86_set',1,1,1483,6,8.33,' Set Sony AA (4 en 1)',8.33,6,15,NULL),(1484,'VA87_set',1,1,1484,6,8.33,' Set Sony AAA (4 en 1)',8.33,6,15,NULL),(1485,'VA89_set',1,1,1485,6,3.6,' Set Panasonic AA (4 en 1)',3.6,15,7,NULL),(1486,'VA90_set',1,1,1486,6,3,' Set Sony ultra AA (4 en 1)',3,10,7,NULL),(1487,'VA91_unid.',1,1,1487,10,3,' Bateria Toshiba',3,8,6,NULL),(1488,'VA92_set',1,1,1488,6,2.4,' set Panasonic  extra AAA (4 en 1)',2.4,10,6,NULL),(1489,'VA93_set',1,1,1489,6,1.2,' Par Toshiba AAA',1.2,20,3,NULL),(1490,'VA94_unid.',1,1,1490,10,1.87,' Silicona Liquida Merletto 30 ml.',1.87,287,4,NULL),(1491,'VA95_unid.',1,1,1491,10,6.25,' Silicona Liquida Merletto 100 ml.',6.25,72,10,NULL),(1492,'VA96_unid.',1,1,1492,10,4.13,' Silicona Liquida UHU 200 ml.',4.13,6,10,NULL),(1493,'VA97_unid.',1,1,1493,10,12.9,' Ribecola 1/2 kilo (500 grs)',12.9,24,22,NULL),(1494,'VA98_unid.',1,1,1494,10,6.16,' Ribecola 250 grs',6.16,18,18,NULL),(1495,'VA99_unid.',1,1,1495,10,2.75,' Ribecola 80 grs',2.75,17,10,NULL),(1496,'VA100_unid.',1,1,1496,10,1.85,' Ribecola 40 grs',1.85,18,5,NULL),(1497,'VA101_unid.',1,1,1497,10,10.33,' Monopol Pomo 300 cc.',10.33,150,18,NULL),(1498,'VA102_unid.',1,1,1498,10,3.75,' Monopol Pomo 75 ml ',3.75,80,8,NULL),(1499,'VA103_unid.',1,1,1499,10,7.3,' Monopol con pico 250 ml',7.3,96,13,NULL),(1500,'VA104_unid.',1,1,1500,10,4,' Monopol con pico 90 ml',4,240,10,NULL),(1501,'VA105_unid.',1,1,1501,10,3.1,' Monopol con pico 40 ml',3.1,240,6,NULL),(1502,'VA106_unid.',1,1,1502,10,3.7,' Acrilex',3.7,632,5,NULL),(1503,'VA107_unid.',1,1,1503,10,6.38,' Acrilex metalizado',6.38,60,12,NULL),(1504,'VA108_unid.',1,1,1504,10,2.84,' Glitter para papel',2.84,192,6,NULL),(1505,'VA109_unid.',1,1,1505,10,8.55,' Glitter para tela',8.55,120,16,NULL),(1506,'VA110_unid.',1,1,1506,10,4.79,' Tampo dactilar',4.79,34,10,NULL),(1507,'VA112_unid.',1,1,1507,10,5.5,' Tampo madison',5.5,12,10,NULL),(1508,'VA113_unid.',1,1,1508,10,0.3,' Barbijo',0.3,200,1,NULL),(1509,'VA114_unid.',1,1,1509,10,10,' Set panuelos dama ',10,16,17,NULL),(1510,'VA115_unid.',1,1,1510,10,2.83,' Panuelo dama',2.83,24,5,NULL),(1511,'VA116_unid.',1,1,1511,10,15,' Set panuelo Varon',15,4,20,NULL),(1512,'VA117_unid.',1,1,1512,10,0.71,'  guante quirurgico',0.71,100,1.5,NULL),(1513,'VA118_unid.',1,1,1513,10,5.25,'  guante de goma (Asatex)',5.25,10,10,NULL),(1514,'VA119_unid.',1,1,1514,10,2,' Portacredencial A',2,100,6,NULL),(1515,'VA120_unid.',1,1,1515,10,1.5,' Portacredencial B',1.5,100,4,NULL),(1516,'VA121_unid.',1,1,1516,10,8.33,' Almohadilla de madera',8.33,6,15,NULL),(1517,'VA122_unid.',1,1,1517,10,7,' Almohadilla de plastico',7,12,14,NULL),(1518,'VA123_unid.',1,1,1518,10,0.3,' Boton',0.3,24,1,NULL),(1519,'VA124_unid.',1,1,1519,10,0.2,' Globo',0.2,300,0.5,NULL),(1520,'VA125_unid.',1,1,1520,10,0.08,' Tiza',0.08,144,0.5,NULL),(1521,'VA126_unid.',1,1,1521,10,1.5,'CD princo',1.5,532,1.5,NULL),(1522,'VA127_unid.',1,1,1522,10,2.5,'Goma Spider Man',2.5,6,10,NULL),(1523,'VA128_unid.',1,1,1523,10,1.15,' C-D mas funda',1.15,1000,2.5,NULL),(1524,'VA129_unid.',1,1,1524,10,0.15,' Funda para C- D',0.15,700,1,NULL),(1525,'VA130_unid.',1,1,1525,10,4,' Crema de calzado A',4,12,10,NULL),(1526,'VA131_unid.',1,1,1526,10,2,' Crema de calzado B',2,24,5,NULL),(1527,'VA132_unid.',1,1,1527,10,0.44,' Peine pequeno',0.44,72,1,NULL),(1528,'VA133_unid.',1,1,1528,10,3,' Globo con tijera',3,12,5,NULL),(1529,'VA134_unid.',1,1,1529,10,4,' Pata Pata',4,12,10,NULL),(1530,'VA135_unid.',1,1,1530,10,3.75,' Soga ',3.75,24,10,NULL),(1531,'VA136_unid.',1,1,1531,10,4.6,' Par de pompones',4.6,24,10,NULL),(1532,'VA137_unid.',1,1,1532,10,14.45,' Mandil escolar',14.45,40,38,NULL),(1533,'VA138_unid.',1,1,1533,10,0.42,' Purpurina',0.42,100,1,NULL),(1534,'VA139_unid.',1,1,1534,10,0.42,' Lentejuela (cabellos)',0.42,350,1,NULL),(1535,'VA140_unid.',1,1,1535,10,0.65,' Stickers ',0.65,115,1,NULL),(1536,'VA141_unid.',1,1,1536,10,4.16,' Stickers 3D',4.16,42,10,NULL),(1537,'VA142_unid.',1,1,1537,10,40,' Gorra Lentejuela',40,6,60,NULL),(1538,'VA143_unid.',1,1,1538,10,10,' Pizarra acrilica',10,12,20,NULL),(1539,'VA144_unid.',1,1,1539,10,30,' Juego de pincel blanco',30,2,80,NULL),(1540,'VA145_unid.',1,1,1540,10,25,' Juego pincel café',25,4,70,NULL),(1541,'VA146_unid.',1,1,1541,10,1.25,' Goma didactico',1.25,36,5,NULL),(1542,'VA147_unid.',1,1,1542,10,4,' Posit en formas',4,12,7,NULL),(1543,'VA148_unid.',1,1,1543,10,2.5,' Posit 3 x 3',2.5,68,5,NULL),(1544,'VA149_unid.',1,1,1544,10,3.75,' Posit 4 en 1',3.75,24,10,NULL),(1545,'VA150_unid.',1,1,1545,10,23,' Zampona escolar',23,60,35,NULL),(1546,'VA151_unid.',1,1,1546,10,11.13,' Flauta Madison',11.13,120,22,NULL),(1547,'VA152_unid.',1,1,1547,10,5,' Arandela Bic',5,24,8,NULL),(1548,'VA153_unid.',1,1,1548,10,3.33,' Senalador Flecha',3.33,170,5,NULL),(1549,'VA154_unid.',1,1,1549,10,3,' Senalador numeral',3,48,5,NULL),(1550,'VA155_unid.',1,1,1550,10,1.75,' Set pestana de colores',1.75,72,5,NULL),(1551,'VA156_unid.',1,1,1551,10,0.9,' Pestana plastica',0.9,120,2,NULL),(1552,'VA157_unid.',1,1,1552,10,5.41,' Regla 50 cm. (Artesco)',5.41,36,10,NULL),(1553,'VA158_unid.',1,1,1553,10,2.72,' Transportador 360',2.72,25,5,NULL),(1554,'VA159_unid.',1,1,1554,10,1.52,' Transportador 180',1.52,25,3,NULL),(1555,'VA160_unid.',1,1,1555,10,125,'Calculadoras FX-991LAX',125,3,170,NULL),(1556,'VA161_unid.',1,1,1556,10,70,'Calculadora EX- 82LA',70,3,120,NULL),(1557,'VA162_unid.',1,1,1557,10,50,'Calculadora MS-20MC-BRD',50,1,70,NULL),(1558,'VA163_unid.',1,1,1558,10,57,'Tintas Epson 664',57,48,70,NULL),(1559,'VA164_unid.',1,1,1559,10,2,' Regla para circulos',2,36,2.5,NULL),(1560,'VA165_unid.',1,1,1560,10,0.7,' Fastener plastico',0.7,100,2,NULL),(1561,'VA166_unid.',1,1,1561,10,0.16,' Fastener metalico (Isofit)',0.16,100,1,NULL),(1562,'VA167_unid.',1,1,1562,10,2.5,' Estuche geometrico 15 cm.',2.5,88,5,NULL),(1563,'VA168_unid.',1,1,1563,10,5.5,' Set fastener (Velox)',5.5,20,10,NULL),(1564,'VA169_unid.',1,1,1564,10,3.83,' Paleta A',3.83,11,10,NULL),(1565,'VA170_unid.',1,1,1565,10,3.33,' Paleta B',3.33,6,6,NULL),(1566,'VA171_unid.',1,1,1566,10,0.2,' Guato de carpeta',0.2,288,0.75,NULL),(1567,'VA172_unid.',1,1,1567,10,28,' Calculadora Casio LC-403TV',28,3,40,NULL),(1568,'VA173_unid.',1,1,1568,10,30,' Calculadora Casio SL-300NC-RD',30,3,45,NULL),(1569,'VA174_unid.',1,1,1569,10,4.16,' Venesta oficio',4.16,12,8,NULL),(1570,'VA175_unid.',1,1,1570,10,4.5,' Venesta 30x30',4.5,12,9,NULL),(1571,'VA176_unid.',1,1,1571,10,5.16,' Venesta 30x40',5.16,12,10,NULL),(1572,'VA177_unid.',1,1,1572,10,2.31,' Corrector magico',2.31,140,5,NULL),(1573,'VA178_unid.',1,1,1573,10,3,' Micropunta metalizada (Monami)',3,144,7,NULL),(1574,'VA179_unid.',1,1,1574,10,4.17,' Tiralinea',4.17,336,8,NULL),(1575,'VA180_unid.',1,1,1575,10,12.5,' Boligrafo con goma Pilot',12.5,36,20,NULL),(1576,'VA181_unid.',1,1,1576,10,3.33,' Boligrafo Pilot',3.33,271,5,NULL),(1577,'VA182_unid.',1,1,1577,10,0.83,' Boligrafo Mon Ami',0.83,288,1.5,NULL),(1578,'VA183_unid.',1,1,1578,10,1.31,' Boligrafo Stabilo Liner',1.31,132,3.5,NULL),(1579,'VA184_unid.',1,1,1579,10,0.3,' Protector de Boligrafo',0.3,100,1,NULL),(1580,'VA185_unid.',1,1,1580,10,30,' Compaz MAPED',30,20,40,NULL),(1581,'VA186_unid.',1,1,1581,10,2.83,' Boligrafo Bille',2.83,70,6,NULL),(1582,'VA187_unid.',1,1,1582,10,6.66,' Puntero Laser',6.66,24,20,NULL),(1583,'VA188_unid.',1,1,1583,10,3.29,' Marcador agua Stabilo',3.29,80,6,NULL),(1584,'VA189_unid.',1,1,1584,10,1.8,' Goma de borrar Stabilo',1.8,60,5,NULL),(1585,'VA190_unid.',1,1,1585,10,1,' Grampa 24/6',1,100,3,NULL),(1586,'VA191_unid.',1,1,1586,10,0.9,' Tarjeta con sobre',0.9,100,3,NULL),(1587,'VA192_unid.',1,1,1587,10,7.3,' metro Yute escolar',7.3,279,16,NULL),(1588,'VA193_unid.',1,1,1588,10,16,' Figurita recortable ',16,20,30,NULL),(1589,'VA194_unid.',1,1,1589,10,0.9,' Mono de regalo A',0.9,200,3,NULL),(1590,'VA195_unid.',1,1,1590,10,0.5,' Mono de regalo B',0.5,100,2,NULL),(1591,'VA196_juego',1,1,1591,16,116.6,'Set Micropunta Stabilo x 30',116.6,40,120,NULL),(1592,'VA197_unid.',1,1,1592,10,27.84,' Color Jumbo Stabilo',27.84,6,39,NULL),(1593,'VA198_unid.',1,1,1593,10,10.96,' Color largo Stabilo',10.96,26,15,NULL),(1594,'VA199_unid.',1,1,1594,10,16.27,' Marcador TRIO Stabilo',16.27,18,27,NULL),(1595,'VA200_set',1,1,1595,6,25.2,' Set de color 24 pzs. Faber',25.2,24,35,NULL),(1596,'VA201_set',1,1,1596,6,10.5,' set de color largo Faber',10.5,36,15,NULL),(1597,'VA202_set',1,1,1597,6,9,' set de marcador Fiesta Faber',9,96,12,NULL),(1598,'VA203_set',1,1,1598,6,10.3,' Set de marcador Grip Faber',10.3,83,15,NULL),(1599,'VA204_unid.',1,1,1599,10,1.2,' Oleo color negro',1.2,60,2.5,NULL),(1600,'VA205_unid.',1,1,1600,10,3,' Micropunta Stabilo',3,370,5,NULL),(1601,'VA206_set',1,1,1601,6,96.57,' Set micropunta Stabilo x25pzs',96.57,4,120,NULL),(1602,'VA207_unid.',1,1,1602,10,32.67,' Porta plano grande',32.67,8,60,NULL),(1603,'VA208_unid.',1,1,1603,10,1.82,' Pincel tigre Nro 0',1.82,30,3.5,NULL),(1604,'VA209_unid.',1,1,1604,10,1.88,' Pincel tigre Nro 2',1.88,30,4.5,NULL),(1605,'VA210_unid.',1,1,1605,10,2.18,' Pincel tigre Nro 4',2.18,30,5,NULL),(1606,'VA211_unid.',1,1,1606,10,2.42,'Pincel tigre Nro 6',2.42,30,5.5,NULL),(1607,'VA212_unid.',1,1,1607,10,2.73,'Pincel tigre Nro 8',2.73,30,6,NULL),(1608,'VA213_unid.',1,1,1608,10,3.2,'Pincel tigre Nro 10',3.2,30,7,NULL),(1609,'VA214_unid.',1,1,1609,10,3.42,'Pincel tigre Nro 12',3.42,30,8,NULL),(1610,'VA215_unid.',1,1,1610,10,0.9,'Algodon',0.9,50,2.5,NULL),(1611,'VA216_unid.',1,1,1611,10,0.23,'Gancho Grueso',0.23,142,1,NULL),(1612,'VA217_unid.',1,1,1612,10,0.62,'Set de gancho A',0.62,37,3,NULL),(1613,'VA218_unid.',1,1,1613,10,0.3,'Set de gancho b',0.3,72,1.5,NULL),(1614,'VA219_unid.',1,1,1614,10,0.29,'Set de gancho C',0.29,216,1,NULL),(1615,'VA220_unid.',1,1,1615,10,1.25,'Set de agujas',1.25,24,3,NULL),(1616,'VA221_unid.',1,1,1616,10,2.9,'Par de agujas punta roma',2.9,24,5,NULL),(1617,'VA222_unid.',1,1,1617,10,1.25,'Aguja punta Roma',1.25,24,3,NULL),(1618,'VA223_unid.',1,1,1618,10,0.16,'Aguja Dorada',0.16,255,1,NULL),(1619,'VA224_unid.',1,1,1619,10,0.1,'Aguja Plastica',0.1,50,0.5,NULL),(1620,'VA225_unid.',1,1,1620,10,1.83,'Palillo',1.83,24,5,NULL),(1621,'VA226_unid.',1,1,1621,10,16.66,'Escalimetro Maped',16.66,6,25,NULL),(1622,'VA227_unid.',1,1,1622,10,1.8,'Cinta Aislante Globe',1.8,28,5,NULL),(1623,'VA228_unid.',1,1,1623,10,0.83,'Cinta Aislante Marutex',0.83,36,2.5,NULL),(1624,'VA229_unid.',1,1,1624,10,10.8,'Docena lapiz Faber',10.8,72,20,NULL),(1625,'VA230_unid.',1,1,1625,10,0.9,'Lapiz Faber',0.9,1,2,NULL),(1626,'VA231_unid.',1,1,1626,10,8.33,'Filigrama',8.33,6,20,NULL),(1627,'VA232_unid.',1,1,1627,10,18,'Cuerpo Humano Armable',18,7,45,NULL),(1628,'VA233_unid.',1,1,1628,10,0.5,'Laminas',0.5,5000,1,NULL),(1629,'VA234_unid.',1,1,1629,10,1.2,'Etiqueta nombre',1.2,127,2.5,NULL),(1630,'VA235_unid.',1,1,1630,10,2.2,'Etiqueta Materias',2.2,225,5,NULL),(1631,'VA236_unid.',1,1,1631,10,1.2,'Stiker para nombres',1.2,75,3,NULL),(1632,'VA237_unid.',1,1,1632,10,2.5,'Plastoformo 1cm',2.5,50,5,NULL),(1633,'VA238_unid.',1,1,1633,10,3.67,'plastoformo 1,5cm',3.67,34,7,NULL),(1634,'VA239_unid.',1,1,1634,10,5,'Plastoformo 2 cm',5,25,9,NULL),(1635,'VA240_unid.',1,1,1635,10,6.25,'Plastoformo 2,5cm',6.25,20,10,NULL),(1636,'VA241_unid.',1,1,1636,10,7.81,'Plastoformo  3cm',7.81,16,12,NULL),(1637,'VA242_unid.',1,1,1637,10,2.6,'Plastoformo 50x50',2.6,48,5,NULL),(1638,'P7002_set',1,1,1638,6,5.41,'Color P7002',5.41,84,7,NULL),(1639,'P7000_set',1,1,1639,6,9.58,'Color P7000',9.58,144,13,NULL),(1640,'P5000_set',1,1,1640,6,11.25,'color P5000',11.25,84,15,NULL),(1641,'P7018_set',1,1,1641,6,12.08,'Color P7018',12.08,84,18,NULL),(1642,'P9200_set',1,1,1642,6,11.66,'Color P9200',11.66,60,16,NULL),(1643,'PF9006_set',1,1,1643,6,7.5,'Color PF9006',7.5,72,12,NULL),(1644,'P9090_set',1,1,1644,6,25,'Color P9090',25,120,35,NULL),(1645,'P889_set',1,1,1645,6,26.6,'Color P889',26.6,22,30,NULL),(1646,'P6000_doc.',1,1,1646,17,6.25,'Lapiz P6000',6.25,110,10,NULL),(1647,'P8006_doc.',1,1,1647,17,6.25,'Lapiz P8006',6.25,120,10,NULL),(1648,'P6002B_doc.',1,1,1648,17,10,'Lapiz p6002B',10,48,20,NULL),(1649,'PT8006_doc.',1,1,1649,17,10,'Lapiz 8066',10,67,20,NULL),(1650,'P8002A_unid.',1,1,1650,10,0.93,'Lapiz p8002',0.93,1425,2.5,NULL),(1651,'P9000_unid.',1,1,1651,10,0.97,'Lapiz p9000',0.97,576,2.5,NULL),(1652,'PT9060_unid.',1,1,1652,10,0.83,'Lapiz  pt9060',0.83,864,2.5,NULL),(1653,'P9058_unid.',1,1,1653,10,0.97,'Lapiz p9058',0.97,1726,2.5,NULL),(1654,'P9058J_unid.',1,1,1654,10,2.5,'lapiz p9058j',2.5,72,5,NULL),(1655,'1B_unid.',1,1,1655,10,0.97,'Lapiz 1B',0.97,144,2,NULL),(1656,'2B_unid.',1,1,1656,10,0.97,'Lapiz 2B',0.97,144,2,NULL),(1657,'4B_unid.',1,1,1657,10,1.04,'Lapiz 4B',1.04,144,2.5,NULL),(1658,'5B_unid.',1,1,1658,10,1.11,'Lapiz 5B',1.11,144,3,NULL),(1659,'6B_unid.',1,1,1659,10,1.11,'Lapiz 6B',1.11,144,3,NULL),(1660,'7B_unid.',1,1,1660,10,1.18,'Lapiz 7B',1.18,144,3.5,NULL),(1661,'8B_unid.',1,1,1661,10,1.18,'Lapiz 8B',1.18,144,3.5,NULL),(1662,'10B_unid.',1,1,1662,10,1.25,'Lapiz 10B',1.25,144,4,NULL),(1663,'P600G_unid.',1,1,1663,10,20,'Lapiz p600a',20,2,30,NULL),(1664,'1H_unid.',1,1,1664,10,1.08,'Lapiz 1H',1.08,24,2,NULL),(1665,'3H_unid.',1,1,1665,10,1.25,'Lapiz 3H',1.25,24,2.5,NULL),(1666,'4H_unid.',1,1,1666,10,1.3,'Lapiz 4H',1.3,24,3,NULL),(1667,'5H_unid.',1,1,1667,10,1.33,'Lapiz 5H',1.33,24,3,NULL),(1668,'6H_unid.',1,1,1668,10,1.33,'Lapiz 6H',1.33,24,3.5,NULL),(1669,'7H_unid.',1,1,1669,10,1.41,'Lapiz 7H',1.41,24,4,NULL),(1670,'M400S_set',1,1,1670,6,16.25,'marcador M400s',16.25,12,20,NULL),(1671,'M2040_set',1,1,1671,6,15.41,'marcador M2040',15.41,298,20,NULL),(1672,'M2223_set',1,1,1672,6,20.83,'marcador M2223',20.83,144,25,NULL),(1673,'C380_set',1,1,1673,6,20,'marcador C380',20,111,25,NULL),(1674,'M2037_set',1,1,1674,6,15,'marcador M2037',15,24,20,NULL),(1675,'M2001_set',1,1,1675,6,5.16,'marcador M2001',5.16,168,8,NULL),(1676,'M2033_set',1,1,1676,6,19.16,'marcador M2033',19.16,156,25,NULL),(1677,'M2034_set',1,1,1677,6,19.16,'marcador M2034',19.16,155,25,NULL),(1678,'M2035_set',1,1,1678,6,15.83,'marcador M2035',15.83,155,20,NULL),(1679,'M2036_set',1,1,1679,6,19.16,'marcador M2036',19.16,152,25,NULL),(1680,'M2020S_set',1,1,1680,6,15.83,'marcador M2020s',15.83,192,20,NULL),(1681,'PU2000S_set',1,1,1681,6,0.8,'marcador Pu2000s',0.8,150,1.5,NULL),(1682,'5036_unid',1,1,1682,11,2.33,'marcador 5036',2.33,512,4,NULL),(1683,'PU2006_unid',1,1,1683,11,1.6,'marcador PU2006',1.6,446,3,NULL),(1684,'D886_unid',1,1,1684,11,2,'marcador D886',2,712,5,NULL),(1685,'D328_unid',1,1,1685,11,1.41,'marcador D328',1.41,504,3,NULL),(1686,'8000B_unid',1,1,1686,11,3.75,'Detector 8000B',3.75,24,5,NULL),(1687,'RE325_unid',1,1,1687,11,2.1,'resaltador RE325',2.1,422,3.5,NULL),(1688,'RE630_unid',1,1,1688,11,2,'resaltador RE630',2,487,3,NULL),(1689,'2098_unid',1,1,1689,11,1.5,'resaltador 2098',1.5,168,2.5,NULL),(1690,'RE620S_unid',1,1,1690,11,15.83,'resaltador RE620s',15.83,95,20,NULL),(1691,'RE650_unid',1,1,1691,11,15.83,'resaltador RE650',15.83,95,20,NULL),(1692,'RE330_unid',1,1,1692,11,9.6,'resaltador RE330',9.6,107,15,NULL),(1693,'M5025_unid',1,1,1693,11,2.5,'marcador M5025',2.5,72,5,NULL),(1694,'RP075_unid',1,1,1694,11,2.1,'repuesto de marcador RP075',2.1,36,2.5,NULL),(1695,'CO30_unid.',1,1,1695,10,3.83,'corrector ',3.83,67,8,NULL),(1696,'C018_unid.',1,1,1696,10,3.5,'corrector ',3.5,71,6,NULL),(1697,'GU040_unid.',1,1,1697,10,8.75,'pegamento ',8.75,83,12,NULL),(1698,'GU021_unid.',1,1,1698,10,4.37,'pegamento ',4.37,282,8,NULL),(1699,'GU008_unid.',1,1,1699,10,2.41,'pegamento',2.41,336,4,NULL),(1700,'P925_unid.',1,1,1700,10,3.66,'portaminas ',3.66,48,10,NULL),(1701,'P309-2_unid.',1,1,1701,10,3.66,'portaminas ',3.66,48,8,NULL),(1702,'P310-2_unid.',1,1,1702,10,3.66,'poetaminas',3.66,48,8,NULL),(1703,'P922-07_unid.',1,1,1703,10,3.66,'portaminas ',3.66,48,8,NULL),(1704,'P6032-07_unid.',1,1,1704,10,3.66,'portaminas ',3.66,48,5,NULL),(1705,'P922-09_unid.',1,1,1705,10,3.66,'portaminas ',3.66,48,10,NULL),(1706,'P909_unid.',1,1,1706,10,5.83,'portaminas ',5.83,48,15,NULL),(1707,'P922-05_unid.',1,1,1707,10,3.66,'portaminas ',3.66,48,8,NULL),(1708,'P901_unid.',1,1,1708,10,3.66,'portaminas',3.66,48,8,NULL),(1709,'P309_unid.',1,1,1709,10,3.66,'portaminas ',3.66,47,8,NULL),(1710,'P310_unid.',1,1,1710,10,3.66,'portaminas ',3.66,48,8,NULL),(1711,'P220_unid.',1,1,1711,10,1.58,'portaminas ',1.58,48,5,NULL),(1712,'P229_unid.',1,1,1712,10,2,'portaminas ',2,48,5,NULL),(1713,'P6032-05_unid.',1,1,1713,10,1.58,'portaminas ',1.58,48,5,NULL),(1714,'MC02_unid.',1,1,1714,10,1.87,'minas de colores ',1.87,72,6,NULL),(1715,'MI20_unid.',1,1,1715,10,2.41,'minas ',2.41,144,6,NULL),(1716,'RE09A_unid.',1,1,1716,10,1.37,'minas ',1.37,48,3,NULL),(1717,'RE07A_unid.',1,1,1717,10,1.37,'minas ',1.37,48,3,NULL),(1718,'RE05A_unid.',1,1,1718,10,1.37,'minas ',1.37,144,3,NULL),(1719,'P388_unid.',1,1,1719,10,20,'portaminas color ',20,33,25,NULL),(1720,'101A_unid.',1,1,1720,10,9.58,'estuche geometrico ',9.58,144,15,NULL),(1721,'101_unid.',1,1,1721,10,7.66,'estuche geometrico ',7.66,144,10,NULL),(1722,'668_unid.',1,1,1722,10,3,'Regla ',3,657,5,NULL),(1723,'673_unid.',1,1,1723,10,2.91,'Regla ',2.91,192,5,NULL),(1724,'666_unid.',1,1,1724,10,2.16,'Regla ',2.16,360,3,NULL),(1725,'660_unid.',1,1,1725,10,2.5,'Regla',2.5,144,4,NULL),(1726,'672_unid.',1,1,1726,10,2.83,'Regla',2.83,240,3,NULL),(1727,'999_unid.',1,1,1727,10,1.41,'Regla ',1.41,484,2.5,NULL),(1728,'690_unid.',1,1,1728,10,4.58,'Regla ',4.58,36,10,NULL),(1729,'TD318_unid',1,1,1729,11,26.6,'dispensador ',26.6,6,35,NULL),(1730,'TD317_unid',1,1,1730,11,15,'dispensador ',15,12,25,NULL),(1731,'TD316_unid',1,1,1731,11,9.58,'dispensador ',9.58,32,15,NULL),(1732,'G618_unid',1,1,1732,11,85,'engrampador ',85,2,100,NULL),(1733,'G613_unid',1,1,1733,11,22.5,'engrampador ',22.5,23,35,NULL),(1734,'G593_unid',1,1,1734,11,21.61,'engrampador ',21.61,11,25,NULL),(1735,'G880_unid',1,1,1735,11,16.6,'engrampador ',16.6,12,25,NULL),(1736,'G553_unid',1,1,1736,11,6.66,'engrampador ',6.66,192,10,NULL),(1737,'G418_unid',1,1,1737,11,11.66,'engrampador ',11.66,24,17,NULL),(1738,'MP240_unid',1,1,1738,11,44.16,'perforadora',44.16,5,50,NULL),(1739,'MP220_unid',1,1,1739,11,23.3,'perforadora ',23.3,10,30,NULL),(1740,'MP250_unid',1,1,1740,11,21.61,'perforadora ',21.61,36,30,NULL),(1741,'MP210_unid',1,1,1741,11,4.79,'perforadora ',4.79,75,15,NULL),(1742,'SS2406_unid',1,1,1742,11,2,'grampa ',2,39,4,NULL),(1743,'SS2606_unid',1,1,1743,11,2,'grampa ',2,20,3,NULL),(1744,'SS1000_unid',1,1,1744,11,1.3,'grampa',1.3,20,3,NULL),(1745,'XG833_unid',1,1,1745,11,34,'perforadora ',34,12,40,NULL),(1746,'XG831_unid',1,1,1746,11,25,'perforadora ',25,30,30,NULL),(1747,'1016_unid',1,1,1747,11,5,'perforadora ',5,23,10,NULL),(1748,'DL228_unid',1,1,1748,11,3,'sacagrampa ',3,17,5,NULL),(1749,'DL328_unid',1,1,1749,11,3.75,'engrampadora ',3.75,24,7,NULL),(1750,'KB001_unid',1,1,1750,11,35,'tijera Kaibo ',35,12,40,NULL),(1751,'FB2013_unid.',1,1,1751,10,1.04,'Boligrafo ',1.04,1955,1.5,NULL),(1752,'FB2005_unid.',1,1,1752,10,1,'Boligrafo ',1,1198,2,NULL),(1753,'FB6028_unid.',1,1,1753,10,0.5,'Boligrafo ',0.5,1437,1,NULL),(1754,'FB2068_unid.',1,1,1754,10,2.1,'Boligrafo ',2.1,252,5,NULL),(1755,'FB2082_unid.',1,1,1755,10,1.6,'Boligrafo ',1.6,253,5,NULL),(1756,'FB2025_unid.',1,1,1756,10,2.5,'Boligrafo ',2.5,118,5,NULL),(1757,'FB588_unid.',1,1,1757,10,5,'Boligrafo ',5,72,5,NULL),(1758,'FB7308_unid.',1,1,1758,10,2.83,'Boligrafo ',2.83,48,8,NULL),(1759,'FB144_unid.',1,1,1759,10,2.33,'Boligrafo ',2.33,360,5,NULL),(1760,'FB3099_unid.',1,1,1760,10,5.83,'Boligrafo ',5.83,95,4,NULL),(1761,'F6300_unid.',1,1,1761,10,5,'Boligrafo ',5,70,15,NULL),(1762,'2003_unid.',1,1,1762,10,0.46,'Boligrafo ',0.46,1750,1,NULL),(1763,'FB6098C_unid.',1,1,1763,10,8,'Boligrafo',8,144,12,NULL),(1764,'GL725F_unid',1,1,1764,11,0.83,'Micropunta',0.83,960,3,NULL),(1765,'GL501_unid',1,1,1765,11,1.9,'Micropunta ',1.9,864,5,NULL),(1766,'GL500_unid',1,1,1766,11,2.83,'Micropunta ',2.83,864,5,NULL),(1767,'GL504_unid',1,1,1767,11,2.83,'Micropunta',2.83,432,5,NULL),(1768,'FR520_unid',1,1,1768,11,3.16,'Micropunta ',3.16,861,5,NULL),(1769,'GL947_unid',1,1,1769,11,3.25,'Micropunta ',3.25,864,8,NULL),(1770,'GL936_unid',1,1,1770,11,3.25,'Micropunta ',3.25,143,8,NULL),(1771,'1005_unid',1,1,1771,11,5.41,'Gel Borrable',5.41,168,12,NULL),(1772,'MF498-S_set',1,1,1772,6,20,'Micropunta',20,141,28,NULL),(1773,'GL512_set',1,1,1773,6,19.16,'Micropunta ',19.16,166,25,NULL),(1774,'GL501MS_set',1,1,1774,6,19.16,'Micropunta ',19.16,63,25,NULL),(1775,'F001_unid',1,1,1775,11,1.8,'Repuesto de plumas ',1.8,98,12,NULL),(1776,'305_unid',1,1,1776,11,0.3,'Goma ',0.3,360,0.5,NULL),(1777,'304_unid',1,1,1777,11,0.6,'Goma ',0.6,480,1,NULL),(1778,'TR302_unid',1,1,1778,11,0.63,'Goma ',0.63,972,1,NULL),(1779,'TR303_unid',1,1,1779,11,1,'Goma ',1,768,2,NULL),(1780,'024A_unid',1,1,1780,11,1,'Goma ',1,380,2,NULL),(1781,'TR505_unid',1,1,1781,11,1.05,'Goma ',1.05,575,2,NULL),(1782,'3010M_unid',1,1,1782,11,0.83,'Goma ',0.83,180,1,NULL),(1783,'008-0_unid',1,1,1783,11,1,'Pincel ',1,72,2,NULL),(1784,'008-2_unid',1,1,1784,11,1.1,'Pincel ',1.1,71,2,NULL),(1785,'008-4_unid',1,1,1785,11,1.33,'Pincel',1.33,72,2.5,NULL),(1786,'008-6_unid',1,1,1786,11,1.41,'Pincel',1.41,72,3,NULL),(1787,'008-8_unid',1,1,1787,11,1.58,'Pincel',1.58,72,4,NULL),(1788,'008-10_unid',1,1,1788,11,1.75,'Pincel',1.75,72,4,NULL),(1789,'008-12_unid',1,1,1789,11,1.91,'Pincel',1.91,72,5,NULL),(1790,'008-14_unid',1,1,1790,11,2.08,'Pincel',2.08,24,5,NULL),(1791,'008-16_unid',1,1,1791,11,2.33,'Pincel',2.33,24,7,NULL),(1792,'008-18_unid',1,1,1792,11,2.41,'Pincel',2.41,24,7,NULL),(1793,'008-20_unid',1,1,1793,11,2.91,'Pincel',2.91,24,9,NULL),(1794,'008-22_unid',1,1,1794,11,3.25,'Pincel',3.25,24,9,NULL),(1795,'008-24_unid',1,1,1795,11,3.58,'Pincel',3.58,22,10,NULL),(1796,'006-0_unid',1,1,1796,11,1.16,'Pincel',1.16,24,2,NULL),(1797,'006-00_unid',1,1,1797,11,1.16,'Pincel',1.16,24,2,NULL),(1798,'006-000_unid',1,1,1798,11,1.16,'Pincel',1.16,24,2,NULL),(1799,'006-2_unid',1,1,1799,11,1.16,'Pincel',1.16,24,3,NULL),(1800,'006-4_unid',1,1,1800,11,1.5,'Pincel',1.5,24,3,NULL),(1801,'006-8_unid',1,1,1801,11,1.75,'Pincel',1.75,24,4,NULL),(1802,'006-10_unid',1,1,1802,11,1.75,'Pincel',1.75,24,4,NULL),(1803,'SC098_unid',1,1,1803,11,40,'Tajador',40,35,70,NULL),(1804,'SC080_unid',1,1,1804,11,1.58,'Tajador',1.58,384,3,NULL),(1805,'SC082_unid',1,1,1805,11,2.58,'Tajador',2.58,384,5,NULL),(1806,'SC083_unid',1,1,1806,11,3.5,'Tajador',3.5,384,6,NULL),(1807,'SC010_unid',1,1,1807,11,0.3,'Tajador',0.3,660,0.5,NULL),(1808,'SC090_unid',1,1,1808,11,1.41,'Tajador',1.41,376,3,NULL),(1809,'PL12A_set',1,1,1809,6,7.5,'plastilina',7.5,115,12,NULL),(1810,'CYO58_set',1,1,1810,6,6.66,'crayon',6.66,216,12,NULL),(1811,'CY068_set',1,1,1811,6,14.16,'crayon',14.16,144,20,NULL),(1812,'CY022_set',1,1,1812,6,4.1,'crayon',4.1,75,5,NULL),(1813,'TP986_set',1,1,1813,6,7.5,'pastel',7.5,168,12,NULL),(1814,'TM920_set',1,1,1814,6,21.66,'tempera',21.66,34,30,NULL),(1815,'O928_set',1,1,1815,6,26.6,'oleo',26.6,35,30,NULL),(1816,'TM918_set',1,1,1816,6,15.41,'tempera',15.41,94,20,NULL),(1817,'TM930_set',1,1,1817,6,22,'tempera',22,36,38,NULL),(1818,'PD06_set',1,1,1818,6,15.41,'pintua',15.41,235,20,NULL),(1819,'AC012_set',1,1,1819,6,9.58,'acuarela',9.58,90,15,NULL),(1820,'TJ001_unid.',1,1,1820,10,4.33,'Tijera',4.33,624,7,NULL),(1821,'TJ003_unid.',1,1,1821,10,6.5,'Tijera',6.5,480,10,NULL),(1822,'TJ005_unid.',1,1,1822,10,6.5,'Tijera',6.5,188,10,NULL),(1823,'TJ127_unid.',1,1,1823,10,10.83,'Tijera',10.83,33,15,NULL),(1824,'TJ128_unid.',1,1,1824,10,13.33,'Tijera',13.33,35,20,NULL),(1825,'CT1000_unid.',1,1,1825,10,5.83,'Estilete',5.83,35,10,NULL),(1826,'CT1001_unid.',1,1,1826,10,8.33,'Estilete',8.33,68,15,NULL),(1827,'CT1008_unid.',1,1,1827,10,5,'Estilete',5,93,7,NULL),(1828,'CP737_unid.',1,1,1828,10,4.66,'Compaz',4.66,288,8,NULL),(1829,'CP838_unid.',1,1,1829,10,14.58,'Compaz',14.58,24,20,NULL),(1830,'C948_unid.',1,1,1830,10,4.83,'Corrector',4.83,135,8,NULL),(1831,'C959_unid.',1,1,1831,10,7.9,'Corrector',7.9,72,15,NULL),(1832,'777_unid.',1,1,1832,10,4.83,'Cinta adesiva',4.83,576,12,NULL),(1833,'BM7724_unid.',1,1,1833,10,16.6,'Lapiz',16.6,72,25,NULL),(1834,'BM7712_unid.',1,1,1834,10,16.6,'Lapiz',16.6,69,25,NULL),(1835,'P54_unid.',1,1,1835,10,2,'Lapiz',2,398,5,NULL),(1836,'PJR4_unid.',1,1,1836,10,2,'Lapiz',2,400,5,NULL),(1837,'P3000_unid.',1,1,1837,10,0.6,'Lapiz',0.6,567,1.5,NULL),(1838,'P3001_unid.',1,1,1838,10,0.6,'Lapiz',0.6,864,1.5,NULL),(1839,'P3002_unid.',1,1,1839,10,0.6,'Lapiz',0.6,864,1.5,NULL),(1840,'P3003_unid.',1,1,1840,10,0.6,'Lapiz',0.6,852,1.5,NULL),(1841,'P3004_unid.',1,1,1841,10,0.6,'Lapiz',0.6,288,1.5,NULL),(1842,'892-12_set',1,1,1842,6,10,'Marcador',10,168,15,NULL),(1843,'721-24_set',1,1,1843,6,25,'Marcador',25,107,35,NULL),(1844,'2395_unid.',1,1,1844,10,2,'Marcador',2,468,4,NULL),(1845,'7113_unid.',1,1,1845,10,1.5,'Marcador',1.5,576,3,NULL),(1846,'1501_unid.',1,1,1846,10,5.41,'Marcador',5.41,72,12,NULL),(1847,'GB-1_unid.',1,1,1847,10,0.79,'Boliografo',0.79,892,2,NULL),(1848,'XY161_unid.',1,1,1848,10,0.58,'Boliografo',0.58,843,1.5,NULL),(1849,'4370_unid.',1,1,1849,10,3.75,'Boliografo',3.75,864,7,NULL),(1850,'432M_set',1,1,1850,6,7.5,'Boliografo',7.5,201,12,NULL),(1851,'436-10_set',1,1,1851,6,7.5,'Boliografo',7.5,140,15,NULL),(1852,'TG3462_unid.',1,1,1852,10,1.91,'Micropunta',1.91,864,5,NULL),(1853,'GP2068_unid.',1,1,1853,10,1.2,'Micropunta',1.2,864,2.5,NULL),(1854,'ZP1103_unid.',1,1,1854,10,6.25,'Micropunta',6.25,71,15,NULL),(1855,'HR1165_unid',1,1,1855,11,1.04,'Goma',1.04,384,2,NULL),(1856,'HR2117_unid',1,1,1856,11,1,'Goma',1,384,2,NULL),(1857,'HR155_unid',1,1,1857,11,0.88,'Goma',0.88,576,2,NULL),(1858,'HR3930_unid',1,1,1858,11,1.45,'Goma',1.45,384,3,NULL),(1859,'HR113_unid',1,1,1859,11,1.5,'Goma',1.5,383,4,NULL),(1860,'59_unid',1,1,1860,11,1.66,'Goma',1.66,216,2.5,NULL),(1861,'UC8133_unid.',1,1,1861,10,2.83,'Tajador',2.83,503,5,NULL),(1862,'TT927_unid.',1,1,1862,10,0.72,'Tajador',0.72,240,2,NULL),(1863,'CT608_unid.',1,1,1863,10,4.16,'Tajador',4.16,48,6,NULL),(1864,'6015-12_set',1,1,1864,6,7.4,'oleo',7.4,144,12,NULL),(1865,'516-12_set',1,1,1865,6,6,'Crayon',6,144,10,NULL),(1866,'2812-A_set',1,1,1866,6,6.25,'Acuarela',6.25,12,12,NULL),(1867,'302_set',1,1,1867,6,5,'Estuche geometrico',5,168,7,NULL),(1868,'BM661_unid.',1,1,1868,10,1.8,'Regla',1.8,600,3,NULL),(1869,'DL001_unid.',1,1,1869,10,16.6,'Boligrafo con cadena',16.6,12,25,NULL),(1870,'PO001_unid.',1,1,1870,10,16.6,'Tablero plastico',16.6,20,25,NULL),(1871,'701_unid.',1,1,1871,10,2,'Boligrafo con Wato',2,100,5,NULL),(1872,'MC401_set',1,1,1872,6,5.66,'Color',5.66,288,8,NULL),(1873,'MC402_set',1,1,1873,6,12.33,'Color',12.33,286,15,NULL),(1874,'MC403_set',1,1,1874,6,12.33,'Color',12.33,288,15,NULL),(1875,'MC407_set',1,1,1875,6,38.33,'Color',38.33,72,70,NULL),(1876,'MC408_set',1,1,1876,6,26.66,'Color',26.66,143,35,NULL),(1877,'MC410_set',1,1,1877,6,14.16,'Color',14.16,287,22,NULL),(1878,'MC406_unid.',1,1,1878,10,0.83,'Lapiz',0.83,3456,2,NULL),(1879,'MC409_unid.',1,1,1879,10,0.9,'Lapiz',0.9,144,2,NULL),(1880,'MC404_unid.',1,1,1880,10,1.11,'Lapiz',1.11,3456,3,NULL),(1881,'MC405_unid.',1,1,1881,10,1.11,'Lapiz',1.11,3456,3,NULL),(1882,'MC411_unid.',1,1,1882,10,3,'Lapiz',3,144,6,NULL),(1883,'MC412_unid.',1,1,1883,10,3,'Lapiz',3,144,6,NULL),(1884,'MM601_set',1,1,1884,6,8.16,'Marcador',8.16,240,15,NULL),(1885,'MM602_unid.',1,1,1885,10,1.66,'Marcador',1.66,140,3,NULL),(1886,'MM603_unid.',1,1,1886,10,2.16,'Marcador',2.16,624,4,NULL),(1887,'MM604_set',1,1,1887,6,38.33,'Marcador',38.33,24,45,NULL),(1888,'MR201_unid.',1,1,1888,10,2.33,'Marcador',2.33,418,4,NULL),(1889,'MB901_unid',1,1,1889,11,0.75,'Boligrafo',0.75,648,1.5,NULL),(1890,'MB902-S_set',1,1,1890,6,9.16,'Boligrafo',9.16,119,15,NULL),(1891,'MG801_unid',1,1,1891,11,2.25,'Micropunta',2.25,863,5,NULL),(1892,'MG801-S_set',1,1,1892,6,25,'Micropunta',25,166,30,NULL),(1893,'MG802_unid',1,1,1893,11,3,'Micropunta',3,824,8,NULL),(1894,'MG803_unid',1,1,1894,11,3,'Micropunta',3,1008,8,NULL),(1895,'MG804_unid',1,1,1895,11,2.08,'Micropunta',2.08,432,5,NULL),(1896,'MA501_unid',1,1,1896,11,8.16,'Micropunta',8.16,72,12,NULL),(1897,'MA502_unid',1,1,1897,11,5,'Micropunta',5,144,8,NULL),(1898,'NA500-01_unid',1,1,1898,11,11.7,'Caja de regalo Navideno grande',11.7,12,25,NULL),(1899,'NA500-02_unid',1,1,1899,11,40,'Funda Navidena',40,10,80,NULL),(1900,'NA500-03_pares',1,1,1900,18,140,'Pareja navidena',140,3,220,NULL),(1901,'NA500-04_unid',1,1,1901,11,180,'Papanoel musical',180,3,250,NULL),(1902,'NA500-05_unid',1,1,1902,11,48,'Adorno navideno circular',48,3,70,NULL),(1903,'NA500-06_unid',1,1,1903,11,32,'bota navidena',32,12,60,NULL),(1904,'NA500-07_unid',1,1,1904,11,130,'Pie de Arbol',130,3,200,NULL),(1905,'NA500-08_unid',1,1,1905,11,22,'Corbata navidena',22,12,40,NULL),(1906,'NA500-09_unid',1,1,1906,11,1.7,'Adorno navideno goma Eva',1.7,63,3,NULL),(1907,'NA500-10_set',1,1,1907,6,3,'Targeta Navidena en set',3,9,5,NULL),(1908,'NA500-11_unid',1,1,1908,11,0.9,'Targeta Navidena pequena',0.9,100,3,NULL),(1909,'NA500-12_unid',1,1,1909,11,5.5,'Targeta Navidena ',5.5,48,5,NULL),(1910,'NA500-13_unid',1,1,1910,11,2.9,'Adorno Navideno',2.9,36,5,NULL),(1911,'Aaaaa_caja',1,1,1911,NULL,232,NULL,NULL,100,NULL,NULL),(1912,'Aaaaa_doc.',1,1,1911,NULL,232,NULL,NULL,23,NULL,NULL),(1913,'max_doc.',1,1,1912,NULL,123123,NULL,NULL,NULL,NULL,NULL),(1914,'max_doc.',1,1,1912,NULL,123123,NULL,NULL,NULL,NULL,NULL),(1915,'Final_unidad',1,1,1913,NULL,13,NULL,NULL,0,NULL,NULL),(1916,'Final_bloque',1,1,1913,NULL,13,NULL,NULL,0,NULL,NULL);
/*!40000 ALTER TABLE `item_quantity` ENABLE KEYS */;
UNLOCK TABLES;

--
-- Table structure for table `jwt`
--

DROP TABLE IF EXISTS `jwt`;
/*!40101 SET @saved_cs_client     = @@character_set_client */;
 SET character_set_client = utf8mb4 ;
CREATE TABLE `jwt` (
  `id` bigint(20) NOT NULL AUTO_INCREMENT,
  `token` varchar(255) DEFAULT NULL,
  PRIMARY KEY (`id`)
) ENGINE=InnoDB DEFAULT CHARSET=utf8mb4 COLLATE=utf8mb4_0900_ai_ci;
/*!40101 SET character_set_client = @saved_cs_client */;

--
-- Dumping data for table `jwt`
--

LOCK TABLES `jwt` WRITE;
/*!40000 ALTER TABLE `jwt` DISABLE KEYS */;
/*!40000 ALTER TABLE `jwt` ENABLE KEYS */;
UNLOCK TABLES;

--
-- Table structure for table `measure`
--

DROP TABLE IF EXISTS `measure`;
/*!40101 SET @saved_cs_client     = @@character_set_client */;
 SET character_set_client = utf8mb4 ;
CREATE TABLE `measure` (
  `id` bigint(20) NOT NULL AUTO_INCREMENT,
  `description` varchar(255) DEFAULT NULL,
  `name` varchar(255) DEFAULT NULL,
  PRIMARY KEY (`id`)
) ENGINE=InnoDB AUTO_INCREMENT=19 DEFAULT CHARSET=utf8mb4 COLLATE=utf8mb4_0900_ai_ci;
/*!40101 SET character_set_client = @saved_cs_client */;

--
-- Dumping data for table `measure`
--

LOCK TABLES `measure` WRITE;
/*!40000 ALTER TABLE `measure` DISABLE KEYS */;
INSERT INTO `measure` VALUES (1,'unidad','unidad'),(2,'bloque','bloque'),(3,'caja','caja'),(4,'Creada mediante archivo el 2020.01.20.01.22.33','hojas'),(5,'Creada mediante archivo el 2020.01.20.01.22.33','paq'),(6,'Creada mediante archivo el 2020.01.20.01.22.33','Set'),(7,'Creada mediante archivo el 2020.01.20.01.22.33','block'),(8,'Creada mediante archivo el 2020.01.20.01.22.33','rollos'),(9,'Creada mediante archivo el 2020.01.20.01.22.33','mts'),(10,'Creada mediante archivo el 2020.01.20.01.22.33','unid.'),(11,'Creada mediante archivo el 2020.01.20.01.22.33','unid'),(12,'Creada mediante archivo el 2020.01.20.01.22.33','bloc'),(13,'Creada mediante archivo el 2020.01.20.01.22.33','pq'),(14,'Creada mediante archivo el 2020.01.20.01.22.33','0'),(15,'Creada mediante archivo el 2020.01.20.01.22.33','par'),(16,'Creada mediante archivo el 2020.01.20.01.22.33','juego'),(17,'Creada mediante archivo el 2020.01.20.01.22.33','doc.'),(18,'Creada mediante archivo el 2020.01.20.01.22.33','pares');
/*!40000 ALTER TABLE `measure` ENABLE KEYS */;
UNLOCK TABLES;

--
-- Table structure for table `menu_item`
--

DROP TABLE IF EXISTS `menu_item`;
/*!40101 SET @saved_cs_client     = @@character_set_client */;
 SET character_set_client = utf8mb4 ;
CREATE TABLE `menu_item` (
  `id` bigint(20) NOT NULL AUTO_INCREMENT,
  `title` varchar(255) DEFAULT NULL,
  PRIMARY KEY (`id`)
) ENGINE=InnoDB DEFAULT CHARSET=utf8mb4 COLLATE=utf8mb4_0900_ai_ci;
/*!40101 SET character_set_client = @saved_cs_client */;

--
-- Dumping data for table `menu_item`
--

LOCK TABLES `menu_item` WRITE;
/*!40000 ALTER TABLE `menu_item` DISABLE KEYS */;
/*!40000 ALTER TABLE `menu_item` ENABLE KEYS */;
UNLOCK TABLES;

--
-- Table structure for table `module`
--

DROP TABLE IF EXISTS `module`;
/*!40101 SET @saved_cs_client     = @@character_set_client */;
 SET character_set_client = utf8mb4 ;
CREATE TABLE `module` (
  `id` bigint(20) NOT NULL AUTO_INCREMENT,
  `loc` varchar(255) DEFAULT NULL,
  `name` varchar(255) DEFAULT NULL,
  `sidebar_logo` varchar(255) DEFAULT NULL,
  PRIMARY KEY (`id`)
) ENGINE=InnoDB AUTO_INCREMENT=10 DEFAULT CHARSET=utf8mb4 COLLATE=utf8mb4_0900_ai_ci;
/*!40101 SET character_set_client = @saved_cs_client */;

--
-- Dumping data for table `module`
--

LOCK TABLES `module` WRITE;
/*!40000 ALTER TABLE `module` DISABLE KEYS */;
INSERT INTO `module` VALUES (1,'Inicio','Dashboard','home'),(2,'Caja','Shift','clock-circle'),(3,'Clientes','Patient','team'),(4,'Almacenes','Warehouse','dropbox'),(5,'Compras','Purchase','tag'),(6,'Proveedores','Supplier','team'),(7,'Ventas','Sale','dollar'),(8,'Usuarios','AppUser','team'),(9,'Items','Item','paper-clip');
/*!40000 ALTER TABLE `module` ENABLE KEYS */;
UNLOCK TABLES;

--
-- Table structure for table `module_action`
--

DROP TABLE IF EXISTS `module_action`;
/*!40101 SET @saved_cs_client     = @@character_set_client */;
 SET character_set_client = utf8mb4 ;
CREATE TABLE `module_action` (
  `id` bigint(20) NOT NULL AUTO_INCREMENT,
  `id_action` bigint(20) DEFAULT NULL,
  `id_module` bigint(20) DEFAULT NULL,
  PRIMARY KEY (`id`)
) ENGINE=InnoDB AUTO_INCREMENT=20 DEFAULT CHARSET=utf8mb4 COLLATE=utf8mb4_0900_ai_ci;
/*!40101 SET character_set_client = @saved_cs_client */;

--
-- Dumping data for table `module_action`
--

LOCK TABLES `module_action` WRITE;
/*!40000 ALTER TABLE `module_action` DISABLE KEYS */;
INSERT INTO `module_action` VALUES (1,1,1),(2,2,1),(3,3,1),(4,1,2),(5,2,3),(6,2,4),(7,2,5),(8,2,6),(9,2,7),(10,3,8),(11,5,5),(12,4,5),(13,8,7),(14,4,7),(15,8,9),(16,8,8),(17,8,3),(18,8,4),(19,8,6);
/*!40000 ALTER TABLE `module_action` ENABLE KEYS */;
UNLOCK TABLES;

--
-- Table structure for table `negative_stock`
--

DROP TABLE IF EXISTS `negative_stock`;
/*!40101 SET @saved_cs_client     = @@character_set_client */;
 SET character_set_client = utf8mb4 ;
CREATE TABLE `negative_stock` (
  `id` bigint(20) NOT NULL AUTO_INCREMENT,
  `id_warehouse_quantity` bigint(20) DEFAULT NULL,
  PRIMARY KEY (`id`)
) ENGINE=InnoDB DEFAULT CHARSET=utf8mb4 COLLATE=utf8mb4_0900_ai_ci;
/*!40101 SET character_set_client = @saved_cs_client */;

--
-- Dumping data for table `negative_stock`
--

LOCK TABLES `negative_stock` WRITE;
/*!40000 ALTER TABLE `negative_stock` DISABLE KEYS */;
/*!40000 ALTER TABLE `negative_stock` ENABLE KEYS */;
UNLOCK TABLES;

--
-- Table structure for table `purchase`
--

DROP TABLE IF EXISTS `purchase`;
/*!40101 SET @saved_cs_client     = @@character_set_client */;
 SET character_set_client = utf8mb4 ;
CREATE TABLE `purchase` (
  `id` bigint(20) NOT NULL AUTO_INCREMENT,
  `id_app_user` bigint(20) DEFAULT NULL,
  `id_company` bigint(20) DEFAULT NULL,
  `id_currency` bigint(20) DEFAULT NULL,
  `id_shift` bigint(20) DEFAULT NULL,
  `id_supplier` bigint(20) DEFAULT NULL,
  `id_warehouse` bigint(20) DEFAULT NULL,
  `item_count` int(11) DEFAULT NULL,
  `paid` double DEFAULT NULL,
  `time` datetime(6) DEFAULT NULL,
  `total` double DEFAULT NULL,
  PRIMARY KEY (`id`)
) ENGINE=InnoDB AUTO_INCREMENT=7 DEFAULT CHARSET=utf8mb4 COLLATE=utf8mb4_0900_ai_ci;
/*!40101 SET character_set_client = @saved_cs_client */;

--
-- Dumping data for table `purchase`
--

LOCK TABLES `purchase` WRITE;
/*!40000 ALTER TABLE `purchase` DISABLE KEYS */;
INSERT INTO `purchase` VALUES (1,1,1,1,1,1,1,NULL,40,'2019-09-02 16:02:55.000000',100),(2,1,1,1,1,1,1,NULL,40,'2019-09-02 16:02:56.000000',100),(3,1,1,1,1,1,2,NULL,40,'2019-09-02 16:02:57.000000',100),(4,1,1,1,1,1,1,NULL,40,'2019-09-02 16:02:58.000000',100),(5,2,1,1,1,1,2,NULL,40,'2019-09-02 16:02:59.000000',100),(6,2,1,1,1,1,1,NULL,40,'2019-09-02 16:03:00.000000',100);
/*!40000 ALTER TABLE `purchase` ENABLE KEYS */;
UNLOCK TABLES;

--
-- Table structure for table `purchase_item_quantity`
--

DROP TABLE IF EXISTS `purchase_item_quantity`;
/*!40101 SET @saved_cs_client     = @@character_set_client */;
 SET character_set_client = utf8mb4 ;
CREATE TABLE `purchase_item_quantity` (
  `id` bigint(20) NOT NULL AUTO_INCREMENT,
  `hashcode` varchar(255) DEFAULT NULL,
  `id_company` bigint(20) DEFAULT NULL,
  `id_currency` bigint(20) DEFAULT NULL,
  `id_item` bigint(20) DEFAULT NULL,
  `id_measure` bigint(20) DEFAULT NULL,
  `id_sale` bigint(20) DEFAULT NULL,
  `name` varchar(255) DEFAULT NULL,
  `purchase_price` double DEFAULT NULL,
  `quantity` double DEFAULT NULL,
  `sale_price` double DEFAULT NULL,
  `total` double DEFAULT NULL,
  PRIMARY KEY (`id`)
) ENGINE=InnoDB DEFAULT CHARSET=utf8mb4 COLLATE=utf8mb4_0900_ai_ci;
/*!40101 SET character_set_client = @saved_cs_client */;

--
-- Dumping data for table `purchase_item_quantity`
--

LOCK TABLES `purchase_item_quantity` WRITE;
/*!40000 ALTER TABLE `purchase_item_quantity` DISABLE KEYS */;
/*!40000 ALTER TABLE `purchase_item_quantity` ENABLE KEYS */;
UNLOCK TABLES;

--
-- Table structure for table `sale`
--

DROP TABLE IF EXISTS `sale`;
/*!40101 SET @saved_cs_client     = @@character_set_client */;
 SET character_set_client = utf8mb4 ;
CREATE TABLE `sale` (
  `id` bigint(20) NOT NULL AUTO_INCREMENT,
  `has_id_client` bit(1) DEFAULT NULL,
  `id_app_user` bigint(20) DEFAULT NULL,
  `id_client` bigint(20) DEFAULT NULL,
  `id_company` bigint(20) DEFAULT NULL,
  `id_currency` bigint(20) DEFAULT NULL,
  `id_shift` bigint(20) DEFAULT NULL,
  `id_warehouse` bigint(20) DEFAULT NULL,
  `item_count` int(11) DEFAULT NULL,
  `paid` double DEFAULT NULL,
  `time` datetime(6) DEFAULT NULL,
  `total` double DEFAULT NULL,
  PRIMARY KEY (`id`)
) ENGINE=InnoDB AUTO_INCREMENT=7 DEFAULT CHARSET=utf8mb4 COLLATE=utf8mb4_0900_ai_ci;
/*!40101 SET character_set_client = @saved_cs_client */;

--
-- Dumping data for table `sale`
--

LOCK TABLES `sale` WRITE;
/*!40000 ALTER TABLE `sale` DISABLE KEYS */;
INSERT INTO `sale` VALUES (1,_binary '\0',1,2,1,1,1,1,2,40,'2020-01-26 19:03:25.000000',40),(2,_binary '\0',1,2,1,1,1,1,2,40,'2020-01-26 19:03:27.000000',40),(3,_binary '\0',1,2,1,1,1,1,2,40,'2020-01-26 19:03:35.000000',40),(4,_binary '\0',1,1,1,1,1,1,1,15,'2020-01-26 19:23:00.000000',15),(5,_binary '\0',1,2,1,1,2,1,3,NULL,'2020-02-02 00:09:21.000000',NULL),(6,_binary '\0',1,1,1,1,2,1,1,20,'2020-06-13 14:17:21.000000',20);
/*!40000 ALTER TABLE `sale` ENABLE KEYS */;
UNLOCK TABLES;

--
-- Table structure for table `sale_item_quantity`
--

DROP TABLE IF EXISTS `sale_item_quantity`;
/*!40101 SET @saved_cs_client     = @@character_set_client */;
 SET character_set_client = utf8mb4 ;
CREATE TABLE `sale_item_quantity` (
  `id` bigint(20) NOT NULL AUTO_INCREMENT,
  `hashcode` varchar(255) DEFAULT NULL,
  `id_company` bigint(20) DEFAULT NULL,
  `id_currency` bigint(20) DEFAULT NULL,
  `id_item` bigint(20) DEFAULT NULL,
  `id_measure` bigint(20) DEFAULT NULL,
  `id_sale` bigint(20) DEFAULT NULL,
  `min_price` double DEFAULT NULL,
  `name` varchar(255) DEFAULT NULL,
  `purchase_price` double DEFAULT NULL,
  `quantity` double DEFAULT NULL,
  `sale_price` double DEFAULT NULL,
  `total` double DEFAULT NULL,
  PRIMARY KEY (`id`)
) ENGINE=InnoDB AUTO_INCREMENT=9 DEFAULT CHARSET=utf8mb4 COLLATE=utf8mb4_0900_ai_ci;
/*!40101 SET character_set_client = @saved_cs_client */;

--
-- Dumping data for table `sale_item_quantity`
--

LOCK TABLES `sale_item_quantity` WRITE;
/*!40000 ALTER TABLE `sale_item_quantity` DISABLE KEYS */;
INSERT INTO `sale_item_quantity` VALUES (1,'FO31_unid.',NULL,1,208,10,1,NULL,' Folder CN 20 A',NULL,1,25,25),(2,'P909_unid.',NULL,1,751,10,1,NULL,'portaminas ',NULL,1,15,15),(3,'FO31_unid.',NULL,1,208,10,2,NULL,' Folder CN 20 A',NULL,1,25,25),(4,'P909_unid.',NULL,1,751,10,2,NULL,'portaminas ',NULL,1,15,15),(5,'FO31_unid.',NULL,1,208,10,3,NULL,' Folder CN 20 A',NULL,1,25,25),(6,'P909_unid.',NULL,1,751,10,3,NULL,'portaminas ',NULL,1,15,15),(7,'P909_unid.',NULL,1,751,10,4,NULL,'portaminas ',NULL,1,15,15),(8,'CU202-ES_unid.',NULL,1,113,10,6,NULL,' cuaderno ESTILO',NULL,2,10,20);
/*!40000 ALTER TABLE `sale_item_quantity` ENABLE KEYS */;
UNLOCK TABLES;

--
-- Table structure for table `shift`
--

DROP TABLE IF EXISTS `shift`;
/*!40101 SET @saved_cs_client     = @@character_set_client */;
 SET character_set_client = utf8mb4 ;
CREATE TABLE `shift` (
  `id` bigint(20) NOT NULL AUTO_INCREMENT,
  `cash_close` double DEFAULT NULL,
  `cash_open` double DEFAULT NULL,
  `close` datetime(6) DEFAULT NULL,
  `closed` bit(1) DEFAULT NULL,
  `duration` double DEFAULT NULL,
  `id_app_user` bigint(20) DEFAULT NULL,
  `id_company` bigint(20) DEFAULT NULL,
  `open` datetime(6) DEFAULT NULL,
  `sale_count` int(11) DEFAULT NULL,
  PRIMARY KEY (`id`)
) ENGINE=InnoDB AUTO_INCREMENT=3 DEFAULT CHARSET=utf8mb4 COLLATE=utf8mb4_0900_ai_ci;
/*!40101 SET character_set_client = @saved_cs_client */;

--
-- Dumping data for table `shift`
--

LOCK TABLES `shift` WRITE;
/*!40000 ALTER TABLE `shift` DISABLE KEYS */;
INSERT INTO `shift` VALUES (1,NULL,0,'2020-01-26 22:25:58.000000',_binary '',17133.904,1,NULL,'2020-01-26 17:40:25.000000',6),(2,NULL,0,NULL,_binary '\0',NULL,1,NULL,'2020-01-26 22:33:34.000000',6);
/*!40000 ALTER TABLE `shift` ENABLE KEYS */;
UNLOCK TABLES;

--
-- Table structure for table `sidebar`
--

DROP TABLE IF EXISTS `sidebar`;
/*!40101 SET @saved_cs_client     = @@character_set_client */;
 SET character_set_client = utf8mb4 ;
CREATE TABLE `sidebar` (
  `id` bigint(20) NOT NULL AUTO_INCREMENT,
  `id_menu_item` bigint(20) DEFAULT NULL,
  `id_sub_menu` bigint(20) DEFAULT NULL,
  PRIMARY KEY (`id`)
) ENGINE=InnoDB DEFAULT CHARSET=utf8mb4 COLLATE=utf8mb4_0900_ai_ci;
/*!40101 SET character_set_client = @saved_cs_client */;

--
-- Dumping data for table `sidebar`
--

LOCK TABLES `sidebar` WRITE;
/*!40000 ALTER TABLE `sidebar` DISABLE KEYS */;
/*!40000 ALTER TABLE `sidebar` ENABLE KEYS */;
UNLOCK TABLES;

--
-- Table structure for table `sidebar_permit`
--

DROP TABLE IF EXISTS `sidebar_permit`;
/*!40101 SET @saved_cs_client     = @@character_set_client */;
 SET character_set_client = utf8mb4 ;
CREATE TABLE `sidebar_permit` (
  `id` bigint(20) NOT NULL AUTO_INCREMENT,
  `has_permit` bit(1) DEFAULT NULL,
  `id_app_user` bigint(20) DEFAULT NULL,
  `id_menu_item` bigint(20) DEFAULT NULL,
  `id_sub_menu` bigint(20) DEFAULT NULL,
  `name` varchar(255) DEFAULT NULL,
  PRIMARY KEY (`id`)
) ENGINE=InnoDB DEFAULT CHARSET=utf8mb4 COLLATE=utf8mb4_0900_ai_ci;
/*!40101 SET character_set_client = @saved_cs_client */;

--
-- Dumping data for table `sidebar_permit`
--

LOCK TABLES `sidebar_permit` WRITE;
/*!40000 ALTER TABLE `sidebar_permit` DISABLE KEYS */;
/*!40000 ALTER TABLE `sidebar_permit` ENABLE KEYS */;
UNLOCK TABLES;

--
-- Table structure for table `sub_menu`
--

DROP TABLE IF EXISTS `sub_menu`;
/*!40101 SET @saved_cs_client     = @@character_set_client */;
 SET character_set_client = utf8mb4 ;
CREATE TABLE `sub_menu` (
  `id` bigint(20) NOT NULL AUTO_INCREMENT,
  `logo` varchar(255) DEFAULT NULL,
  `title` varchar(255) DEFAULT NULL,
  PRIMARY KEY (`id`)
) ENGINE=InnoDB DEFAULT CHARSET=utf8mb4 COLLATE=utf8mb4_0900_ai_ci;
/*!40101 SET character_set_client = @saved_cs_client */;

--
-- Dumping data for table `sub_menu`
--

LOCK TABLES `sub_menu` WRITE;
/*!40000 ALTER TABLE `sub_menu` DISABLE KEYS */;
/*!40000 ALTER TABLE `sub_menu` ENABLE KEYS */;
UNLOCK TABLES;

--
-- Table structure for table `supplier`
--

DROP TABLE IF EXISTS `supplier`;
/*!40101 SET @saved_cs_client     = @@character_set_client */;
 SET character_set_client = utf8mb4 ;
CREATE TABLE `supplier` (
  `id` bigint(20) NOT NULL AUTO_INCREMENT,
  `cellphone` varchar(255) DEFAULT NULL,
  `ci` varchar(255) DEFAULT NULL,
  `email` varchar(255) DEFAULT NULL,
  `first_name` varchar(255) DEFAULT NULL,
  `full_name` varchar(255) DEFAULT NULL,
  `id_company` bigint(20) DEFAULT NULL,
  `last_name` varchar(255) DEFAULT NULL,
  `location` varchar(255) DEFAULT NULL,
  `nit` varchar(255) DEFAULT NULL,
  `telephone` varchar(255) DEFAULT NULL,
  PRIMARY KEY (`id`)
) ENGINE=InnoDB AUTO_INCREMENT=4 DEFAULT CHARSET=utf8mb4 COLLATE=utf8mb4_0900_ai_ci;
/*!40101 SET character_set_client = @saved_cs_client */;

--
-- Dumping data for table `supplier`
--

LOCK TABLES `supplier` WRITE;
/*!40000 ALTER TABLE `supplier` DISABLE KEYS */;
INSERT INTO `supplier` VALUES (1,'70000000',NULL,NULL,'Sol','Sol Supplier',1,'Paredes',NULL,'12345',NULL),(2,'70000001',NULL,NULL,'Emilian','Emilian Supplier',1,'Paredes',NULL,'123456',NULL),(3,'70000001',NULL,NULL,'Ethan','Ethan Supplier',2,'Vino',NULL,'123456',NULL);
/*!40000 ALTER TABLE `supplier` ENABLE KEYS */;
UNLOCK TABLES;

--
-- Table structure for table `supplier_company`
--

DROP TABLE IF EXISTS `supplier_company`;
/*!40101 SET @saved_cs_client     = @@character_set_client */;
 SET character_set_client = utf8mb4 ;
CREATE TABLE `supplier_company` (
  `id` bigint(20) NOT NULL AUTO_INCREMENT,
  `id_company` bigint(20) DEFAULT NULL,
  `id_supplier` bigint(20) DEFAULT NULL,
  PRIMARY KEY (`id`)
) ENGINE=InnoDB AUTO_INCREMENT=4 DEFAULT CHARSET=utf8mb4 COLLATE=utf8mb4_0900_ai_ci;
/*!40101 SET character_set_client = @saved_cs_client */;

--
-- Dumping data for table `supplier_company`
--

LOCK TABLES `supplier_company` WRITE;
/*!40000 ALTER TABLE `supplier_company` DISABLE KEYS */;
INSERT INTO `supplier_company` VALUES (1,1,3),(2,1,1),(3,2,2);
/*!40000 ALTER TABLE `supplier_company` ENABLE KEYS */;
UNLOCK TABLES;

--
-- Table structure for table `warehouse`
--

DROP TABLE IF EXISTS `warehouse`;
/*!40101 SET @saved_cs_client     = @@character_set_client */;
 SET character_set_client = utf8mb4 ;
CREATE TABLE `warehouse` (
  `id` bigint(20) NOT NULL AUTO_INCREMENT,
  `color` varchar(255) DEFAULT NULL,
  `id_company` bigint(20) DEFAULT NULL,
  `location` varchar(255) DEFAULT NULL,
  `name` varchar(255) DEFAULT NULL,
  PRIMARY KEY (`id`)
) ENGINE=InnoDB AUTO_INCREMENT=3 DEFAULT CHARSET=utf8mb4 COLLATE=utf8mb4_0900_ai_ci;
/*!40101 SET character_set_client = @saved_cs_client */;

--
-- Dumping data for table `warehouse`
--

LOCK TABLES `warehouse` WRITE;
/*!40000 ALTER TABLE `warehouse` DISABLE KEYS */;
INSERT INTO `warehouse` VALUES (1,'#a7c6e6',1,'Vita','Mundial'),(2,'#e5eed2',1,'Miraflores','Libreria');
/*!40000 ALTER TABLE `warehouse` ENABLE KEYS */;
UNLOCK TABLES;

--
-- Table structure for table `warehouse_item_quantity`
--

DROP TABLE IF EXISTS `warehouse_item_quantity`;
/*!40101 SET @saved_cs_client     = @@character_set_client */;
 SET character_set_client = utf8mb4 ;
CREATE TABLE `warehouse_item_quantity` (
  `id` bigint(20) NOT NULL AUTO_INCREMENT,
  `id_measure` bigint(20) DEFAULT NULL,
  `hashcode` varchar(255) DEFAULT NULL,
  `id_item` bigint(20) DEFAULT NULL,
  `id_item_quantity` bigint(20) DEFAULT NULL,
  `id_warehouse` bigint(20) DEFAULT NULL,
  `last_time_modified` datetime(6) DEFAULT NULL,
  PRIMARY KEY (`id`)
) ENGINE=InnoDB AUTO_INCREMENT=1917 DEFAULT CHARSET=utf8mb4 COLLATE=utf8mb4_0900_ai_ci;
/*!40101 SET character_set_client = @saved_cs_client */;

--
-- Dumping data for table `warehouse_item_quantity`
--

LOCK TABLES `warehouse_item_quantity` WRITE;
/*!40000 ALTER TABLE `warehouse_item_quantity` DISABLE KEYS */;
INSERT INTO `warehouse_item_quantity` VALUES (1,4,'PA101-3_hojas',1,1,1,NULL),(2,4,'PA101-2_hojas',2,2,1,NULL),(3,4,'PA100_hojas',3,3,1,NULL),(4,4,'PA104-1_hojas',4,4,1,NULL),(5,4,'PA104-2_hojas',5,5,1,NULL),(6,4,'PA102-1_hojas',6,6,1,NULL),(7,4,'PA103-2_hojas',7,7,1,NULL),(8,4,'PA103-1_hojas',8,8,1,NULL),(9,4,'PA105-3_hojas',9,9,1,NULL),(10,4,'PA105-1_hojas',10,10,1,NULL),(11,4,'PA105-2_hojas',11,11,1,NULL),(12,5,'PA1050_paq',12,12,1,NULL),(13,5,'PA105C_paq',13,13,1,NULL),(14,4,'PA106-3_hojas',14,14,1,NULL),(15,4,'PA106-1_hojas',15,15,1,NULL),(16,4,'PA107-3_hojas',16,16,1,NULL),(17,4,'PA107-1_hojas',17,17,1,NULL),(18,4,'PA108_hojas',18,18,1,NULL),(19,4,'CA100-1_hojas',19,19,1,NULL),(20,4,'CA100_hojas',20,20,1,NULL),(21,4,'CA101-3_hojas',21,21,1,NULL),(22,4,'CA101-1_hojas',22,22,1,NULL),(23,4,'CA101-2_hojas',23,23,1,NULL),(24,4,'CA102-3_hojas',24,24,1,NULL),(25,4,'CA102-1_hojas',25,25,1,NULL),(26,4,'PA109_hojas',26,26,1,NULL),(27,4,'PA110_hojas',27,27,1,NULL),(28,4,'PA111-A_hojas',28,28,1,NULL),(29,4,'PA111-B_hojas',29,29,1,NULL),(30,4,'PA112_hojas',30,30,1,NULL),(31,4,'PA113_hojas',31,31,1,NULL),(32,4,'CA103-A_hojas',32,32,1,NULL),(33,4,'CA103-B_hojas',33,33,1,NULL),(34,4,'PA114_hojas',34,34,1,NULL),(35,4,'PA115_hojas',35,35,1,NULL),(36,4,'PA116_hojas',36,36,1,NULL),(37,4,'PA117_hojas',37,37,1,NULL),(38,4,'PA118_hojas',38,38,1,NULL),(39,4,'PA119_hojas',39,39,1,NULL),(40,4,'PA120_hojas',40,40,1,NULL),(41,4,'PA121_hojas',41,41,1,NULL),(42,4,'PA122-3_hojas',42,42,1,NULL),(43,5,'PA122-1_paq',43,43,1,NULL),(44,4,'PA122-251_hojas',44,44,1,NULL),(45,5,'PA122-2_paq',45,45,1,NULL),(46,4,'PA122-252_hojas',46,46,1,NULL),(47,5,'PA122-4A_paq',47,47,1,NULL),(48,4,'PA122-25A4_hojas',48,48,1,NULL),(49,5,'PA123-1_paq',49,49,1,NULL),(50,4,'PA123-251_hojas',50,50,1,NULL),(51,5,'PA123-2_paq',51,51,1,NULL),(52,4,'PA123-252_hojas',52,52,1,NULL),(53,4,'PA124-251_hojas',53,53,1,NULL),(54,4,'PA124-252_hojas',54,54,1,NULL),(55,4,'CA104-1_hojas',55,55,1,NULL),(56,4,'CA104-2_hojas',56,56,1,NULL),(57,4,'CA105-1_hojas',57,57,1,NULL),(58,5,'PA125_paq',58,58,1,NULL),(59,4,'PA126-D_hojas',59,59,1,NULL),(60,6,'PA126-B_Set',60,60,1,NULL),(61,4,'PA126-C_hojas',61,61,1,NULL),(62,4,'PA126-A_hojas',62,62,1,NULL),(63,4,'PA127_hojas',63,63,1,NULL),(64,7,'PA128_block',64,64,1,NULL),(65,5,'PA129-A_paq',65,65,1,NULL),(66,5,'PA129-B_paq',66,66,1,NULL),(67,7,'PA130-2_block',67,67,1,NULL),(68,7,'PA130-1_block',68,68,1,NULL),(69,7,'PA130-2E_block',69,69,1,NULL),(70,7,'PA130-1E_block',70,70,1,NULL),(71,7,'PA130_block',71,71,1,NULL),(72,5,'PA131_paq',72,72,1,NULL),(73,4,'PA131-25_hojas',73,73,1,NULL),(74,5,'PA131-E_paq',74,74,1,NULL),(75,4,'PA131-25E_hojas',75,75,1,NULL),(76,5,'PA131-B_paq',76,76,1,NULL),(77,4,'PA131-25B_hojas',77,77,1,NULL),(78,5,'PA131-R_paq',78,78,1,NULL),(79,4,'PA131-25R_hojas',79,79,1,NULL),(80,5,'PA131-C_paq',80,80,1,NULL),(81,4,'PA131-25C_hojas',81,81,1,NULL),(82,5,'PA131-G_paq',82,82,1,NULL),(83,4,'PA131-25G_hojas',83,83,1,NULL),(84,8,'PA132_rollos',84,84,1,NULL),(85,9,'PO100_mts',85,85,1,NULL),(86,9,'PO101_mts',86,86,1,NULL),(87,4,'PA133-F_hojas',87,87,1,NULL),(88,8,'PA134-D_rollos',88,88,1,NULL),(89,10,'CU200-G_unid.',89,89,1,NULL),(90,10,'CU202-2T_unid.',90,90,1,NULL),(91,10,'CU202-2LE_unid.',91,91,1,NULL),(92,10,'CU202-2TC_unid.',92,92,1,NULL),(93,10,'CU202-2G_unid.',93,93,1,NULL),(94,10,'CU202-2T3D_unid.',94,94,1,NULL),(95,10,'CU202-2T200_unid.',95,95,1,NULL),(96,10,'CU202-2HB_unid.',96,96,1,NULL),(97,10,'CU202-2E_unid.',97,97,1,NULL),(98,10,'CU202-2R_unid.',98,98,1,NULL),(99,10,'CU202-2TR_unid.',99,99,1,NULL),(100,10,'CU202-25B_unid.',100,100,1,NULL),(101,10,'CU202-2YC_unid.',101,101,1,NULL),(102,10,'CU202-2SBE_unid.',102,102,1,NULL),(103,10,'CU202-2CG_unid.',103,103,1,NULL),(104,10,'CU202-1T_unid.',104,104,1,NULL),(105,10,'CU202-W_unid.',105,105,1,NULL),(106,10,'CU202-T_unid.',106,106,1,NULL),(107,10,'CU202-LE_unid.',107,107,1,NULL),(108,10,'CU202-T200_unid.',108,108,1,NULL),(109,10,'CU202-E_unid.',109,109,1,NULL),(110,10,'CU202-EL_unid.',110,110,1,NULL),(111,10,'CU202-SB_unid.',111,111,1,NULL),(112,10,'CU202-YC_unid.',112,112,1,NULL),(113,10,'CU202-ES_unid.',113,113,1,NULL),(114,10,'CU202-50_unid.',114,114,1,NULL),(115,10,'LB100-SB_unid.',115,115,1,NULL),(116,10,'LB100-ABCC_unid.',116,116,1,NULL),(117,10,'LB100-ABC_unid.',117,117,1,NULL),(118,10,'CU202-2CL_unid.',118,118,1,NULL),(119,10,'CU202-2W_unid.',119,119,1,NULL),(120,10,'AG00A_unid.',120,120,1,NULL),(121,10,'AG00B_unid.',121,121,1,NULL),(122,10,'LB100-LE_unid.',122,122,1,NULL),(123,10,'AG00U_unid.',123,123,1,NULL),(124,10,'AG00P_unid.',124,124,1,NULL),(125,10,'CU202-PE_unid.',125,125,1,NULL),(126,10,'CU202-DI_unid.',126,126,1,NULL),(127,10,'CA001_unid.',127,127,1,NULL),(128,10,'CU202-CF_unid.',128,128,1,NULL),(129,10,'LB101-TC_unid.',129,129,1,NULL),(130,10,'LB102-FE_unid.',130,130,1,NULL),(131,10,'LB103-DS_unid.',131,131,1,NULL),(132,10,'LB104-D0_unid.',132,132,1,NULL),(133,11,'LB105-DA_unid',133,133,1,NULL),(134,11,'LB106-TP_unid',134,134,1,NULL),(135,11,'LB107-TM_unid',135,135,1,NULL),(136,11,'LB108-HR_unid',136,136,1,NULL),(137,11,'LB109-CE_unid',137,137,1,NULL),(138,11,'SM300-1/21_unid',138,138,1,NULL),(139,11,'SM300-2_unid',139,139,1,NULL),(140,11,'SM300-1_unid',140,140,1,NULL),(141,11,'SM300-22_unid',141,141,1,NULL),(142,11,'SM300-21_unid',142,142,1,NULL),(143,11,'CU202-CI_unid',143,143,1,NULL),(144,11,'CU202-PP_unid',144,144,1,NULL),(145,11,'LB110-FC_unid',145,145,1,NULL),(146,11,'LB111-LP_unid',146,146,1,NULL),(147,11,'LB112-DI_unid',147,147,1,NULL),(148,11,'LB113-JH_unid',148,148,1,NULL),(149,11,'LB114-CA_unid',149,149,1,NULL),(150,12,'MO001_bloc',150,150,1,NULL),(151,12,'MO04-F12_bloc',151,151,1,NULL),(152,12,'MO04-D15_bloc',152,152,1,NULL),(153,12,'MO04-12_bloc',153,153,1,NULL),(154,12,'MO04-15_bloc',154,154,1,NULL),(155,12,'MO04-20_bloc',155,155,1,NULL),(156,12,'MO04-25_bloc',156,156,1,NULL),(157,12,'MO04-1_bloc',157,157,1,NULL),(158,13,'LB115-F1_pq',158,158,1,NULL),(159,13,'LB116-F2_pq',159,159,1,NULL),(160,12,'BL117-BC_bloc',160,160,1,NULL),(161,13,'LB118-FH_pq',161,161,1,NULL),(162,11,'LB119-PR_unid',162,162,1,NULL),(163,11,'LB120-NE_unid',163,163,1,NULL),(164,11,'LB121-NV_unid',164,164,1,NULL),(165,11,'LB122-SB_unid',165,165,1,NULL),(166,11,'GE400-1B_unid',166,166,1,NULL),(167,11,'GB400-3BP_unid',167,167,1,NULL),(168,11,'GB400-1P_unid',168,168,1,NULL),(169,11,'GE400-3P_unid',169,169,1,NULL),(170,11,'GE400-3D_unid',170,170,1,NULL),(171,11,'GE400-3A_unid',171,171,1,NULL),(172,11,'GE400-3AT_unid',172,172,1,NULL),(173,6,'GE400-FI_set',173,173,1,NULL),(174,14,'GE400-PE_0',174,174,1,NULL),(175,14,'GE400-1ABC_0',175,175,1,NULL),(176,14,'GE400-5MM_0',176,176,1,NULL),(177,14,'GE400-FG_0',177,177,1,NULL),(178,13,'FO01_pq',178,178,1,NULL),(179,10,'FO02_unid.',179,179,1,NULL),(180,13,'FO03_pq',180,180,1,NULL),(181,10,'FO04_unid.',181,181,1,NULL),(182,13,'FO05_pq',182,182,1,NULL),(183,10,'FO06_unid.',183,183,1,NULL),(184,10,'F007_unid.',184,184,1,NULL),(185,10,'FO08_unid.',185,185,1,NULL),(186,10,'FO09_unid.',186,186,1,NULL),(187,10,'FO10_unid.',187,187,1,NULL),(188,10,'FO11_unid.',188,188,1,NULL),(189,10,'FO12_unid.',189,189,1,NULL),(190,10,'FO13_unid.',190,190,1,NULL),(191,10,'FO14_unid.',191,191,1,NULL),(192,10,'FO15_unid.',192,192,1,NULL),(193,10,'FO16_unid.',193,193,1,NULL),(194,10,'FO17_unid.',194,194,1,NULL),(195,10,'FO18_unid.',195,195,1,NULL),(196,10,'FO19_unid.',196,196,1,NULL),(197,10,'FO20_unid.',197,197,1,NULL),(198,10,'FO21_unid.',198,198,1,NULL),(199,10,'FO22_unid.',199,199,1,NULL),(200,10,'FO23_unid.',200,200,1,NULL),(201,10,'FO24_unid.',201,201,1,NULL),(202,10,'F025_unid.',202,202,1,NULL),(203,10,'FO26_unid.',203,203,1,NULL),(204,10,'FO27_unid.',204,204,1,NULL),(205,10,'FO28_unid.',205,205,1,NULL),(206,10,'FO29_unid.',206,206,1,NULL),(207,10,'FO30_unid.',207,207,1,NULL),(208,10,'FO31_unid.',208,208,1,NULL),(209,10,'FO32_unid.',209,209,1,NULL),(210,10,'FO33_unid.',210,210,1,NULL),(211,10,'FO34_unid.',211,211,1,NULL),(212,10,'FO35_unid.',212,212,1,NULL),(213,10,'FO36_unid.',213,213,1,NULL),(214,10,'FO37_unid.',214,214,1,NULL),(215,10,'FO38_unid.',215,215,1,NULL),(216,10,'FO39_unid.',216,216,1,NULL),(217,10,'FO40_unid.',217,217,1,NULL),(218,10,'FO50_unid.',218,218,1,NULL),(219,10,'FO51_unid.',219,219,1,NULL),(220,10,'FO52_unid.',220,220,1,NULL),(221,10,'FO53_unid.',221,221,1,NULL),(222,10,'FO54_unid.',222,222,1,NULL),(223,10,'FO55_unid.',223,223,1,NULL),(224,10,'FO56_unid.',224,224,1,NULL),(225,10,'FO57_unid.',225,225,1,NULL),(226,10,'FO58_unid.',226,226,1,NULL),(227,10,'FO59_unid.',227,227,1,NULL),(228,11,'MU001_unid',228,228,1,NULL),(229,11,'MU002_unid',229,229,1,NULL),(230,11,'MU003_unid',230,230,1,NULL),(231,11,'MU004_unid',231,231,1,NULL),(232,11,'MO05_unid',232,232,1,NULL),(233,11,'MO06_unid',233,233,1,NULL),(234,11,'MO07_unid',234,234,1,NULL),(235,11,'MO08_unid',235,235,1,NULL),(236,11,'MO09_unid',236,236,1,NULL),(237,11,'MO10_unid',237,237,1,NULL),(238,11,'MO11_unid',238,238,1,NULL),(239,11,'MO12_unid',239,239,1,NULL),(240,11,'MO13_unid',240,240,1,NULL),(241,11,'MO14_unid',241,241,1,NULL),(242,11,'MO15_unid',242,242,1,NULL),(243,11,'MO16_unid',243,243,1,NULL),(244,11,'MO17_unid',244,244,1,NULL),(245,11,'MO18_unid',245,245,1,NULL),(246,11,'MO19_unid',246,246,1,NULL),(247,11,'MO20_unid',247,247,1,NULL),(248,11,'MO21_unid',248,248,1,NULL),(249,11,'MO22_unid',249,249,1,NULL),(250,10,'PE0A_unid.',250,250,1,NULL),(251,10,'PE0B_unid.',251,251,1,NULL),(252,10,'PE0C_unid.',252,252,1,NULL),(253,10,'PE0D_unid.',253,253,1,NULL),(254,10,'PE0E_unid.',254,254,1,NULL),(255,10,'PE0F_unid.',255,255,1,NULL),(256,10,'PE0G_unid.',256,256,1,NULL),(257,10,'PE0H_unid.',257,257,1,NULL),(258,10,'PE0I_unid.',258,258,1,NULL),(259,10,'JU01_unid.',259,259,1,NULL),(260,10,'JU02_unid.',260,260,1,NULL),(261,10,'JU03_unid.',261,261,1,NULL),(262,10,'JU04_unid.',262,262,1,NULL),(263,10,'JU05_unid.',263,263,1,NULL),(264,10,'JU06_unid.',264,264,1,NULL),(265,10,'JU07_unid.',265,265,1,NULL),(266,10,'JU08_unid.',266,266,1,NULL),(267,10,'JU09_unid.',267,267,1,NULL),(268,10,'JU10_unid.',268,268,1,NULL),(269,10,'JU11_unid.',269,269,1,NULL),(270,10,'JU12_unid.',270,270,1,NULL),(271,10,'JU13_unid.',271,271,1,NULL),(272,10,'JU14_unid.',272,272,1,NULL),(273,10,'JU15_unid.',273,273,1,NULL),(274,10,'JU16_unid.',274,274,1,NULL),(275,10,'JU17_unid.',275,275,1,NULL),(276,10,'JU18_unid.',276,276,1,NULL),(277,10,'JU19_unid.',277,277,1,NULL),(278,10,'JU20_unid.',278,278,1,NULL),(279,10,'JU21_unid.',279,279,1,NULL),(280,10,'JU22_unid.',280,280,1,NULL),(281,10,'JU23_unid.',281,281,1,NULL),(282,10,'JU24_unid.',282,282,1,NULL),(283,10,'JU25_unid.',283,283,1,NULL),(284,10,'JU26_unid.',284,284,1,NULL),(285,10,'JU27_unid.',285,285,1,NULL),(286,10,'JU28_unid.',286,286,1,NULL),(287,10,'JU29_unid.',287,287,1,NULL),(288,10,'JU30_unid.',288,288,1,NULL),(289,10,'JU31_unid.',289,289,1,NULL),(290,10,'JU32_unid.',290,290,1,NULL),(291,10,'JU33_unid.',291,291,1,NULL),(292,10,'JU34_unid.',292,292,1,NULL),(293,10,'JU35_unid.',293,293,1,NULL),(294,10,'JU36_unid.',294,294,1,NULL),(295,10,'JU37_unid.',295,295,1,NULL),(296,10,'JU38_unid.',296,296,1,NULL),(297,10,'JU39_unid.',297,297,1,NULL),(298,10,'JU40_unid.',298,298,1,NULL),(299,10,'JU41_unid.',299,299,1,NULL),(300,10,'JU42M_unid.',300,300,1,NULL),(301,10,'JU42_unid.',301,301,1,NULL),(302,10,'JU43_unid.',302,302,1,NULL),(303,10,'JU44_unid.',303,303,1,NULL),(304,10,'JU45_unid.',304,304,1,NULL),(305,10,'JU46_unid.',305,305,1,NULL),(306,10,'JU47_unid.',306,306,1,NULL),(307,10,'JU48_unid.',307,307,1,NULL),(308,10,'JU49_unid.',308,308,1,NULL),(309,10,'JU50_unid.',309,309,1,NULL),(310,10,'JU51_unid.',310,310,1,NULL),(311,10,'JU52_unid.',311,311,1,NULL),(312,10,'JU53_unid.',312,312,1,NULL),(313,10,'JU54_unid.',313,313,1,NULL),(314,10,'JU55_unid.',314,314,1,NULL),(315,10,'JU56_unid.',315,315,1,NULL),(316,10,'JU57_unid.',316,316,1,NULL),(317,10,'JU58_unid.',317,317,1,NULL),(318,10,'JU59_unid.',318,318,1,NULL),(319,10,'JU60_unid.',319,319,1,NULL),(320,10,'JU61_unid.',320,320,1,NULL),(321,10,'JU62_unid.',321,321,1,NULL),(322,10,'JU63_unid.',322,322,1,NULL),(323,10,'JU64_unid.',323,323,1,NULL),(324,10,'JU65_unid.',324,324,1,NULL),(325,10,'JU66_unid.',325,325,1,NULL),(326,10,'JU67_unid.',326,326,1,NULL),(327,10,'JU68_unid.',327,327,1,NULL),(328,10,'JU69_unid.',328,328,1,NULL),(329,10,'JU70_unid.',329,329,1,NULL),(330,10,'JU71_unid.',330,330,1,NULL),(331,10,'JU72_unid.',331,331,1,NULL),(332,10,'RE01_unid.',332,332,1,NULL),(333,10,'RE02_unid.',333,333,1,NULL),(334,10,'RE03_unid.',334,334,1,NULL),(335,10,'RE04_unid.',335,335,1,NULL),(336,10,'RE05_unid.',336,336,1,NULL),(337,10,'RE06_unid.',337,337,1,NULL),(338,10,'RE07_unid.',338,338,1,NULL),(339,10,'RE08_unid.',339,339,1,NULL),(340,10,'RE09_unid.',340,340,1,NULL),(341,10,'RE10_unid.',341,341,1,NULL),(342,10,'RE11_unid.',342,342,1,NULL),(343,10,'RE12_unid.',343,343,1,NULL),(344,10,'RE13_unid.',344,344,1,NULL),(345,10,'RE14_unid.',345,345,1,NULL),(346,10,'RE15_unid.',346,346,1,NULL),(347,10,'RE16_unid.',347,347,1,NULL),(348,10,'RE17_unid.',348,348,1,NULL),(349,10,'RE18_unid.',349,349,1,NULL),(350,10,'RE19_unid.',350,350,1,NULL),(351,10,'RE20_unid.',351,351,1,NULL),(352,10,'RE21_unid.',352,352,1,NULL),(353,10,'RE22_unid.',353,353,1,NULL),(354,10,'RE23_unid.',354,354,1,NULL),(355,10,'RE24_unid.',355,355,1,NULL),(356,10,'RE25_unid.',356,356,1,NULL),(357,10,'RE26_unid.',357,357,1,NULL),(358,10,'RE27_unid.',358,358,1,NULL),(359,10,'RE28_unid.',359,359,1,NULL),(360,10,'RE28A_unid.',360,360,1,NULL),(361,10,'RE29_unid.',361,361,1,NULL),(362,10,'RE30_unid.',362,362,1,NULL),(363,10,'RE31_unid.',363,363,1,NULL),(364,10,'RE32_unid.',364,364,1,NULL),(365,10,'RE33_unid.',365,365,1,NULL),(366,10,'RE34_unid.',366,366,1,NULL),(367,10,'RE35_unid.',367,367,1,NULL),(368,10,'RE36_unid.',368,368,1,NULL),(369,10,'RE37_unid.',369,369,1,NULL),(370,10,'RE38_unid.',370,370,1,NULL),(371,10,'RE39_unid.',371,371,1,NULL),(372,10,'RE40_unid.',372,372,1,NULL),(373,10,'RE41_unid.',373,373,1,NULL),(374,10,'RE42_unid.',374,374,1,NULL),(375,10,'RE43_unid.',375,375,1,NULL),(376,10,'RE44_unid.',376,376,1,NULL),(377,10,'RE45_unid.',377,377,1,NULL),(378,10,'RE46_unid.',378,378,1,NULL),(379,10,'RE47_unid.',379,379,1,NULL),(380,10,'RE48_unid.',380,380,1,NULL),(381,10,'RE49_unid.',381,381,1,NULL),(382,10,'RE50_unid.',382,382,1,NULL),(383,10,'RE51_unid.',383,383,1,NULL),(384,10,'RE52_unid.',384,384,1,NULL),(385,10,'RE53_unid.',385,385,1,NULL),(386,10,'RE54_unid.',386,386,1,NULL),(387,10,'RE55_unid.',387,387,1,NULL),(388,10,'RE56_unid.',388,388,1,NULL),(389,10,'RE57_unid.',389,389,1,NULL),(390,10,'RE58_unid.',390,390,1,NULL),(391,10,'RE59_unid.',391,391,1,NULL),(392,10,'RE60_unid.',392,392,1,NULL),(393,10,'RE61_unid.',393,393,1,NULL),(394,10,'PL01_Unid.',394,394,1,NULL),(395,10,'PL02_Unid.',395,395,1,NULL),(396,10,'PL03_Unid.',396,396,1,NULL),(397,10,'PL04_Unid.',397,397,1,NULL),(398,10,'PL05_Unid.',398,398,1,NULL),(399,10,'PL06_Unid.',399,399,1,NULL),(400,10,'PL07_Unid.',400,400,1,NULL),(401,10,'PL08_Unid.',401,401,1,NULL),(402,10,'PL09_Unid.',402,402,1,NULL),(403,10,'PL10_Unid.',403,403,1,NULL),(404,10,'PL11_Unid.',404,404,1,NULL),(405,10,'PL12_Unid.',405,405,1,NULL),(406,10,'PL13_Unid.',406,406,1,NULL),(407,10,'PL14_Unid.',407,407,1,NULL),(408,10,'PL15_Unid.',408,408,1,NULL),(409,10,'PL16_Unid.',409,409,1,NULL),(410,10,'PL17_Unid.',410,410,1,NULL),(411,10,'PL18_Unid.',411,411,1,NULL),(412,10,'PL19_Unid.',412,412,1,NULL),(413,10,'PL20_Unid.',413,413,1,NULL),(414,10,'PL21_Unid.',414,414,1,NULL),(415,10,'PL22_Unid.',415,415,1,NULL),(416,10,'PL23_Unid.',416,416,1,NULL),(417,10,'PO01_unid.',417,417,1,NULL),(418,10,'PO02_unid.',418,418,1,NULL),(419,10,'PO03_unid.',419,419,1,NULL),(420,10,'PO04_unid.',420,420,1,NULL),(421,10,'PO05_unid.',421,421,1,NULL),(422,10,'PO06_unid.',422,422,1,NULL),(423,10,'PO07_unid.',423,423,1,NULL),(424,10,'PO08_unid.',424,424,1,NULL),(425,10,'PO09_unid.',425,425,1,NULL),(426,10,'PO10_unid.',426,426,1,NULL),(427,15,'PO11_par',427,427,1,NULL),(428,6,'PO12_set',428,428,1,NULL),(429,10,'PO13_unid.',429,429,1,NULL),(430,15,'PO14_par',430,430,1,NULL),(431,10,'PO15_unid.',431,431,1,NULL),(432,10,'PO17_unid.',432,432,1,NULL),(433,10,'PO18_unid.',433,433,1,NULL),(434,10,'PO19_unid.',434,434,1,NULL),(435,10,'PO20_unid.',435,435,1,NULL),(436,10,'PO21_unid.',436,436,1,NULL),(437,10,'PO22_unid.',437,437,1,NULL),(438,10,'PO23_unid.',438,438,1,NULL),(439,10,'PO24_unid.',439,439,1,NULL),(440,10,'PO25_unid.',440,440,1,NULL),(441,10,'BAT01_unid.',441,441,1,NULL),(442,10,'VA01_unid.',442,442,1,NULL),(443,10,'VA02_unid.',443,443,1,NULL),(444,10,'VA03_unid.',444,444,1,NULL),(445,10,'VA04_unid.',445,445,1,NULL),(446,10,'VA05_unid.',446,446,1,NULL),(447,10,'VA06_unid.',447,447,1,NULL),(448,10,'VA07_unid.',448,448,1,NULL),(449,10,'VA08_unid.',449,449,1,NULL),(450,10,'VA09_unid.',450,450,1,NULL),(451,10,'VA10_unid.',451,451,1,NULL),(452,10,'VA11_unid.',452,452,1,NULL),(453,10,'VA12_unid.',453,453,1,NULL),(454,10,'VA13_unid.',454,454,1,NULL),(455,10,'VA14_unid.',455,455,1,NULL),(456,10,'VA15_unid.',456,456,1,NULL),(457,10,'VA16_unid.',457,457,1,NULL),(458,10,'VA17_unid.',458,458,1,NULL),(459,10,'VA18_unid.',459,459,1,NULL),(460,10,'VA19_unid.',460,460,1,NULL),(461,10,'VA20_unid.',461,461,1,NULL),(462,10,'VA21_unid.',462,462,1,NULL),(463,10,'VA22_unid.',463,463,1,NULL),(464,10,'VA23_unid.',464,464,1,NULL),(465,10,'VA24_unid.',465,465,1,NULL),(466,10,'VA25_unid.',466,466,1,NULL),(467,10,'VA26_unid.',467,467,1,NULL),(468,10,'VA27_unid.',468,468,1,NULL),(469,10,'VA28_unid.',469,469,1,NULL),(470,10,'VA29_unid.',470,470,1,NULL),(471,10,'VA30_unid.',471,471,1,NULL),(472,10,'VA31_unid.',472,472,1,NULL),(473,10,'VA32_unid.',473,473,1,NULL),(474,10,'VA33_unid.',474,474,1,NULL),(475,10,'VA34_unid.',475,475,1,NULL),(476,10,'VA35_unid.',476,476,1,NULL),(477,10,'VA36_unid.',477,477,1,NULL),(478,10,'VA37_unid.',478,478,1,NULL),(479,10,'VA38_unid.',479,479,1,NULL),(480,10,'VA39_unid.',480,480,1,NULL),(481,10,'VA40_unid.',481,481,1,NULL),(482,10,'VA41_unid.',482,482,1,NULL),(483,10,'VA42_unid.',483,483,1,NULL),(484,10,'VA43_unid.',484,484,1,NULL),(485,10,'VA44_unid.',485,485,1,NULL),(486,10,'VA45_unid.',486,486,1,NULL),(487,10,'VA46_unid.',487,487,1,NULL),(488,10,'VA47_unid.',488,488,1,NULL),(489,10,'VA48_unid.',489,489,1,NULL),(490,10,'VA49_unid.',490,490,1,NULL),(491,10,'VA50_unid.',491,491,1,NULL),(492,10,'VA51_unid.',492,492,1,NULL),(493,10,'VA52_unid.',493,493,1,NULL),(494,10,'VA53_unid.',494,494,1,NULL),(495,6,'VA54_set',495,495,1,NULL),(496,6,'VA55_set',496,496,1,NULL),(497,6,'VA56_set',497,497,1,NULL),(498,6,'VA57_set',498,498,1,NULL),(499,6,'VA58_set',499,499,1,NULL),(500,10,'VA59_unid.',500,500,1,NULL),(501,6,'VA60_set',501,501,1,NULL),(502,4,'VA61_hojas',502,502,1,NULL),(503,10,'VA62_unid.',503,503,1,NULL),(504,10,'VA63_unid.',504,504,1,NULL),(505,10,'VA64_unid.',505,505,1,NULL),(506,10,'VA65_unid.',506,506,1,NULL),(507,10,'VA66A_unid.',507,507,1,NULL),(508,10,'VA66_unid.',508,508,1,NULL),(509,10,'VA67_unid.',509,509,1,NULL),(510,10,'VA68_unid.',510,510,1,NULL),(511,10,'VA69_unid.',511,511,1,NULL),(512,10,'VA70_unid.',512,512,1,NULL),(513,10,'VA71_unid.',513,513,1,NULL),(514,10,'VA72_unid.',514,514,1,NULL),(515,10,'VA73_unid.',515,515,1,NULL),(516,10,'VA74_unid.',516,516,1,NULL),(517,10,'VA75_unid.',517,517,1,NULL),(518,10,'VA76_unid.',518,518,1,NULL),(519,10,'VA77_unid.',519,519,1,NULL),(520,10,'VA78_unid.',520,520,1,NULL),(521,10,'VA79_unid.',521,521,1,NULL),(522,10,'VA80_unid.',522,522,1,NULL),(523,10,'VA81_unid.',523,523,1,NULL),(524,6,'VA82_set',524,524,1,NULL),(525,6,'VA83_set',525,525,1,NULL),(526,6,'VA84_set',526,526,1,NULL),(527,6,'VA85_set',527,527,1,NULL),(528,6,'BA86_set',528,528,1,NULL),(529,6,'VA87_set',529,529,1,NULL),(530,6,'VA89_set',530,530,1,NULL),(531,6,'VA90_set',531,531,1,NULL),(532,10,'VA91_unid.',532,532,1,NULL),(533,6,'VA92_set',533,533,1,NULL),(534,6,'VA93_set',534,534,1,NULL),(535,10,'VA94_unid.',535,535,1,NULL),(536,10,'VA95_unid.',536,536,1,NULL),(537,10,'VA96_unid.',537,537,1,NULL),(538,10,'VA97_unid.',538,538,1,NULL),(539,10,'VA98_unid.',539,539,1,NULL),(540,10,'VA99_unid.',540,540,1,NULL),(541,10,'VA100_unid.',541,541,1,NULL),(542,10,'VA101_unid.',542,542,1,NULL),(543,10,'VA102_unid.',543,543,1,NULL),(544,10,'VA103_unid.',544,544,1,NULL),(545,10,'VA104_unid.',545,545,1,NULL),(546,10,'VA105_unid.',546,546,1,NULL),(547,10,'VA106_unid.',547,547,1,NULL),(548,10,'VA107_unid.',548,548,1,NULL),(549,10,'VA108_unid.',549,549,1,NULL),(550,10,'VA109_unid.',550,550,1,NULL),(551,10,'VA110_unid.',551,551,1,NULL),(552,10,'VA112_unid.',552,552,1,NULL),(553,10,'VA113_unid.',553,553,1,NULL),(554,10,'VA114_unid.',554,554,1,NULL),(555,10,'VA115_unid.',555,555,1,NULL),(556,10,'VA116_unid.',556,556,1,NULL),(557,10,'VA117_unid.',557,557,1,NULL),(558,10,'VA118_unid.',558,558,1,NULL),(559,10,'VA119_unid.',559,559,1,NULL),(560,10,'VA120_unid.',560,560,1,NULL),(561,10,'VA121_unid.',561,561,1,NULL),(562,10,'VA122_unid.',562,562,1,NULL),(563,10,'VA123_unid.',563,563,1,NULL),(564,10,'VA124_unid.',564,564,1,NULL),(565,10,'VA125_unid.',565,565,1,NULL),(566,10,'VA126_unid.',566,566,1,NULL),(567,10,'VA127_unid.',567,567,1,NULL),(568,10,'VA128_unid.',568,568,1,NULL),(569,10,'VA129_unid.',569,569,1,NULL),(570,10,'VA130_unid.',570,570,1,NULL),(571,10,'VA131_unid.',571,571,1,NULL),(572,10,'VA132_unid.',572,572,1,NULL),(573,10,'VA133_unid.',573,573,1,NULL),(574,10,'VA134_unid.',574,574,1,NULL),(575,10,'VA135_unid.',575,575,1,NULL),(576,10,'VA136_unid.',576,576,1,NULL),(577,10,'VA137_unid.',577,577,1,NULL),(578,10,'VA138_unid.',578,578,1,NULL),(579,10,'VA139_unid.',579,579,1,NULL),(580,10,'VA140_unid.',580,580,1,NULL),(581,10,'VA141_unid.',581,581,1,NULL),(582,10,'VA142_unid.',582,582,1,NULL),(583,10,'VA143_unid.',583,583,1,NULL),(584,10,'VA144_unid.',584,584,1,NULL),(585,10,'VA145_unid.',585,585,1,NULL),(586,10,'VA146_unid.',586,586,1,NULL),(587,10,'VA147_unid.',587,587,1,NULL),(588,10,'VA148_unid.',588,588,1,NULL),(589,10,'VA149_unid.',589,589,1,NULL),(590,10,'VA150_unid.',590,590,1,NULL),(591,10,'VA151_unid.',591,591,1,NULL),(592,10,'VA152_unid.',592,592,1,NULL),(593,10,'VA153_unid.',593,593,1,NULL),(594,10,'VA154_unid.',594,594,1,NULL),(595,10,'VA155_unid.',595,595,1,NULL),(596,10,'VA156_unid.',596,596,1,NULL),(597,10,'VA157_unid.',597,597,1,NULL),(598,10,'VA158_unid.',598,598,1,NULL),(599,10,'VA159_unid.',599,599,1,NULL),(600,10,'VA160_unid.',600,600,1,NULL),(601,10,'VA161_unid.',601,601,1,NULL),(602,10,'VA162_unid.',602,602,1,NULL),(603,10,'VA163_unid.',603,603,1,NULL),(604,10,'VA164_unid.',604,604,1,NULL),(605,10,'VA165_unid.',605,605,1,NULL),(606,10,'VA166_unid.',606,606,1,NULL),(607,10,'VA167_unid.',607,607,1,NULL),(608,10,'VA168_unid.',608,608,1,NULL),(609,10,'VA169_unid.',609,609,1,NULL),(610,10,'VA170_unid.',610,610,1,NULL),(611,10,'VA171_unid.',611,611,1,NULL),(612,10,'VA172_unid.',612,612,1,NULL),(613,10,'VA173_unid.',613,613,1,NULL),(614,10,'VA174_unid.',614,614,1,NULL),(615,10,'VA175_unid.',615,615,1,NULL),(616,10,'VA176_unid.',616,616,1,NULL),(617,10,'VA177_unid.',617,617,1,NULL),(618,10,'VA178_unid.',618,618,1,NULL),(619,10,'VA179_unid.',619,619,1,NULL),(620,10,'VA180_unid.',620,620,1,NULL),(621,10,'VA181_unid.',621,621,1,NULL),(622,10,'VA182_unid.',622,622,1,NULL),(623,10,'VA183_unid.',623,623,1,NULL),(624,10,'VA184_unid.',624,624,1,NULL),(625,10,'VA185_unid.',625,625,1,NULL),(626,10,'VA186_unid.',626,626,1,NULL),(627,10,'VA187_unid.',627,627,1,NULL),(628,10,'VA188_unid.',628,628,1,NULL),(629,10,'VA189_unid.',629,629,1,NULL),(630,10,'VA190_unid.',630,630,1,NULL),(631,10,'VA191_unid.',631,631,1,NULL),(632,10,'VA192_unid.',632,632,1,NULL),(633,10,'VA193_unid.',633,633,1,NULL),(634,10,'VA194_unid.',634,634,1,NULL),(635,10,'VA195_unid.',635,635,1,NULL),(636,16,'VA196_juego',636,636,1,NULL),(637,10,'VA197_unid.',637,637,1,NULL),(638,10,'VA198_unid.',638,638,1,NULL),(639,10,'VA199_unid.',639,639,1,NULL),(640,6,'VA200_set',640,640,1,NULL),(641,6,'VA201_set',641,641,1,NULL),(642,6,'VA202_set',642,642,1,NULL),(643,6,'VA203_set',643,643,1,NULL),(644,10,'VA204_unid.',644,644,1,NULL),(645,10,'VA205_unid.',645,645,1,NULL),(646,6,'VA206_set',646,646,1,NULL),(647,10,'VA207_unid.',647,647,1,NULL),(648,10,'VA208_unid.',648,648,1,NULL),(649,10,'VA209_unid.',649,649,1,NULL),(650,10,'VA210_unid.',650,650,1,NULL),(651,10,'VA211_unid.',651,651,1,NULL),(652,10,'VA212_unid.',652,652,1,NULL),(653,10,'VA213_unid.',653,653,1,NULL),(654,10,'VA214_unid.',654,654,1,NULL),(655,10,'VA215_unid.',655,655,1,NULL),(656,10,'VA216_unid.',656,656,1,NULL),(657,10,'VA217_unid.',657,657,1,NULL),(658,10,'VA218_unid.',658,658,1,NULL),(659,10,'VA219_unid.',659,659,1,NULL),(660,10,'VA220_unid.',660,660,1,NULL),(661,10,'VA221_unid.',661,661,1,NULL),(662,10,'VA222_unid.',662,662,1,NULL),(663,10,'VA223_unid.',663,663,1,NULL),(664,10,'VA224_unid.',664,664,1,NULL),(665,10,'VA225_unid.',665,665,1,NULL),(666,10,'VA226_unid.',666,666,1,NULL),(667,10,'VA227_unid.',667,667,1,NULL),(668,10,'VA228_unid.',668,668,1,NULL),(669,10,'VA229_unid.',669,669,1,NULL),(670,10,'VA230_unid.',670,670,1,NULL),(671,10,'VA231_unid.',671,671,1,NULL),(672,10,'VA232_unid.',672,672,1,NULL),(673,10,'VA233_unid.',673,673,1,NULL),(674,10,'VA234_unid.',674,674,1,NULL),(675,10,'VA235_unid.',675,675,1,NULL),(676,10,'VA236_unid.',676,676,1,NULL),(677,10,'VA237_unid.',677,677,1,NULL),(678,10,'VA238_unid.',678,678,1,NULL),(679,10,'VA239_unid.',679,679,1,NULL),(680,10,'VA240_unid.',680,680,1,NULL),(681,10,'VA241_unid.',681,681,1,NULL),(682,10,'VA242_unid.',682,682,1,NULL),(683,6,'P7002_set',683,683,1,NULL),(684,6,'P7000_set',684,684,1,NULL),(685,6,'P5000_set',685,685,1,NULL),(686,6,'P7018_set',686,686,1,NULL),(687,6,'P9200_set',687,687,1,NULL),(688,6,'PF9006_set',688,688,1,NULL),(689,6,'P9090_set',689,689,1,NULL),(690,6,'P889_set',690,690,1,NULL),(691,17,'P6000_doc.',691,691,1,NULL),(692,17,'P8006_doc.',692,692,1,NULL),(693,17,'P6002B_doc.',693,693,1,NULL),(694,17,'PT8006_doc.',694,694,1,NULL),(695,10,'P8002A_unid.',695,695,1,NULL),(696,10,'P9000_unid.',696,696,1,NULL),(697,10,'PT9060_unid.',697,697,1,NULL),(698,10,'P9058_unid.',698,698,1,NULL),(699,10,'P9058J_unid.',699,699,1,NULL),(700,10,'1B_unid.',700,700,1,NULL),(701,10,'2B_unid.',701,701,1,NULL),(702,10,'4B_unid.',702,702,1,NULL),(703,10,'5B_unid.',703,703,1,NULL),(704,10,'6B_unid.',704,704,1,NULL),(705,10,'7B_unid.',705,705,1,NULL),(706,10,'8B_unid.',706,706,1,NULL),(707,10,'10B_unid.',707,707,1,NULL),(708,10,'P600G_unid.',708,708,1,NULL),(709,10,'1H_unid.',709,709,1,NULL),(710,10,'3H_unid.',710,710,1,NULL),(711,10,'4H_unid.',711,711,1,NULL),(712,10,'5H_unid.',712,712,1,NULL),(713,10,'6H_unid.',713,713,1,NULL),(714,10,'7H_unid.',714,714,1,NULL),(715,6,'M400S_set',715,715,1,NULL),(716,6,'M2040_set',716,716,1,NULL),(717,6,'M2223_set',717,717,1,NULL),(718,6,'C380_set',718,718,1,NULL),(719,6,'M2037_set',719,719,1,NULL),(720,6,'M2001_set',720,720,1,NULL),(721,6,'M2033_set',721,721,1,NULL),(722,6,'M2034_set',722,722,1,NULL),(723,6,'M2035_set',723,723,1,NULL),(724,6,'M2036_set',724,724,1,NULL),(725,6,'M2020S_set',725,725,1,NULL),(726,6,'PU2000S_set',726,726,1,NULL),(727,11,'5036_unid',727,727,1,NULL),(728,11,'PU2006_unid',728,728,1,NULL),(729,11,'D886_unid',729,729,1,NULL),(730,11,'D328_unid',730,730,1,NULL),(731,11,'8000B_unid',731,731,1,NULL),(732,11,'RE325_unid',732,732,1,NULL),(733,11,'RE630_unid',733,733,1,NULL),(734,11,'2098_unid',734,734,1,NULL),(735,11,'RE620S_unid',735,735,1,NULL),(736,11,'RE650_unid',736,736,1,NULL),(737,11,'RE330_unid',737,737,1,NULL),(738,11,'M5025_unid',738,738,1,NULL),(739,11,'RP075_unid',739,739,1,NULL),(740,10,'CO30_unid.',740,740,1,NULL),(741,10,'C018_unid.',741,741,1,NULL),(742,10,'GU040_unid.',742,742,1,NULL),(743,10,'GU021_unid.',743,743,1,NULL),(744,10,'GU008_unid.',744,744,1,NULL),(745,10,'P925_unid.',745,745,1,NULL),(746,10,'P309-2_unid.',746,746,1,NULL),(747,10,'P310-2_unid.',747,747,1,NULL),(748,10,'P922-07_unid.',748,748,1,NULL),(749,10,'P6032-07_unid.',749,749,1,NULL),(750,10,'P922-09_unid.',750,750,1,NULL),(751,10,'P909_unid.',751,751,1,NULL),(752,10,'P922-05_unid.',752,752,1,NULL),(753,10,'P901_unid.',753,753,1,NULL),(754,10,'P309_unid.',754,754,1,NULL),(755,10,'P310_unid.',755,755,1,NULL),(756,10,'P220_unid.',756,756,1,NULL),(757,10,'P229_unid.',757,757,1,NULL),(758,10,'P6032-05_unid.',758,758,1,NULL),(759,10,'MC02_unid.',759,759,1,NULL),(760,10,'MI20_unid.',760,760,1,NULL),(761,10,'RE09A_unid.',761,761,1,NULL),(762,10,'RE07A_unid.',762,762,1,NULL),(763,10,'RE05A_unid.',763,763,1,NULL),(764,10,'P388_unid.',764,764,1,NULL),(765,10,'101A_unid.',765,765,1,NULL),(766,10,'101_unid.',766,766,1,NULL),(767,10,'668_unid.',767,767,1,NULL),(768,10,'673_unid.',768,768,1,NULL),(769,10,'666_unid.',769,769,1,NULL),(770,10,'660_unid.',770,770,1,NULL),(771,10,'672_unid.',771,771,1,NULL),(772,10,'999_unid.',772,772,1,NULL),(773,10,'690_unid.',773,773,1,NULL),(774,11,'TD318_unid',774,774,1,NULL),(775,11,'TD317_unid',775,775,1,NULL),(776,11,'TD316_unid',776,776,1,NULL),(777,11,'G618_unid',777,777,1,NULL),(778,11,'G613_unid',778,778,1,NULL),(779,11,'G593_unid',779,779,1,NULL),(780,11,'G880_unid',780,780,1,NULL),(781,11,'G553_unid',781,781,1,NULL),(782,11,'G418_unid',782,782,1,NULL),(783,11,'MP240_unid',783,783,1,NULL),(784,11,'MP220_unid',784,784,1,NULL),(785,11,'MP250_unid',785,785,1,NULL),(786,11,'MP210_unid',786,786,1,NULL),(787,11,'SS2406_unid',787,787,1,NULL),(788,11,'SS2606_unid',788,788,1,NULL),(789,11,'SS1000_unid',789,789,1,NULL),(790,11,'XG833_unid',790,790,1,NULL),(791,11,'XG831_unid',791,791,1,NULL),(792,11,'1016_unid',792,792,1,NULL),(793,11,'DL228_unid',793,793,1,NULL),(794,11,'DL328_unid',794,794,1,NULL),(795,11,'KB001_unid',795,795,1,NULL),(796,10,'FB2013_unid.',796,796,1,NULL),(797,10,'FB2005_unid.',797,797,1,NULL),(798,10,'FB6028_unid.',798,798,1,NULL),(799,10,'FB2068_unid.',799,799,1,NULL),(800,10,'FB2082_unid.',800,800,1,NULL),(801,10,'FB2025_unid.',801,801,1,NULL),(802,10,'FB588_unid.',802,802,1,NULL),(803,10,'FB7308_unid.',803,803,1,NULL),(804,10,'FB144_unid.',804,804,1,NULL),(805,10,'FB3099_unid.',805,805,1,NULL),(806,10,'F6300_unid.',806,806,1,NULL),(807,10,'2003_unid.',807,807,1,NULL),(808,10,'FB6098C_unid.',808,808,1,NULL),(809,11,'GL725F_unid',809,809,1,NULL),(810,11,'GL501_unid',810,810,1,NULL),(811,11,'GL500_unid',811,811,1,NULL),(812,11,'GL504_unid',812,812,1,NULL),(813,11,'FR520_unid',813,813,1,NULL),(814,11,'GL947_unid',814,814,1,NULL),(815,11,'GL936_unid',815,815,1,NULL),(816,11,'1005_unid',816,816,1,NULL),(817,6,'MF498-S_set',817,817,1,NULL),(818,6,'GL512_set',818,818,1,NULL),(819,6,'GL501MS_set',819,819,1,NULL),(820,11,'F001_unid',820,820,1,NULL),(821,11,'305_unid',821,821,1,NULL),(822,11,'304_unid',822,822,1,NULL),(823,11,'TR302_unid',823,823,1,NULL),(824,11,'TR303_unid',824,824,1,NULL),(825,11,'024A_unid',825,825,1,NULL),(826,11,'TR505_unid',826,826,1,NULL),(827,11,'3010M_unid',827,827,1,NULL),(828,11,'008-0_unid',828,828,1,NULL),(829,11,'008-2_unid',829,829,1,NULL),(830,11,'008-4_unid',830,830,1,NULL),(831,11,'008-6_unid',831,831,1,NULL),(832,11,'008-8_unid',832,832,1,NULL),(833,11,'008-10_unid',833,833,1,NULL),(834,11,'008-12_unid',834,834,1,NULL),(835,11,'008-14_unid',835,835,1,NULL),(836,11,'008-16_unid',836,836,1,NULL),(837,11,'008-18_unid',837,837,1,NULL),(838,11,'008-20_unid',838,838,1,NULL),(839,11,'008-22_unid',839,839,1,NULL),(840,11,'008-24_unid',840,840,1,NULL),(841,11,'006-0_unid',841,841,1,NULL),(842,11,'006-00_unid',842,842,1,NULL),(843,11,'006-000_unid',843,843,1,NULL),(844,11,'006-2_unid',844,844,1,NULL),(845,11,'006-4_unid',845,845,1,NULL),(846,11,'006-8_unid',846,846,1,NULL),(847,11,'006-10_unid',847,847,1,NULL),(848,11,'SC098_unid',848,848,1,NULL),(849,11,'SC080_unid',849,849,1,NULL),(850,11,'SC082_unid',850,850,1,NULL),(851,11,'SC083_unid',851,851,1,NULL),(852,11,'SC010_unid',852,852,1,NULL),(853,11,'SC090_unid',853,853,1,NULL),(854,6,'PL12A_set',854,854,1,NULL),(855,6,'CYO58_set',855,855,1,NULL),(856,6,'CY068_set',856,856,1,NULL),(857,6,'CY022_set',857,857,1,NULL),(858,6,'TP986_set',858,858,1,NULL),(859,6,'TM920_set',859,859,1,NULL),(860,6,'O928_set',860,860,1,NULL),(861,6,'TM918_set',861,861,1,NULL),(862,6,'TM930_set',862,862,1,NULL),(863,6,'PD06_set',863,863,1,NULL),(864,6,'AC012_set',864,864,1,NULL),(865,10,'TJ001_unid.',865,865,1,NULL),(866,10,'TJ003_unid.',866,866,1,NULL),(867,10,'TJ005_unid.',867,867,1,NULL),(868,10,'TJ127_unid.',868,868,1,NULL),(869,10,'TJ128_unid.',869,869,1,NULL),(870,10,'CT1000_unid.',870,870,1,NULL),(871,10,'CT1001_unid.',871,871,1,NULL),(872,10,'CT1008_unid.',872,872,1,NULL),(873,10,'CP737_unid.',873,873,1,NULL),(874,10,'CP838_unid.',874,874,1,NULL),(875,10,'C948_unid.',875,875,1,NULL),(876,10,'C959_unid.',876,876,1,NULL),(877,10,'777_unid.',877,877,1,NULL),(878,10,'BM7724_unid.',878,878,1,NULL),(879,10,'BM7712_unid.',879,879,1,NULL),(880,10,'P54_unid.',880,880,1,NULL),(881,10,'PJR4_unid.',881,881,1,NULL),(882,10,'P3000_unid.',882,882,1,NULL),(883,10,'P3001_unid.',883,883,1,NULL),(884,10,'P3002_unid.',884,884,1,NULL),(885,10,'P3003_unid.',885,885,1,NULL),(886,10,'P3004_unid.',886,886,1,NULL),(887,6,'892-12_set',887,887,1,NULL),(888,6,'721-24_set',888,888,1,NULL),(889,10,'2395_unid.',889,889,1,NULL),(890,10,'7113_unid.',890,890,1,NULL),(891,10,'1501_unid.',891,891,1,NULL),(892,10,'GB-1_unid.',892,892,1,NULL),(893,10,'XY161_unid.',893,893,1,NULL),(894,10,'4370_unid.',894,894,1,NULL),(895,6,'432M_set',895,895,1,NULL),(896,6,'436-10_set',896,896,1,NULL),(897,10,'TG3462_unid.',897,897,1,NULL),(898,10,'GP2068_unid.',898,898,1,NULL),(899,10,'ZP1103_unid.',899,899,1,NULL),(900,11,'HR1165_unid',900,900,1,NULL),(901,11,'HR2117_unid',901,901,1,NULL),(902,11,'HR155_unid',902,902,1,NULL),(903,11,'HR3930_unid',903,903,1,NULL),(904,11,'HR113_unid',904,904,1,NULL),(905,11,'59_unid',905,905,1,NULL),(906,10,'UC8133_unid.',906,906,1,NULL),(907,10,'TT927_unid.',907,907,1,NULL),(908,10,'CT608_unid.',908,908,1,NULL),(909,6,'6015-12_set',909,909,1,NULL),(910,6,'516-12_set',910,910,1,NULL),(911,6,'2812-A_set',911,911,1,NULL),(912,6,'302_set',912,912,1,NULL),(913,10,'BM661_unid.',913,913,1,NULL),(914,10,'DL001_unid.',914,914,1,NULL),(915,10,'PO001_unid.',915,915,1,NULL),(916,10,'701_unid.',916,916,1,NULL),(917,6,'MC401_set',917,917,1,NULL),(918,6,'MC402_set',918,918,1,NULL),(919,6,'MC403_set',919,919,1,NULL),(920,6,'MC407_set',920,920,1,NULL),(921,6,'MC408_set',921,921,1,NULL),(922,6,'MC410_set',922,922,1,NULL),(923,10,'MC406_unid.',923,923,1,NULL),(924,10,'MC409_unid.',924,924,1,NULL),(925,10,'MC404_unid.',925,925,1,NULL),(926,10,'MC405_unid.',926,926,1,NULL),(927,10,'MC411_unid.',927,927,1,NULL),(928,10,'MC412_unid.',928,928,1,NULL),(929,6,'MM601_set',929,929,1,NULL),(930,10,'MM602_unid.',930,930,1,NULL),(931,10,'MM603_unid.',931,931,1,NULL),(932,6,'MM604_set',932,932,1,NULL),(933,10,'MR201_unid.',933,933,1,NULL),(934,11,'MB901_unid',934,934,1,NULL),(935,6,'MB902-S_set',935,935,1,NULL),(936,11,'MG801_unid',936,936,1,NULL),(937,6,'MG801-S_set',937,937,1,NULL),(938,11,'MG802_unid',938,938,1,NULL),(939,11,'MG803_unid',939,939,1,NULL),(940,11,'MG804_unid',940,940,1,NULL),(941,11,'MA501_unid',941,941,1,NULL),(942,11,'MA502_unid',942,942,1,NULL),(943,11,'NA500-01_unid',943,943,1,NULL),(944,11,'NA500-02_unid',944,944,1,NULL),(945,18,'NA500-03_pares',945,945,1,NULL),(946,11,'NA500-04_unid',946,946,1,NULL),(947,11,'NA500-05_unid',947,947,1,NULL),(948,11,'NA500-06_unid',948,948,1,NULL),(949,11,'NA500-07_unid',949,949,1,NULL),(950,11,'NA500-08_unid',950,950,1,NULL),(951,11,'NA500-09_unid',951,951,1,NULL),(952,6,'NA500-10_set',952,952,1,NULL),(953,11,'NA500-11_unid',953,953,1,NULL),(954,11,'NA500-12_unid',954,954,1,NULL),(955,11,'NA500-13_unid',955,955,1,NULL),(956,4,'PA101-3_hojas',956,956,2,NULL),(957,4,'PA101-2_hojas',957,957,2,NULL),(958,4,'PA100_hojas',958,958,2,NULL),(959,4,'PA104-1_hojas',959,959,2,NULL),(960,4,'PA104-2_hojas',960,960,2,NULL),(961,4,'PA102-1_hojas',961,961,2,NULL),(962,4,'PA103-2_hojas',962,962,2,NULL),(963,4,'PA103-1_hojas',963,963,2,NULL),(964,4,'PA105-3_hojas',964,964,2,NULL),(965,4,'PA105-1_hojas',965,965,2,NULL),(966,4,'PA105-2_hojas',966,966,2,NULL),(967,5,'PA1050_paq',967,967,2,NULL),(968,5,'PA105C_paq',968,968,2,NULL),(969,4,'PA106-3_hojas',969,969,2,NULL),(970,4,'PA106-1_hojas',970,970,2,NULL),(971,4,'PA107-3_hojas',971,971,2,NULL),(972,4,'PA107-1_hojas',972,972,2,NULL),(973,4,'PA108_hojas',973,973,2,NULL),(974,4,'CA100-1_hojas',974,974,2,NULL),(975,4,'CA100_hojas',975,975,2,NULL),(976,4,'CA101-3_hojas',976,976,2,NULL),(977,4,'CA101-1_hojas',977,977,2,NULL),(978,4,'CA101-2_hojas',978,978,2,NULL),(979,4,'CA102-3_hojas',979,979,2,NULL),(980,4,'CA102-1_hojas',980,980,2,NULL),(981,4,'PA109_hojas',981,981,2,NULL),(982,4,'PA110_hojas',982,982,2,NULL),(983,4,'PA111-A_hojas',983,983,2,NULL),(984,4,'PA111-B_hojas',984,984,2,NULL),(985,4,'PA112_hojas',985,985,2,NULL),(986,4,'PA113_hojas',986,986,2,NULL),(987,4,'CA103-A_hojas',987,987,2,NULL),(988,4,'CA103-B_hojas',988,988,2,NULL),(989,4,'PA114_hojas',989,989,2,NULL),(990,4,'PA115_hojas',990,990,2,NULL),(991,4,'PA116_hojas',991,991,2,NULL),(992,4,'PA117_hojas',992,992,2,NULL),(993,4,'PA118_hojas',993,993,2,NULL),(994,4,'PA119_hojas',994,994,2,NULL),(995,4,'PA120_hojas',995,995,2,NULL),(996,4,'PA121_hojas',996,996,2,NULL),(997,4,'PA122-3_hojas',997,997,2,NULL),(998,5,'PA122-1_paq',998,998,2,NULL),(999,4,'PA122-251_hojas',999,999,2,NULL),(1000,5,'PA122-2_paq',1000,1000,2,NULL),(1001,4,'PA122-252_hojas',1001,1001,2,NULL),(1002,5,'PA122-4A_paq',1002,1002,2,NULL),(1003,4,'PA122-25A4_hojas',1003,1003,2,NULL),(1004,5,'PA123-1_paq',1004,1004,2,NULL),(1005,4,'PA123-251_hojas',1005,1005,2,NULL),(1006,5,'PA123-2_paq',1006,1006,2,NULL),(1007,4,'PA123-252_hojas',1007,1007,2,NULL),(1008,4,'PA124-251_hojas',1008,1008,2,NULL),(1009,4,'PA124-252_hojas',1009,1009,2,NULL),(1010,4,'CA104-1_hojas',1010,1010,2,NULL),(1011,4,'CA104-2_hojas',1011,1011,2,NULL),(1012,4,'CA105-1_hojas',1012,1012,2,NULL),(1013,5,'PA125_paq',1013,1013,2,NULL),(1014,4,'PA126-D_hojas',1014,1014,2,NULL),(1015,6,'PA126-B_Set',1015,1015,2,NULL),(1016,4,'PA126-C_hojas',1016,1016,2,NULL),(1017,4,'PA126-A_hojas',1017,1017,2,NULL),(1018,4,'PA127_hojas',1018,1018,2,NULL),(1019,7,'PA128_block',1019,1019,2,NULL),(1020,5,'PA129-A_paq',1020,1020,2,NULL),(1021,5,'PA129-B_paq',1021,1021,2,NULL),(1022,7,'PA130-2_block',1022,1022,2,NULL),(1023,7,'PA130-1_block',1023,1023,2,NULL),(1024,7,'PA130-2E_block',1024,1024,2,NULL),(1025,7,'PA130-1E_block',1025,1025,2,NULL),(1026,7,'PA130_block',1026,1026,2,NULL),(1027,5,'PA131_paq',1027,1027,2,NULL),(1028,4,'PA131-25_hojas',1028,1028,2,NULL),(1029,5,'PA131-E_paq',1029,1029,2,NULL),(1030,4,'PA131-25E_hojas',1030,1030,2,NULL),(1031,5,'PA131-B_paq',1031,1031,2,NULL),(1032,4,'PA131-25B_hojas',1032,1032,2,NULL),(1033,5,'PA131-R_paq',1033,1033,2,NULL),(1034,4,'PA131-25R_hojas',1034,1034,2,NULL),(1035,5,'PA131-C_paq',1035,1035,2,NULL),(1036,4,'PA131-25C_hojas',1036,1036,2,NULL),(1037,5,'PA131-G_paq',1037,1037,2,NULL),(1038,4,'PA131-25G_hojas',1038,1038,2,NULL),(1039,8,'PA132_rollos',1039,1039,2,NULL),(1040,9,'PO100_mts',1040,1040,2,NULL),(1041,9,'PO101_mts',1041,1041,2,NULL),(1042,4,'PA133-F_hojas',1042,1042,2,NULL),(1043,8,'PA134-D_rollos',1043,1043,2,NULL),(1044,10,'CU200-G_unid.',1044,1044,2,NULL),(1045,10,'CU202-2T_unid.',1045,1045,2,NULL),(1046,10,'CU202-2LE_unid.',1046,1046,2,NULL),(1047,10,'CU202-2TC_unid.',1047,1047,2,NULL),(1048,10,'CU202-2G_unid.',1048,1048,2,NULL),(1049,10,'CU202-2T3D_unid.',1049,1049,2,NULL),(1050,10,'CU202-2T200_unid.',1050,1050,2,NULL),(1051,10,'CU202-2HB_unid.',1051,1051,2,NULL),(1052,10,'CU202-2E_unid.',1052,1052,2,NULL),(1053,10,'CU202-2R_unid.',1053,1053,2,NULL),(1054,10,'CU202-2TR_unid.',1054,1054,2,NULL),(1055,10,'CU202-25B_unid.',1055,1055,2,NULL),(1056,10,'CU202-2YC_unid.',1056,1056,2,NULL),(1057,10,'CU202-2SBE_unid.',1057,1057,2,NULL),(1058,10,'CU202-2CG_unid.',1058,1058,2,NULL),(1059,10,'CU202-1T_unid.',1059,1059,2,NULL),(1060,10,'CU202-W_unid.',1060,1060,2,NULL),(1061,10,'CU202-T_unid.',1061,1061,2,NULL),(1062,10,'CU202-LE_unid.',1062,1062,2,NULL),(1063,10,'CU202-T200_unid.',1063,1063,2,NULL),(1064,10,'CU202-E_unid.',1064,1064,2,NULL),(1065,10,'CU202-EL_unid.',1065,1065,2,NULL),(1066,10,'CU202-SB_unid.',1066,1066,2,NULL),(1067,10,'CU202-YC_unid.',1067,1067,2,NULL),(1068,10,'CU202-ES_unid.',1068,1068,2,NULL),(1069,10,'CU202-50_unid.',1069,1069,2,NULL),(1070,10,'LB100-SB_unid.',1070,1070,2,NULL),(1071,10,'LB100-ABCC_unid.',1071,1071,2,NULL),(1072,10,'LB100-ABC_unid.',1072,1072,2,NULL),(1073,10,'CU202-2CL_unid.',1073,1073,2,NULL),(1074,10,'CU202-2W_unid.',1074,1074,2,NULL),(1075,10,'AG00A_unid.',1075,1075,2,NULL),(1076,10,'AG00B_unid.',1076,1076,2,NULL),(1077,10,'LB100-LE_unid.',1077,1077,2,NULL),(1078,10,'AG00U_unid.',1078,1078,2,NULL),(1079,10,'AG00P_unid.',1079,1079,2,NULL),(1080,10,'CU202-PE_unid.',1080,1080,2,NULL),(1081,10,'CU202-DI_unid.',1081,1081,2,NULL),(1082,10,'CA001_unid.',1082,1082,2,NULL),(1083,10,'CU202-CF_unid.',1083,1083,2,NULL),(1084,10,'LB101-TC_unid.',1084,1084,2,NULL),(1085,10,'LB102-FE_unid.',1085,1085,2,NULL),(1086,10,'LB103-DS_unid.',1086,1086,2,NULL),(1087,10,'LB104-D0_unid.',1087,1087,2,NULL),(1088,11,'LB105-DA_unid',1088,1088,2,NULL),(1089,11,'LB106-TP_unid',1089,1089,2,NULL),(1090,11,'LB107-TM_unid',1090,1090,2,NULL),(1091,11,'LB108-HR_unid',1091,1091,2,NULL),(1092,11,'LB109-CE_unid',1092,1092,2,NULL),(1093,11,'SM300-1/21_unid',1093,1093,2,NULL),(1094,11,'SM300-2_unid',1094,1094,2,NULL),(1095,11,'SM300-1_unid',1095,1095,2,NULL),(1096,11,'SM300-22_unid',1096,1096,2,NULL),(1097,11,'SM300-21_unid',1097,1097,2,NULL),(1098,11,'CU202-CI_unid',1098,1098,2,NULL),(1099,11,'CU202-PP_unid',1099,1099,2,NULL),(1100,11,'LB110-FC_unid',1100,1100,2,NULL),(1101,11,'LB111-LP_unid',1101,1101,2,NULL),(1102,11,'LB112-DI_unid',1102,1102,2,NULL),(1103,11,'LB113-JH_unid',1103,1103,2,NULL),(1104,11,'LB114-CA_unid',1104,1104,2,NULL),(1105,12,'MO001_bloc',1105,1105,2,NULL),(1106,12,'MO04-F12_bloc',1106,1106,2,NULL),(1107,12,'MO04-D15_bloc',1107,1107,2,NULL),(1108,12,'MO04-12_bloc',1108,1108,2,NULL),(1109,12,'MO04-15_bloc',1109,1109,2,NULL),(1110,12,'MO04-20_bloc',1110,1110,2,NULL),(1111,12,'MO04-25_bloc',1111,1111,2,NULL),(1112,12,'MO04-1_bloc',1112,1112,2,NULL),(1113,13,'LB115-F1_pq',1113,1113,2,NULL),(1114,13,'LB116-F2_pq',1114,1114,2,NULL),(1115,12,'BL117-BC_bloc',1115,1115,2,NULL),(1116,13,'LB118-FH_pq',1116,1116,2,NULL),(1117,11,'LB119-PR_unid',1117,1117,2,NULL),(1118,11,'LB120-NE_unid',1118,1118,2,NULL),(1119,11,'LB121-NV_unid',1119,1119,2,NULL),(1120,11,'LB122-SB_unid',1120,1120,2,NULL),(1121,11,'GE400-1B_unid',1121,1121,2,NULL),(1122,11,'GB400-3BP_unid',1122,1122,2,NULL),(1123,11,'GB400-1P_unid',1123,1123,2,NULL),(1124,11,'GE400-3P_unid',1124,1124,2,NULL),(1125,11,'GE400-3D_unid',1125,1125,2,NULL),(1126,11,'GE400-3A_unid',1126,1126,2,NULL),(1127,11,'GE400-3AT_unid',1127,1127,2,NULL),(1128,6,'GE400-FI_set',1128,1128,2,NULL),(1129,14,'GE400-PE_0',1129,1129,2,NULL),(1130,14,'GE400-1ABC_0',1130,1130,2,NULL),(1131,14,'GE400-5MM_0',1131,1131,2,NULL),(1132,14,'GE400-FG_0',1132,1132,2,NULL),(1133,13,'FO01_pq',1133,1133,2,NULL),(1134,10,'FO02_unid.',1134,1134,2,NULL),(1135,13,'FO03_pq',1135,1135,2,NULL),(1136,10,'FO04_unid.',1136,1136,2,NULL),(1137,13,'FO05_pq',1137,1137,2,NULL),(1138,10,'FO06_unid.',1138,1138,2,NULL),(1139,10,'F007_unid.',1139,1139,2,NULL),(1140,10,'FO08_unid.',1140,1140,2,NULL),(1141,10,'FO09_unid.',1141,1141,2,NULL),(1142,10,'FO10_unid.',1142,1142,2,NULL),(1143,10,'FO11_unid.',1143,1143,2,NULL),(1144,10,'FO12_unid.',1144,1144,2,NULL),(1145,10,'FO13_unid.',1145,1145,2,NULL),(1146,10,'FO14_unid.',1146,1146,2,NULL),(1147,10,'FO15_unid.',1147,1147,2,NULL),(1148,10,'FO16_unid.',1148,1148,2,NULL),(1149,10,'FO17_unid.',1149,1149,2,NULL),(1150,10,'FO18_unid.',1150,1150,2,NULL),(1151,10,'FO19_unid.',1151,1151,2,NULL),(1152,10,'FO20_unid.',1152,1152,2,NULL),(1153,10,'FO21_unid.',1153,1153,2,NULL),(1154,10,'FO22_unid.',1154,1154,2,NULL),(1155,10,'FO23_unid.',1155,1155,2,NULL),(1156,10,'FO24_unid.',1156,1156,2,NULL),(1157,10,'F025_unid.',1157,1157,2,NULL),(1158,10,'FO26_unid.',1158,1158,2,NULL),(1159,10,'FO27_unid.',1159,1159,2,NULL),(1160,10,'FO28_unid.',1160,1160,2,NULL),(1161,10,'FO29_unid.',1161,1161,2,NULL),(1162,10,'FO30_unid.',1162,1162,2,NULL),(1163,10,'FO31_unid.',1163,1163,2,NULL),(1164,10,'FO32_unid.',1164,1164,2,NULL),(1165,10,'FO33_unid.',1165,1165,2,NULL),(1166,10,'FO34_unid.',1166,1166,2,NULL),(1167,10,'FO35_unid.',1167,1167,2,NULL),(1168,10,'FO36_unid.',1168,1168,2,NULL),(1169,10,'FO37_unid.',1169,1169,2,NULL),(1170,10,'FO38_unid.',1170,1170,2,NULL),(1171,10,'FO39_unid.',1171,1171,2,NULL),(1172,10,'FO40_unid.',1172,1172,2,NULL),(1173,10,'FO50_unid.',1173,1173,2,NULL),(1174,10,'FO51_unid.',1174,1174,2,NULL),(1175,10,'FO52_unid.',1175,1175,2,NULL),(1176,10,'FO53_unid.',1176,1176,2,NULL),(1177,10,'FO54_unid.',1177,1177,2,NULL),(1178,10,'FO55_unid.',1178,1178,2,NULL),(1179,10,'FO56_unid.',1179,1179,2,NULL),(1180,10,'FO57_unid.',1180,1180,2,NULL),(1181,10,'FO58_unid.',1181,1181,2,NULL),(1182,10,'FO59_unid.',1182,1182,2,NULL),(1183,11,'MU001_unid',1183,1183,2,NULL),(1184,11,'MU002_unid',1184,1184,2,NULL),(1185,11,'MU003_unid',1185,1185,2,NULL),(1186,11,'MU004_unid',1186,1186,2,NULL),(1187,11,'MO05_unid',1187,1187,2,NULL),(1188,11,'MO06_unid',1188,1188,2,NULL),(1189,11,'MO07_unid',1189,1189,2,NULL),(1190,11,'MO08_unid',1190,1190,2,NULL),(1191,11,'MO09_unid',1191,1191,2,NULL),(1192,11,'MO10_unid',1192,1192,2,NULL),(1193,11,'MO11_unid',1193,1193,2,NULL),(1194,11,'MO12_unid',1194,1194,2,NULL),(1195,11,'MO13_unid',1195,1195,2,NULL),(1196,11,'MO14_unid',1196,1196,2,NULL),(1197,11,'MO15_unid',1197,1197,2,NULL),(1198,11,'MO16_unid',1198,1198,2,NULL),(1199,11,'MO17_unid',1199,1199,2,NULL),(1200,11,'MO18_unid',1200,1200,2,NULL),(1201,11,'MO19_unid',1201,1201,2,NULL),(1202,11,'MO20_unid',1202,1202,2,NULL),(1203,11,'MO21_unid',1203,1203,2,NULL),(1204,11,'MO22_unid',1204,1204,2,NULL),(1205,10,'PE0A_unid.',1205,1205,2,NULL),(1206,10,'PE0B_unid.',1206,1206,2,NULL),(1207,10,'PE0C_unid.',1207,1207,2,NULL),(1208,10,'PE0D_unid.',1208,1208,2,NULL),(1209,10,'PE0E_unid.',1209,1209,2,NULL),(1210,10,'PE0F_unid.',1210,1210,2,NULL),(1211,10,'PE0G_unid.',1211,1211,2,NULL),(1212,10,'PE0H_unid.',1212,1212,2,NULL),(1213,10,'PE0I_unid.',1213,1213,2,NULL),(1214,10,'JU01_unid.',1214,1214,2,NULL),(1215,10,'JU02_unid.',1215,1215,2,NULL),(1216,10,'JU03_unid.',1216,1216,2,NULL),(1217,10,'JU04_unid.',1217,1217,2,NULL),(1218,10,'JU05_unid.',1218,1218,2,NULL),(1219,10,'JU06_unid.',1219,1219,2,NULL),(1220,10,'JU07_unid.',1220,1220,2,NULL),(1221,10,'JU08_unid.',1221,1221,2,NULL),(1222,10,'JU09_unid.',1222,1222,2,NULL),(1223,10,'JU10_unid.',1223,1223,2,NULL),(1224,10,'JU11_unid.',1224,1224,2,NULL),(1225,10,'JU12_unid.',1225,1225,2,NULL),(1226,10,'JU13_unid.',1226,1226,2,NULL),(1227,10,'JU14_unid.',1227,1227,2,NULL),(1228,10,'JU15_unid.',1228,1228,2,NULL),(1229,10,'JU16_unid.',1229,1229,2,NULL),(1230,10,'JU17_unid.',1230,1230,2,NULL),(1231,10,'JU18_unid.',1231,1231,2,NULL),(1232,10,'JU19_unid.',1232,1232,2,NULL),(1233,10,'JU20_unid.',1233,1233,2,NULL),(1234,10,'JU21_unid.',1234,1234,2,NULL),(1235,10,'JU22_unid.',1235,1235,2,NULL),(1236,10,'JU23_unid.',1236,1236,2,NULL),(1237,10,'JU24_unid.',1237,1237,2,NULL),(1238,10,'JU25_unid.',1238,1238,2,NULL),(1239,10,'JU26_unid.',1239,1239,2,NULL),(1240,10,'JU27_unid.',1240,1240,2,NULL),(1241,10,'JU28_unid.',1241,1241,2,NULL),(1242,10,'JU29_unid.',1242,1242,2,NULL),(1243,10,'JU30_unid.',1243,1243,2,NULL),(1244,10,'JU31_unid.',1244,1244,2,NULL),(1245,10,'JU32_unid.',1245,1245,2,NULL),(1246,10,'JU33_unid.',1246,1246,2,NULL),(1247,10,'JU34_unid.',1247,1247,2,NULL),(1248,10,'JU35_unid.',1248,1248,2,NULL),(1249,10,'JU36_unid.',1249,1249,2,NULL),(1250,10,'JU37_unid.',1250,1250,2,NULL),(1251,10,'JU38_unid.',1251,1251,2,NULL),(1252,10,'JU39_unid.',1252,1252,2,NULL),(1253,10,'JU40_unid.',1253,1253,2,NULL),(1254,10,'JU41_unid.',1254,1254,2,NULL),(1255,10,'JU42M_unid.',1255,1255,2,NULL),(1256,10,'JU42_unid.',1256,1256,2,NULL),(1257,10,'JU43_unid.',1257,1257,2,NULL),(1258,10,'JU44_unid.',1258,1258,2,NULL),(1259,10,'JU45_unid.',1259,1259,2,NULL),(1260,10,'JU46_unid.',1260,1260,2,NULL),(1261,10,'JU47_unid.',1261,1261,2,NULL),(1262,10,'JU48_unid.',1262,1262,2,NULL),(1263,10,'JU49_unid.',1263,1263,2,NULL),(1264,10,'JU50_unid.',1264,1264,2,NULL),(1265,10,'JU51_unid.',1265,1265,2,NULL),(1266,10,'JU52_unid.',1266,1266,2,NULL),(1267,10,'JU53_unid.',1267,1267,2,NULL),(1268,10,'JU54_unid.',1268,1268,2,NULL),(1269,10,'JU55_unid.',1269,1269,2,NULL),(1270,10,'JU56_unid.',1270,1270,2,NULL),(1271,10,'JU57_unid.',1271,1271,2,NULL),(1272,10,'JU58_unid.',1272,1272,2,NULL),(1273,10,'JU59_unid.',1273,1273,2,NULL),(1274,10,'JU60_unid.',1274,1274,2,NULL),(1275,10,'JU61_unid.',1275,1275,2,NULL),(1276,10,'JU62_unid.',1276,1276,2,NULL),(1277,10,'JU63_unid.',1277,1277,2,NULL),(1278,10,'JU64_unid.',1278,1278,2,NULL),(1279,10,'JU65_unid.',1279,1279,2,NULL),(1280,10,'JU66_unid.',1280,1280,2,NULL),(1281,10,'JU67_unid.',1281,1281,2,NULL),(1282,10,'JU68_unid.',1282,1282,2,NULL),(1283,10,'JU69_unid.',1283,1283,2,NULL),(1284,10,'JU70_unid.',1284,1284,2,NULL),(1285,10,'JU71_unid.',1285,1285,2,NULL),(1286,10,'JU72_unid.',1286,1286,2,NULL),(1287,10,'RE01_unid.',1287,1287,2,NULL),(1288,10,'RE02_unid.',1288,1288,2,NULL),(1289,10,'RE03_unid.',1289,1289,2,NULL),(1290,10,'RE04_unid.',1290,1290,2,NULL),(1291,10,'RE05_unid.',1291,1291,2,NULL),(1292,10,'RE06_unid.',1292,1292,2,NULL),(1293,10,'RE07_unid.',1293,1293,2,NULL),(1294,10,'RE08_unid.',1294,1294,2,NULL),(1295,10,'RE09_unid.',1295,1295,2,NULL),(1296,10,'RE10_unid.',1296,1296,2,NULL),(1297,10,'RE11_unid.',1297,1297,2,NULL),(1298,10,'RE12_unid.',1298,1298,2,NULL),(1299,10,'RE13_unid.',1299,1299,2,NULL),(1300,10,'RE14_unid.',1300,1300,2,NULL),(1301,10,'RE15_unid.',1301,1301,2,NULL),(1302,10,'RE16_unid.',1302,1302,2,NULL),(1303,10,'RE17_unid.',1303,1303,2,NULL),(1304,10,'RE18_unid.',1304,1304,2,NULL),(1305,10,'RE19_unid.',1305,1305,2,NULL),(1306,10,'RE20_unid.',1306,1306,2,NULL),(1307,10,'RE21_unid.',1307,1307,2,NULL),(1308,10,'RE22_unid.',1308,1308,2,NULL),(1309,10,'RE23_unid.',1309,1309,2,NULL),(1310,10,'RE24_unid.',1310,1310,2,NULL),(1311,10,'RE25_unid.',1311,1311,2,NULL),(1312,10,'RE26_unid.',1312,1312,2,NULL),(1313,10,'RE27_unid.',1313,1313,2,NULL),(1314,10,'RE28_unid.',1314,1314,2,NULL),(1315,10,'RE28A_unid.',1315,1315,2,NULL),(1316,10,'RE29_unid.',1316,1316,2,NULL),(1317,10,'RE30_unid.',1317,1317,2,NULL),(1318,10,'RE31_unid.',1318,1318,2,NULL),(1319,10,'RE32_unid.',1319,1319,2,NULL),(1320,10,'RE33_unid.',1320,1320,2,NULL),(1321,10,'RE34_unid.',1321,1321,2,NULL),(1322,10,'RE35_unid.',1322,1322,2,NULL),(1323,10,'RE36_unid.',1323,1323,2,NULL),(1324,10,'RE37_unid.',1324,1324,2,NULL),(1325,10,'RE38_unid.',1325,1325,2,NULL),(1326,10,'RE39_unid.',1326,1326,2,NULL),(1327,10,'RE40_unid.',1327,1327,2,NULL),(1328,10,'RE41_unid.',1328,1328,2,NULL),(1329,10,'RE42_unid.',1329,1329,2,NULL),(1330,10,'RE43_unid.',1330,1330,2,NULL),(1331,10,'RE44_unid.',1331,1331,2,NULL),(1332,10,'RE45_unid.',1332,1332,2,NULL),(1333,10,'RE46_unid.',1333,1333,2,NULL),(1334,10,'RE47_unid.',1334,1334,2,NULL),(1335,10,'RE48_unid.',1335,1335,2,NULL),(1336,10,'RE49_unid.',1336,1336,2,NULL),(1337,10,'RE50_unid.',1337,1337,2,NULL),(1338,10,'RE51_unid.',1338,1338,2,NULL),(1339,10,'RE52_unid.',1339,1339,2,NULL),(1340,10,'RE53_unid.',1340,1340,2,NULL),(1341,10,'RE54_unid.',1341,1341,2,NULL),(1342,10,'RE55_unid.',1342,1342,2,NULL),(1343,10,'RE56_unid.',1343,1343,2,NULL),(1344,10,'RE57_unid.',1344,1344,2,NULL),(1345,10,'RE58_unid.',1345,1345,2,NULL),(1346,10,'RE59_unid.',1346,1346,2,NULL),(1347,10,'RE60_unid.',1347,1347,2,NULL),(1348,10,'RE61_unid.',1348,1348,2,NULL),(1349,10,'PL01_Unid.',1349,1349,2,NULL),(1350,10,'PL02_Unid.',1350,1350,2,NULL),(1351,10,'PL03_Unid.',1351,1351,2,NULL),(1352,10,'PL04_Unid.',1352,1352,2,NULL),(1353,10,'PL05_Unid.',1353,1353,2,NULL),(1354,10,'PL06_Unid.',1354,1354,2,NULL),(1355,10,'PL07_Unid.',1355,1355,2,NULL),(1356,10,'PL08_Unid.',1356,1356,2,NULL),(1357,10,'PL09_Unid.',1357,1357,2,NULL),(1358,10,'PL10_Unid.',1358,1358,2,NULL),(1359,10,'PL11_Unid.',1359,1359,2,NULL),(1360,10,'PL12_Unid.',1360,1360,2,NULL),(1361,10,'PL13_Unid.',1361,1361,2,NULL),(1362,10,'PL14_Unid.',1362,1362,2,NULL),(1363,10,'PL15_Unid.',1363,1363,2,NULL),(1364,10,'PL16_Unid.',1364,1364,2,NULL),(1365,10,'PL17_Unid.',1365,1365,2,NULL),(1366,10,'PL18_Unid.',1366,1366,2,NULL),(1367,10,'PL19_Unid.',1367,1367,2,NULL),(1368,10,'PL20_Unid.',1368,1368,2,NULL),(1369,10,'PL21_Unid.',1369,1369,2,NULL),(1370,10,'PL22_Unid.',1370,1370,2,NULL),(1371,10,'PL23_Unid.',1371,1371,2,NULL),(1372,10,'PO01_unid.',1372,1372,2,NULL),(1373,10,'PO02_unid.',1373,1373,2,NULL),(1374,10,'PO03_unid.',1374,1374,2,NULL),(1375,10,'PO04_unid.',1375,1375,2,NULL),(1376,10,'PO05_unid.',1376,1376,2,NULL),(1377,10,'PO06_unid.',1377,1377,2,NULL),(1378,10,'PO07_unid.',1378,1378,2,NULL),(1379,10,'PO08_unid.',1379,1379,2,NULL),(1380,10,'PO09_unid.',1380,1380,2,NULL),(1381,10,'PO10_unid.',1381,1381,2,NULL),(1382,15,'PO11_par',1382,1382,2,NULL),(1383,6,'PO12_set',1383,1383,2,NULL),(1384,10,'PO13_unid.',1384,1384,2,NULL),(1385,15,'PO14_par',1385,1385,2,NULL),(1386,10,'PO15_unid.',1386,1386,2,NULL),(1387,10,'PO17_unid.',1387,1387,2,NULL),(1388,10,'PO18_unid.',1388,1388,2,NULL),(1389,10,'PO19_unid.',1389,1389,2,NULL),(1390,10,'PO20_unid.',1390,1390,2,NULL),(1391,10,'PO21_unid.',1391,1391,2,NULL),(1392,10,'PO22_unid.',1392,1392,2,NULL),(1393,10,'PO23_unid.',1393,1393,2,NULL),(1394,10,'PO24_unid.',1394,1394,2,NULL),(1395,10,'PO25_unid.',1395,1395,2,NULL),(1396,10,'BAT01_unid.',1396,1396,2,NULL),(1397,10,'VA01_unid.',1397,1397,2,NULL),(1398,10,'VA02_unid.',1398,1398,2,NULL),(1399,10,'VA03_unid.',1399,1399,2,NULL),(1400,10,'VA04_unid.',1400,1400,2,NULL),(1401,10,'VA05_unid.',1401,1401,2,NULL),(1402,10,'VA06_unid.',1402,1402,2,NULL),(1403,10,'VA07_unid.',1403,1403,2,NULL),(1404,10,'VA08_unid.',1404,1404,2,NULL),(1405,10,'VA09_unid.',1405,1405,2,NULL),(1406,10,'VA10_unid.',1406,1406,2,NULL),(1407,10,'VA11_unid.',1407,1407,2,NULL),(1408,10,'VA12_unid.',1408,1408,2,NULL),(1409,10,'VA13_unid.',1409,1409,2,NULL),(1410,10,'VA14_unid.',1410,1410,2,NULL),(1411,10,'VA15_unid.',1411,1411,2,NULL),(1412,10,'VA16_unid.',1412,1412,2,NULL),(1413,10,'VA17_unid.',1413,1413,2,NULL),(1414,10,'VA18_unid.',1414,1414,2,NULL),(1415,10,'VA19_unid.',1415,1415,2,NULL),(1416,10,'VA20_unid.',1416,1416,2,NULL),(1417,10,'VA21_unid.',1417,1417,2,NULL),(1418,10,'VA22_unid.',1418,1418,2,NULL),(1419,10,'VA23_unid.',1419,1419,2,NULL),(1420,10,'VA24_unid.',1420,1420,2,NULL),(1421,10,'VA25_unid.',1421,1421,2,NULL),(1422,10,'VA26_unid.',1422,1422,2,NULL),(1423,10,'VA27_unid.',1423,1423,2,NULL),(1424,10,'VA28_unid.',1424,1424,2,NULL),(1425,10,'VA29_unid.',1425,1425,2,NULL),(1426,10,'VA30_unid.',1426,1426,2,NULL),(1427,10,'VA31_unid.',1427,1427,2,NULL),(1428,10,'VA32_unid.',1428,1428,2,NULL),(1429,10,'VA33_unid.',1429,1429,2,NULL),(1430,10,'VA34_unid.',1430,1430,2,NULL),(1431,10,'VA35_unid.',1431,1431,2,NULL),(1432,10,'VA36_unid.',1432,1432,2,NULL),(1433,10,'VA37_unid.',1433,1433,2,NULL),(1434,10,'VA38_unid.',1434,1434,2,NULL),(1435,10,'VA39_unid.',1435,1435,2,NULL),(1436,10,'VA40_unid.',1436,1436,2,NULL),(1437,10,'VA41_unid.',1437,1437,2,NULL),(1438,10,'VA42_unid.',1438,1438,2,NULL),(1439,10,'VA43_unid.',1439,1439,2,NULL),(1440,10,'VA44_unid.',1440,1440,2,NULL),(1441,10,'VA45_unid.',1441,1441,2,NULL),(1442,10,'VA46_unid.',1442,1442,2,NULL),(1443,10,'VA47_unid.',1443,1443,2,NULL),(1444,10,'VA48_unid.',1444,1444,2,NULL),(1445,10,'VA49_unid.',1445,1445,2,NULL),(1446,10,'VA50_unid.',1446,1446,2,NULL),(1447,10,'VA51_unid.',1447,1447,2,NULL),(1448,10,'VA52_unid.',1448,1448,2,NULL),(1449,10,'VA53_unid.',1449,1449,2,NULL),(1450,6,'VA54_set',1450,1450,2,NULL),(1451,6,'VA55_set',1451,1451,2,NULL),(1452,6,'VA56_set',1452,1452,2,NULL),(1453,6,'VA57_set',1453,1453,2,NULL),(1454,6,'VA58_set',1454,1454,2,NULL),(1455,10,'VA59_unid.',1455,1455,2,NULL),(1456,6,'VA60_set',1456,1456,2,NULL),(1457,4,'VA61_hojas',1457,1457,2,NULL),(1458,10,'VA62_unid.',1458,1458,2,NULL),(1459,10,'VA63_unid.',1459,1459,2,NULL),(1460,10,'VA64_unid.',1460,1460,2,NULL),(1461,10,'VA65_unid.',1461,1461,2,NULL),(1462,10,'VA66A_unid.',1462,1462,2,NULL),(1463,10,'VA66_unid.',1463,1463,2,NULL),(1464,10,'VA67_unid.',1464,1464,2,NULL),(1465,10,'VA68_unid.',1465,1465,2,NULL),(1466,10,'VA69_unid.',1466,1466,2,NULL),(1467,10,'VA70_unid.',1467,1467,2,NULL),(1468,10,'VA71_unid.',1468,1468,2,NULL),(1469,10,'VA72_unid.',1469,1469,2,NULL),(1470,10,'VA73_unid.',1470,1470,2,NULL),(1471,10,'VA74_unid.',1471,1471,2,NULL),(1472,10,'VA75_unid.',1472,1472,2,NULL),(1473,10,'VA76_unid.',1473,1473,2,NULL),(1474,10,'VA77_unid.',1474,1474,2,NULL),(1475,10,'VA78_unid.',1475,1475,2,NULL),(1476,10,'VA79_unid.',1476,1476,2,NULL),(1477,10,'VA80_unid.',1477,1477,2,NULL),(1478,10,'VA81_unid.',1478,1478,2,NULL),(1479,6,'VA82_set',1479,1479,2,NULL),(1480,6,'VA83_set',1480,1480,2,NULL),(1481,6,'VA84_set',1481,1481,2,NULL),(1482,6,'VA85_set',1482,1482,2,NULL),(1483,6,'BA86_set',1483,1483,2,NULL),(1484,6,'VA87_set',1484,1484,2,NULL),(1485,6,'VA89_set',1485,1485,2,NULL),(1486,6,'VA90_set',1486,1486,2,NULL),(1487,10,'VA91_unid.',1487,1487,2,NULL),(1488,6,'VA92_set',1488,1488,2,NULL),(1489,6,'VA93_set',1489,1489,2,NULL),(1490,10,'VA94_unid.',1490,1490,2,NULL),(1491,10,'VA95_unid.',1491,1491,2,NULL),(1492,10,'VA96_unid.',1492,1492,2,NULL),(1493,10,'VA97_unid.',1493,1493,2,NULL),(1494,10,'VA98_unid.',1494,1494,2,NULL),(1495,10,'VA99_unid.',1495,1495,2,NULL),(1496,10,'VA100_unid.',1496,1496,2,NULL),(1497,10,'VA101_unid.',1497,1497,2,NULL),(1498,10,'VA102_unid.',1498,1498,2,NULL),(1499,10,'VA103_unid.',1499,1499,2,NULL),(1500,10,'VA104_unid.',1500,1500,2,NULL),(1501,10,'VA105_unid.',1501,1501,2,NULL),(1502,10,'VA106_unid.',1502,1502,2,NULL),(1503,10,'VA107_unid.',1503,1503,2,NULL),(1504,10,'VA108_unid.',1504,1504,2,NULL),(1505,10,'VA109_unid.',1505,1505,2,NULL),(1506,10,'VA110_unid.',1506,1506,2,NULL),(1507,10,'VA112_unid.',1507,1507,2,NULL),(1508,10,'VA113_unid.',1508,1508,2,NULL),(1509,10,'VA114_unid.',1509,1509,2,NULL),(1510,10,'VA115_unid.',1510,1510,2,NULL),(1511,10,'VA116_unid.',1511,1511,2,NULL),(1512,10,'VA117_unid.',1512,1512,2,NULL),(1513,10,'VA118_unid.',1513,1513,2,NULL),(1514,10,'VA119_unid.',1514,1514,2,NULL),(1515,10,'VA120_unid.',1515,1515,2,NULL),(1516,10,'VA121_unid.',1516,1516,2,NULL),(1517,10,'VA122_unid.',1517,1517,2,NULL),(1518,10,'VA123_unid.',1518,1518,2,NULL),(1519,10,'VA124_unid.',1519,1519,2,NULL),(1520,10,'VA125_unid.',1520,1520,2,NULL),(1521,10,'VA126_unid.',1521,1521,2,NULL),(1522,10,'VA127_unid.',1522,1522,2,NULL),(1523,10,'VA128_unid.',1523,1523,2,NULL),(1524,10,'VA129_unid.',1524,1524,2,NULL),(1525,10,'VA130_unid.',1525,1525,2,NULL),(1526,10,'VA131_unid.',1526,1526,2,NULL),(1527,10,'VA132_unid.',1527,1527,2,NULL),(1528,10,'VA133_unid.',1528,1528,2,NULL),(1529,10,'VA134_unid.',1529,1529,2,NULL),(1530,10,'VA135_unid.',1530,1530,2,NULL),(1531,10,'VA136_unid.',1531,1531,2,NULL),(1532,10,'VA137_unid.',1532,1532,2,NULL),(1533,10,'VA138_unid.',1533,1533,2,NULL),(1534,10,'VA139_unid.',1534,1534,2,NULL),(1535,10,'VA140_unid.',1535,1535,2,NULL),(1536,10,'VA141_unid.',1536,1536,2,NULL),(1537,10,'VA142_unid.',1537,1537,2,NULL),(1538,10,'VA143_unid.',1538,1538,2,NULL),(1539,10,'VA144_unid.',1539,1539,2,NULL),(1540,10,'VA145_unid.',1540,1540,2,NULL),(1541,10,'VA146_unid.',1541,1541,2,NULL),(1542,10,'VA147_unid.',1542,1542,2,NULL),(1543,10,'VA148_unid.',1543,1543,2,NULL),(1544,10,'VA149_unid.',1544,1544,2,NULL),(1545,10,'VA150_unid.',1545,1545,2,NULL),(1546,10,'VA151_unid.',1546,1546,2,NULL),(1547,10,'VA152_unid.',1547,1547,2,NULL),(1548,10,'VA153_unid.',1548,1548,2,NULL),(1549,10,'VA154_unid.',1549,1549,2,NULL),(1550,10,'VA155_unid.',1550,1550,2,NULL),(1551,10,'VA156_unid.',1551,1551,2,NULL),(1552,10,'VA157_unid.',1552,1552,2,NULL),(1553,10,'VA158_unid.',1553,1553,2,NULL),(1554,10,'VA159_unid.',1554,1554,2,NULL),(1555,10,'VA160_unid.',1555,1555,2,NULL),(1556,10,'VA161_unid.',1556,1556,2,NULL),(1557,10,'VA162_unid.',1557,1557,2,NULL),(1558,10,'VA163_unid.',1558,1558,2,NULL),(1559,10,'VA164_unid.',1559,1559,2,NULL),(1560,10,'VA165_unid.',1560,1560,2,NULL),(1561,10,'VA166_unid.',1561,1561,2,NULL),(1562,10,'VA167_unid.',1562,1562,2,NULL),(1563,10,'VA168_unid.',1563,1563,2,NULL),(1564,10,'VA169_unid.',1564,1564,2,NULL),(1565,10,'VA170_unid.',1565,1565,2,NULL),(1566,10,'VA171_unid.',1566,1566,2,NULL),(1567,10,'VA172_unid.',1567,1567,2,NULL),(1568,10,'VA173_unid.',1568,1568,2,NULL),(1569,10,'VA174_unid.',1569,1569,2,NULL),(1570,10,'VA175_unid.',1570,1570,2,NULL),(1571,10,'VA176_unid.',1571,1571,2,NULL),(1572,10,'VA177_unid.',1572,1572,2,NULL),(1573,10,'VA178_unid.',1573,1573,2,NULL),(1574,10,'VA179_unid.',1574,1574,2,NULL),(1575,10,'VA180_unid.',1575,1575,2,NULL),(1576,10,'VA181_unid.',1576,1576,2,NULL),(1577,10,'VA182_unid.',1577,1577,2,NULL),(1578,10,'VA183_unid.',1578,1578,2,NULL),(1579,10,'VA184_unid.',1579,1579,2,NULL),(1580,10,'VA185_unid.',1580,1580,2,NULL),(1581,10,'VA186_unid.',1581,1581,2,NULL),(1582,10,'VA187_unid.',1582,1582,2,NULL),(1583,10,'VA188_unid.',1583,1583,2,NULL),(1584,10,'VA189_unid.',1584,1584,2,NULL),(1585,10,'VA190_unid.',1585,1585,2,NULL),(1586,10,'VA191_unid.',1586,1586,2,NULL),(1587,10,'VA192_unid.',1587,1587,2,NULL),(1588,10,'VA193_unid.',1588,1588,2,NULL),(1589,10,'VA194_unid.',1589,1589,2,NULL),(1590,10,'VA195_unid.',1590,1590,2,NULL),(1591,16,'VA196_juego',1591,1591,2,NULL),(1592,10,'VA197_unid.',1592,1592,2,NULL),(1593,10,'VA198_unid.',1593,1593,2,NULL),(1594,10,'VA199_unid.',1594,1594,2,NULL),(1595,6,'VA200_set',1595,1595,2,NULL),(1596,6,'VA201_set',1596,1596,2,NULL),(1597,6,'VA202_set',1597,1597,2,NULL),(1598,6,'VA203_set',1598,1598,2,NULL),(1599,10,'VA204_unid.',1599,1599,2,NULL),(1600,10,'VA205_unid.',1600,1600,2,NULL),(1601,6,'VA206_set',1601,1601,2,NULL),(1602,10,'VA207_unid.',1602,1602,2,NULL),(1603,10,'VA208_unid.',1603,1603,2,NULL),(1604,10,'VA209_unid.',1604,1604,2,NULL),(1605,10,'VA210_unid.',1605,1605,2,NULL),(1606,10,'VA211_unid.',1606,1606,2,NULL),(1607,10,'VA212_unid.',1607,1607,2,NULL),(1608,10,'VA213_unid.',1608,1608,2,NULL),(1609,10,'VA214_unid.',1609,1609,2,NULL),(1610,10,'VA215_unid.',1610,1610,2,NULL),(1611,10,'VA216_unid.',1611,1611,2,NULL),(1612,10,'VA217_unid.',1612,1612,2,NULL),(1613,10,'VA218_unid.',1613,1613,2,NULL),(1614,10,'VA219_unid.',1614,1614,2,NULL),(1615,10,'VA220_unid.',1615,1615,2,NULL),(1616,10,'VA221_unid.',1616,1616,2,NULL),(1617,10,'VA222_unid.',1617,1617,2,NULL),(1618,10,'VA223_unid.',1618,1618,2,NULL),(1619,10,'VA224_unid.',1619,1619,2,NULL),(1620,10,'VA225_unid.',1620,1620,2,NULL),(1621,10,'VA226_unid.',1621,1621,2,NULL),(1622,10,'VA227_unid.',1622,1622,2,NULL),(1623,10,'VA228_unid.',1623,1623,2,NULL),(1624,10,'VA229_unid.',1624,1624,2,NULL),(1625,10,'VA230_unid.',1625,1625,2,NULL),(1626,10,'VA231_unid.',1626,1626,2,NULL),(1627,10,'VA232_unid.',1627,1627,2,NULL),(1628,10,'VA233_unid.',1628,1628,2,NULL),(1629,10,'VA234_unid.',1629,1629,2,NULL),(1630,10,'VA235_unid.',1630,1630,2,NULL),(1631,10,'VA236_unid.',1631,1631,2,NULL),(1632,10,'VA237_unid.',1632,1632,2,NULL),(1633,10,'VA238_unid.',1633,1633,2,NULL),(1634,10,'VA239_unid.',1634,1634,2,NULL),(1635,10,'VA240_unid.',1635,1635,2,NULL),(1636,10,'VA241_unid.',1636,1636,2,NULL),(1637,10,'VA242_unid.',1637,1637,2,NULL),(1638,6,'P7002_set',1638,1638,2,NULL),(1639,6,'P7000_set',1639,1639,2,NULL),(1640,6,'P5000_set',1640,1640,2,NULL),(1641,6,'P7018_set',1641,1641,2,NULL),(1642,6,'P9200_set',1642,1642,2,NULL),(1643,6,'PF9006_set',1643,1643,2,NULL),(1644,6,'P9090_set',1644,1644,2,NULL),(1645,6,'P889_set',1645,1645,2,NULL),(1646,17,'P6000_doc.',1646,1646,2,NULL),(1647,17,'P8006_doc.',1647,1647,2,NULL),(1648,17,'P6002B_doc.',1648,1648,2,NULL),(1649,17,'PT8006_doc.',1649,1649,2,NULL),(1650,10,'P8002A_unid.',1650,1650,2,NULL),(1651,10,'P9000_unid.',1651,1651,2,NULL),(1652,10,'PT9060_unid.',1652,1652,2,NULL),(1653,10,'P9058_unid.',1653,1653,2,NULL),(1654,10,'P9058J_unid.',1654,1654,2,NULL),(1655,10,'1B_unid.',1655,1655,2,NULL),(1656,10,'2B_unid.',1656,1656,2,NULL),(1657,10,'4B_unid.',1657,1657,2,NULL),(1658,10,'5B_unid.',1658,1658,2,NULL),(1659,10,'6B_unid.',1659,1659,2,NULL),(1660,10,'7B_unid.',1660,1660,2,NULL),(1661,10,'8B_unid.',1661,1661,2,NULL),(1662,10,'10B_unid.',1662,1662,2,NULL),(1663,10,'P600G_unid.',1663,1663,2,NULL),(1664,10,'1H_unid.',1664,1664,2,NULL),(1665,10,'3H_unid.',1665,1665,2,NULL),(1666,10,'4H_unid.',1666,1666,2,NULL),(1667,10,'5H_unid.',1667,1667,2,NULL),(1668,10,'6H_unid.',1668,1668,2,NULL),(1669,10,'7H_unid.',1669,1669,2,NULL),(1670,6,'M400S_set',1670,1670,2,NULL),(1671,6,'M2040_set',1671,1671,2,NULL),(1672,6,'M2223_set',1672,1672,2,NULL),(1673,6,'C380_set',1673,1673,2,NULL),(1674,6,'M2037_set',1674,1674,2,NULL),(1675,6,'M2001_set',1675,1675,2,NULL),(1676,6,'M2033_set',1676,1676,2,NULL),(1677,6,'M2034_set',1677,1677,2,NULL),(1678,6,'M2035_set',1678,1678,2,NULL),(1679,6,'M2036_set',1679,1679,2,NULL),(1680,6,'M2020S_set',1680,1680,2,NULL),(1681,6,'PU2000S_set',1681,1681,2,NULL),(1682,11,'5036_unid',1682,1682,2,NULL),(1683,11,'PU2006_unid',1683,1683,2,NULL),(1684,11,'D886_unid',1684,1684,2,NULL),(1685,11,'D328_unid',1685,1685,2,NULL),(1686,11,'8000B_unid',1686,1686,2,NULL),(1687,11,'RE325_unid',1687,1687,2,NULL),(1688,11,'RE630_unid',1688,1688,2,NULL),(1689,11,'2098_unid',1689,1689,2,NULL),(1690,11,'RE620S_unid',1690,1690,2,NULL),(1691,11,'RE650_unid',1691,1691,2,NULL),(1692,11,'RE330_unid',1692,1692,2,NULL),(1693,11,'M5025_unid',1693,1693,2,NULL),(1694,11,'RP075_unid',1694,1694,2,NULL),(1695,10,'CO30_unid.',1695,1695,2,NULL),(1696,10,'C018_unid.',1696,1696,2,NULL),(1697,10,'GU040_unid.',1697,1697,2,NULL),(1698,10,'GU021_unid.',1698,1698,2,NULL),(1699,10,'GU008_unid.',1699,1699,2,NULL),(1700,10,'P925_unid.',1700,1700,2,NULL),(1701,10,'P309-2_unid.',1701,1701,2,NULL),(1702,10,'P310-2_unid.',1702,1702,2,NULL),(1703,10,'P922-07_unid.',1703,1703,2,NULL),(1704,10,'P6032-07_unid.',1704,1704,2,NULL),(1705,10,'P922-09_unid.',1705,1705,2,NULL),(1706,10,'P909_unid.',1706,1706,2,NULL),(1707,10,'P922-05_unid.',1707,1707,2,NULL),(1708,10,'P901_unid.',1708,1708,2,NULL),(1709,10,'P309_unid.',1709,1709,2,NULL),(1710,10,'P310_unid.',1710,1710,2,NULL),(1711,10,'P220_unid.',1711,1711,2,NULL),(1712,10,'P229_unid.',1712,1712,2,NULL),(1713,10,'P6032-05_unid.',1713,1713,2,NULL),(1714,10,'MC02_unid.',1714,1714,2,NULL),(1715,10,'MI20_unid.',1715,1715,2,NULL),(1716,10,'RE09A_unid.',1716,1716,2,NULL),(1717,10,'RE07A_unid.',1717,1717,2,NULL),(1718,10,'RE05A_unid.',1718,1718,2,NULL),(1719,10,'P388_unid.',1719,1719,2,NULL),(1720,10,'101A_unid.',1720,1720,2,NULL),(1721,10,'101_unid.',1721,1721,2,NULL),(1722,10,'668_unid.',1722,1722,2,NULL),(1723,10,'673_unid.',1723,1723,2,NULL),(1724,10,'666_unid.',1724,1724,2,NULL),(1725,10,'660_unid.',1725,1725,2,NULL),(1726,10,'672_unid.',1726,1726,2,NULL),(1727,10,'999_unid.',1727,1727,2,NULL),(1728,10,'690_unid.',1728,1728,2,NULL),(1729,11,'TD318_unid',1729,1729,2,NULL),(1730,11,'TD317_unid',1730,1730,2,NULL),(1731,11,'TD316_unid',1731,1731,2,NULL),(1732,11,'G618_unid',1732,1732,2,NULL),(1733,11,'G613_unid',1733,1733,2,NULL),(1734,11,'G593_unid',1734,1734,2,NULL),(1735,11,'G880_unid',1735,1735,2,NULL),(1736,11,'G553_unid',1736,1736,2,NULL),(1737,11,'G418_unid',1737,1737,2,NULL),(1738,11,'MP240_unid',1738,1738,2,NULL),(1739,11,'MP220_unid',1739,1739,2,NULL),(1740,11,'MP250_unid',1740,1740,2,NULL),(1741,11,'MP210_unid',1741,1741,2,NULL),(1742,11,'SS2406_unid',1742,1742,2,NULL),(1743,11,'SS2606_unid',1743,1743,2,NULL),(1744,11,'SS1000_unid',1744,1744,2,NULL),(1745,11,'XG833_unid',1745,1745,2,NULL),(1746,11,'XG831_unid',1746,1746,2,NULL),(1747,11,'1016_unid',1747,1747,2,NULL),(1748,11,'DL228_unid',1748,1748,2,NULL),(1749,11,'DL328_unid',1749,1749,2,NULL),(1750,11,'KB001_unid',1750,1750,2,NULL),(1751,10,'FB2013_unid.',1751,1751,2,NULL),(1752,10,'FB2005_unid.',1752,1752,2,NULL),(1753,10,'FB6028_unid.',1753,1753,2,NULL),(1754,10,'FB2068_unid.',1754,1754,2,NULL),(1755,10,'FB2082_unid.',1755,1755,2,NULL),(1756,10,'FB2025_unid.',1756,1756,2,NULL),(1757,10,'FB588_unid.',1757,1757,2,NULL),(1758,10,'FB7308_unid.',1758,1758,2,NULL),(1759,10,'FB144_unid.',1759,1759,2,NULL),(1760,10,'FB3099_unid.',1760,1760,2,NULL),(1761,10,'F6300_unid.',1761,1761,2,NULL),(1762,10,'2003_unid.',1762,1762,2,NULL),(1763,10,'FB6098C_unid.',1763,1763,2,NULL),(1764,11,'GL725F_unid',1764,1764,2,NULL),(1765,11,'GL501_unid',1765,1765,2,NULL),(1766,11,'GL500_unid',1766,1766,2,NULL),(1767,11,'GL504_unid',1767,1767,2,NULL),(1768,11,'FR520_unid',1768,1768,2,NULL),(1769,11,'GL947_unid',1769,1769,2,NULL),(1770,11,'GL936_unid',1770,1770,2,NULL),(1771,11,'1005_unid',1771,1771,2,NULL),(1772,6,'MF498-S_set',1772,1772,2,NULL),(1773,6,'GL512_set',1773,1773,2,NULL),(1774,6,'GL501MS_set',1774,1774,2,NULL),(1775,11,'F001_unid',1775,1775,2,NULL),(1776,11,'305_unid',1776,1776,2,NULL),(1777,11,'304_unid',1777,1777,2,NULL),(1778,11,'TR302_unid',1778,1778,2,NULL),(1779,11,'TR303_unid',1779,1779,2,NULL),(1780,11,'024A_unid',1780,1780,2,NULL),(1781,11,'TR505_unid',1781,1781,2,NULL),(1782,11,'3010M_unid',1782,1782,2,NULL),(1783,11,'008-0_unid',1783,1783,2,NULL),(1784,11,'008-2_unid',1784,1784,2,NULL),(1785,11,'008-4_unid',1785,1785,2,NULL),(1786,11,'008-6_unid',1786,1786,2,NULL),(1787,11,'008-8_unid',1787,1787,2,NULL),(1788,11,'008-10_unid',1788,1788,2,NULL),(1789,11,'008-12_unid',1789,1789,2,NULL),(1790,11,'008-14_unid',1790,1790,2,NULL),(1791,11,'008-16_unid',1791,1791,2,NULL),(1792,11,'008-18_unid',1792,1792,2,NULL),(1793,11,'008-20_unid',1793,1793,2,NULL),(1794,11,'008-22_unid',1794,1794,2,NULL),(1795,11,'008-24_unid',1795,1795,2,NULL),(1796,11,'006-0_unid',1796,1796,2,NULL),(1797,11,'006-00_unid',1797,1797,2,NULL),(1798,11,'006-000_unid',1798,1798,2,NULL),(1799,11,'006-2_unid',1799,1799,2,NULL),(1800,11,'006-4_unid',1800,1800,2,NULL),(1801,11,'006-8_unid',1801,1801,2,NULL),(1802,11,'006-10_unid',1802,1802,2,NULL),(1803,11,'SC098_unid',1803,1803,2,NULL),(1804,11,'SC080_unid',1804,1804,2,NULL),(1805,11,'SC082_unid',1805,1805,2,NULL),(1806,11,'SC083_unid',1806,1806,2,NULL),(1807,11,'SC010_unid',1807,1807,2,NULL),(1808,11,'SC090_unid',1808,1808,2,NULL),(1809,6,'PL12A_set',1809,1809,2,NULL),(1810,6,'CYO58_set',1810,1810,2,NULL),(1811,6,'CY068_set',1811,1811,2,NULL),(1812,6,'CY022_set',1812,1812,2,NULL),(1813,6,'TP986_set',1813,1813,2,NULL),(1814,6,'TM920_set',1814,1814,2,NULL),(1815,6,'O928_set',1815,1815,2,NULL),(1816,6,'TM918_set',1816,1816,2,NULL),(1817,6,'TM930_set',1817,1817,2,NULL),(1818,6,'PD06_set',1818,1818,2,NULL),(1819,6,'AC012_set',1819,1819,2,NULL),(1820,10,'TJ001_unid.',1820,1820,2,NULL),(1821,10,'TJ003_unid.',1821,1821,2,NULL),(1822,10,'TJ005_unid.',1822,1822,2,NULL),(1823,10,'TJ127_unid.',1823,1823,2,NULL),(1824,10,'TJ128_unid.',1824,1824,2,NULL),(1825,10,'CT1000_unid.',1825,1825,2,NULL),(1826,10,'CT1001_unid.',1826,1826,2,NULL),(1827,10,'CT1008_unid.',1827,1827,2,NULL),(1828,10,'CP737_unid.',1828,1828,2,NULL),(1829,10,'CP838_unid.',1829,1829,2,NULL),(1830,10,'C948_unid.',1830,1830,2,NULL),(1831,10,'C959_unid.',1831,1831,2,NULL),(1832,10,'777_unid.',1832,1832,2,NULL),(1833,10,'BM7724_unid.',1833,1833,2,NULL),(1834,10,'BM7712_unid.',1834,1834,2,NULL),(1835,10,'P54_unid.',1835,1835,2,NULL),(1836,10,'PJR4_unid.',1836,1836,2,NULL),(1837,10,'P3000_unid.',1837,1837,2,NULL),(1838,10,'P3001_unid.',1838,1838,2,NULL),(1839,10,'P3002_unid.',1839,1839,2,NULL),(1840,10,'P3003_unid.',1840,1840,2,NULL),(1841,10,'P3004_unid.',1841,1841,2,NULL),(1842,6,'892-12_set',1842,1842,2,NULL),(1843,6,'721-24_set',1843,1843,2,NULL),(1844,10,'2395_unid.',1844,1844,2,NULL),(1845,10,'7113_unid.',1845,1845,2,NULL),(1846,10,'1501_unid.',1846,1846,2,NULL),(1847,10,'GB-1_unid.',1847,1847,2,NULL),(1848,10,'XY161_unid.',1848,1848,2,NULL),(1849,10,'4370_unid.',1849,1849,2,NULL),(1850,6,'432M_set',1850,1850,2,NULL),(1851,6,'436-10_set',1851,1851,2,NULL),(1852,10,'TG3462_unid.',1852,1852,2,NULL),(1853,10,'GP2068_unid.',1853,1853,2,NULL),(1854,10,'ZP1103_unid.',1854,1854,2,NULL),(1855,11,'HR1165_unid',1855,1855,2,NULL),(1856,11,'HR2117_unid',1856,1856,2,NULL),(1857,11,'HR155_unid',1857,1857,2,NULL),(1858,11,'HR3930_unid',1858,1858,2,NULL),(1859,11,'HR113_unid',1859,1859,2,NULL),(1860,11,'59_unid',1860,1860,2,NULL),(1861,10,'UC8133_unid.',1861,1861,2,NULL),(1862,10,'TT927_unid.',1862,1862,2,NULL),(1863,10,'CT608_unid.',1863,1863,2,NULL),(1864,6,'6015-12_set',1864,1864,2,NULL),(1865,6,'516-12_set',1865,1865,2,NULL),(1866,6,'2812-A_set',1866,1866,2,NULL),(1867,6,'302_set',1867,1867,2,NULL),(1868,10,'BM661_unid.',1868,1868,2,NULL),(1869,10,'DL001_unid.',1869,1869,2,NULL),(1870,10,'PO001_unid.',1870,1870,2,NULL),(1871,10,'701_unid.',1871,1871,2,NULL),(1872,6,'MC401_set',1872,1872,2,NULL),(1873,6,'MC402_set',1873,1873,2,NULL),(1874,6,'MC403_set',1874,1874,2,NULL),(1875,6,'MC407_set',1875,1875,2,NULL),(1876,6,'MC408_set',1876,1876,2,NULL),(1877,6,'MC410_set',1877,1877,2,NULL),(1878,10,'MC406_unid.',1878,1878,2,NULL),(1879,10,'MC409_unid.',1879,1879,2,NULL),(1880,10,'MC404_unid.',1880,1880,2,NULL),(1881,10,'MC405_unid.',1881,1881,2,NULL),(1882,10,'MC411_unid.',1882,1882,2,NULL),(1883,10,'MC412_unid.',1883,1883,2,NULL),(1884,6,'MM601_set',1884,1884,2,NULL),(1885,10,'MM602_unid.',1885,1885,2,NULL),(1886,10,'MM603_unid.',1886,1886,2,NULL),(1887,6,'MM604_set',1887,1887,2,NULL),(1888,10,'MR201_unid.',1888,1888,2,NULL),(1889,11,'MB901_unid',1889,1889,2,NULL),(1890,6,'MB902-S_set',1890,1890,2,NULL),(1891,11,'MG801_unid',1891,1891,2,NULL),(1892,6,'MG801-S_set',1892,1892,2,NULL),(1893,11,'MG802_unid',1893,1893,2,NULL),(1894,11,'MG803_unid',1894,1894,2,NULL),(1895,11,'MG804_unid',1895,1895,2,NULL),(1896,11,'MA501_unid',1896,1896,2,NULL),(1897,11,'MA502_unid',1897,1897,2,NULL),(1898,11,'NA500-01_unid',1898,1898,2,NULL),(1899,11,'NA500-02_unid',1899,1899,2,NULL),(1900,18,'NA500-03_pares',1900,1900,2,NULL),(1901,11,'NA500-04_unid',1901,1901,2,NULL),(1902,11,'NA500-05_unid',1902,1902,2,NULL),(1903,11,'NA500-06_unid',1903,1903,2,NULL),(1904,11,'NA500-07_unid',1904,1904,2,NULL),(1905,11,'NA500-08_unid',1905,1905,2,NULL),(1906,11,'NA500-09_unid',1906,1906,2,NULL),(1907,6,'NA500-10_set',1907,1907,2,NULL),(1908,11,'NA500-11_unid',1908,1908,2,NULL),(1909,11,'NA500-12_unid',1909,1909,2,NULL),(1910,11,'NA500-13_unid',1910,1910,2,NULL),(1911,3,'Aaaaa_caja',1911,1911,1,'2020-02-01 17:43:02.253000'),(1912,17,'Aaaaa_doc.',1911,1912,2,'2020-02-01 17:43:02.260000'),(1913,17,'max_doc.',1912,1913,1,'2020-02-01 18:39:08.258000'),(1914,17,'max_doc.',1912,1914,2,'2020-02-01 18:39:08.263000'),(1915,1,'Final_unidad',1913,1915,1,'2020-02-01 18:44:28.192000'),(1916,2,'Final_bloque',1913,1916,2,'2020-02-01 18:44:28.196000');
/*!40000 ALTER TABLE `warehouse_item_quantity` ENABLE KEYS */;
UNLOCK TABLES;

--
-- Table structure for table `xlsxdocument`
--

DROP TABLE IF EXISTS `xlsxdocument`;
/*!40101 SET @saved_cs_client     = @@character_set_client */;
 SET character_set_client = utf8mb4 ;
CREATE TABLE `xlsxdocument` (
  `id` bigint(20) NOT NULL AUTO_INCREMENT,
  `id_company` bigint(20) DEFAULT NULL,
  `id_warehouse` bigint(20) DEFAULT NULL,
  `name` varchar(255) DEFAULT NULL,
  `path` varchar(255) DEFAULT NULL,
  `time` datetime(6) DEFAULT NULL,
  PRIMARY KEY (`id`)
) ENGINE=InnoDB DEFAULT CHARSET=utf8mb4 COLLATE=utf8mb4_0900_ai_ci;
/*!40101 SET character_set_client = @saved_cs_client */;

--
-- Dumping data for table `xlsxdocument`
--

LOCK TABLES `xlsxdocument` WRITE;
/*!40000 ALTER TABLE `xlsxdocument` DISABLE KEYS */;
/*!40000 ALTER TABLE `xlsxdocument` ENABLE KEYS */;
UNLOCK TABLES;
/*!40103 SET TIME_ZONE=@OLD_TIME_ZONE */;

/*!40101 SET SQL_MODE=@OLD_SQL_MODE */;
/*!40014 SET FOREIGN_KEY_CHECKS=@OLD_FOREIGN_KEY_CHECKS */;
/*!40014 SET UNIQUE_CHECKS=@OLD_UNIQUE_CHECKS */;
/*!40101 SET CHARACTER_SET_CLIENT=@OLD_CHARACTER_SET_CLIENT */;
/*!40101 SET CHARACTER_SET_RESULTS=@OLD_CHARACTER_SET_RESULTS */;
/*!40101 SET COLLATION_CONNECTION=@OLD_COLLATION_CONNECTION */;
/*!40111 SET SQL_NOTES=@OLD_SQL_NOTES */;

-- Dump completed on 2020-07-22 18:29:19
